symbol,name,gql_symbol,gql_name,exch,gics_sector,industry,qm,shares_outstanding,market_cap,price,gql_ok,suffix,tsxv_sector,drop_reason,in_universe
ONE,01 Quantum Inc.,ONE,01 Quantum Inc.,TSXV,Technology,Software & IT Services,Application Software,109536386.0,53672830.0,0.49,True,,Technology,,True
EFF,1844 Resources Inc.,EFF,1844 Resources Inc.,TSXV,Materials,Mining,Industrial Metals,142359442.0,4270784.0,0.03,True,,Mining,,True
AUMB,1911 Gold Corporation,AUMB,1911 Gold Corporation,TSXV,Materials,Mining,Gold,310788888.0,261062666.0,0.84,True,,Mining,,True
FNR,49 North Resources Inc.,FNR,49 North Resources Inc.,TSXV,Finance,Asset Management Services,Asset Management Services,166238310.0,4155958.0,0.025,True,,Diversified Industries,,True
FIVD.P,5D Acquisition Corp.,,,,,,,,,,False,P,Diversified Industries,suffix:P,False
ALAB.P,A-Labs Capital II Corp.,,,,,,,,,,False,P,Diversified Industries,suffix:P,False
ACL,A.C.L. Construction Ltd.,ACL,A.C.L. Construction Ltd.,TSXV,Industrials,Construction,Engineering & Construction Services,73522074.0,11395922.0,0.155,True,,Diversified Industries,,True
AIS,A.I.S. Resources Limited,AIS,A.I.S. Resources Limited,TSXV,Materials,Mining,Gold,49242958.0,5909155.0,0.12,True,,Mining,,True
AUAU,A2 Gold Corp.,AUAU,A2 Gold Corp.,TSXV,Materials,Mining,Gold,123901961.0,90448432.0,0.73,True,,Mining,,True
AZC.P,A2ZCryptocap Inc.,,,,,,,,,,False,P,Diversified Industries,suffix:P,False
AAAJ.P,AAJ Capital 3 Corp.,,,,,,,,,,False,P,Diversified Industries,suffix:P,False
AME,Abacus Mining & Exploration Corporation,AME,Abacus Mining & Exploration Corporation,TSXV,Materials,Mining,Industrial Metals,187456263.0,3749126.0,0.02,True,,Mining,,True
ABA,Abasca Resources Inc.,ABA,Abasca Resources Inc.,TSXV,Materials,Mining,Industrial Metals,142439512.0,12107359.0,0.085,True,,Mining,,True
ABI,Abcourt Mines Inc.,ABI,Abcourt Mines Inc.,TSXV,Materials,Mining,Gold,1218942840.0,103610142.0,0.085,True,,Mining,,True
ABM,Aben Gold Corp.,ABM,Aben Gold Corp.,TSXV,Materials,Mining,Gold,35646022.0,7307435.0,0.205,True,,Mining,,True
ABC,Absolutely Critical Resources Corp.,ABC,Absolutely Critical Resources Corp.,TSXV,Materials,Mining,Industrial Metals,37810111.0,945253.0,0.025,True,,Mining,,True
ACDC,AC/DC Battery Metals Inc.,ACDC,AC/DC Battery Metals Inc.,TSXV,Materials,Mining,Industrial Metals,51885044.0,1556552.0,0.03,True,,Mining,,True
AXE,Acceleware Ltd.,AXE,Acceleware Ltd.,TSXV,Technology,Software & IT Services,Application Software,143128849.0,13597241.0,0.095,True,,Technology,,True
ADAD.P,Adagio 2 Capital Inc.,,,,,,,,,,False,P,Diversified Industries,suffix:P,False
ADZ,Adamera Minerals Corp.,ADZ,Adamera Minerals Corp.,TSXV,Materials,Mining,Precious Metals,58447572.0,12273991.0,0.21,True,,Mining,,True
ADE,Adex Mining Inc,ADE,Adex Mining Inc.,TSXV,Materials,Mining,Industrial Metals,677211441.0,64335087.0,0.095,True,,Mining,,True
AWI,Advent-AWI Holdings Inc.,AWI,Advent-AWI Holdings Inc.,TSXV,Consumer Discretionary,Retail - Discretionary,Specialty Retailers,11935513.0,8593570.0,0.72,True,,Diversified Industries,,True
ADY,Adyton Resources Corporation,ADY,Adyton Resources Corporation,TSXV,Materials,Mining,Precious Metals,315041885.0,99238194.0,0.315,True,,Mining,,True
AEF,AE Fuels Corporation,AEF,AE Fuels Corporation,TSXV,Materials,Mining,Industrial Metals,42476376.0,6159075.0,0.145,True,,Mining,,True
ALTN,Aeonian Resources Corp.,ALTN,Aeonian Resources Corp.,TSXV,Materials,Mining,Industrial Metals,70639100.0,5651128.0,0.08,True,,Mining,,True
AFC.P,AF3 Capital Corp.,,,,,,,,,,False,P,Diversified Industries,suffix:P,False
AFE,Africa Energy Corp.,AFE,Africa Energy Corp.,TSXV,Energy,Oil & Gas Exploration and Production,Oil & Gas Exploration and Production,526162450.0,107863303.0,0.205,True,,Oil & Gas,,True
AAG,Aftermath Silver Ltd.,AAG,Aftermath Silver Ltd.,TSXV,Materials,Mining,Industrial Metals,342131113.0,260019646.0,0.76,True,,Mining,,True
AGET,AGEDB Technology Ltd.,AGET,AGEDB Technology Ltd.,TSXV,Technology,Software & IT Services,Systems Software,12736500.0,1655745.0,0.13,True,,Technology,,True
AUTO,Agereh Technologies Inc.,AUTO,Agereh Technologies Inc.,TSXV,Technology,Software & IT Services,Application Software,115341541.0,4613662.0,0.04,True,,Technology,,True
AIVC,AI Artificial Intelligence Ventures Inc.,AIVC,AI Artificial Intelligence Ventures Inc.,TSXV,Finance,Asset Management Services,Asset Management Services,32025453.0,6244964.0,0.195,True,,Diversified Industries,,True
AIME.P,AIM5 Ventures Inc.,,,,,,,,,,False,P,Diversified Industries,suffix:P,False
AIP.U,AIP Realty Trust,,,,,,,,,,False,U,Diversified Industries,suffix:U,False
IQ,AirIQ Inc,IQ,AirIQ Inc.,TSXV,Technology,Software & IT Services,Application Software,29534074.0,13881015.0,0.47,True,,Technology,,True
AISX,Aisix Solutions Inc.,AISX,Aisix Solutions Inc.,TSXV,Technology,Software & IT Services,Application Software,185750858.0,3715018.0,0.02,True,,Technology,,True
AML,Akwaaba Mining Ltd.,AML,Akwaaba Mining Ltd.,TSXV,Materials,Mining,Gold,14623092.0,1974118.0,0.135,True,,Mining,,True
AEMC,Alaska Energy Metals Corporation,AEMC,Alaska Energy Metals Corporation,TSXV,Materials,Mining,Precious Metals,227986360.0,12539250.0,0.055,True,,Mining,,True
WAM,Alaska Silver Corp.,WAM,Alaska Silver Corp.,TSXV,Materials,Mining,Precious Metals,89069150.0,61457714.0,0.69,True,,Mining,,True
ALBT.P,Albatros Acquisition Corporation Inc.,,,,,,,,,,False,P,Diversified Industries,suffix:P,False
ALCH,Alchemy Labs Inc.,ALCH,Alchemy Labs Inc.,TSXV,Materials,Chemicals,Special Chemicals,54549120.0,50730682.0,0.93,True,,Diversified Industries,,True
ALDD.P,ALDD Ventures Corp.,,,,,,,,,,False,P,Diversified Industries,suffix:P,False
ALDE,Aldebaran Resources Inc.,ALDE,Aldebaran Resources Inc.,TSXV,Materials,Mining,Industrial Metals,185442834.0,584144928.0,3.15,True,,Mining,,True
ALGR,Algo Grande Copper Corp.,ALGR,Algo Grande Copper Corp.,TSXV,Materials,Mining,Gold,42339746.0,24557053.0,0.58,True,,Mining,,True
ALM,Alliance Mining Corp.,ALM,Alliance Mining Corp.,TSXV,Materials,Mining,Gold,9174316.0,2844038.0,0.31,True,,Mining,,True
AMM,Almaden Minerals Ltd.,AMM,Almaden Minerals Ltd.,TSXV,Materials,Mining,Gold,137363181.0,34340796.0,0.25,True,,Mining,,True
DEX,Almadex Minerals Ltd.,DEX,Almadex Minerals Ltd.,TSXV,Materials,Mining,Gold,61310898.0,26057132.0,0.425,True,,Mining,,True
AORO,Aloro Mining Corp.,AORO,Aloro Mining Corp.,TSXV,Materials,Mining,Gold,57729263.0,577293.0,0.01,True,,Mining,,True
ALEX,Alpha Exploration Ltd.,ALEX,Alpha Exploration Ltd.,TSXV,Materials,Mining,Precious Metals,107760731.0,50108740.0,0.465,True,,Mining,,True
AFM,Alphamin Resources Corp.,AFM,Alphamin Resources Corp.,TSXV,Materials,Mining,Industrial Metals,1287774479.0,1918783974.0,1.49,True,,Mining,,True
GPUS,Alset AI Ventures Inc.,GPUS,Alset AI Ventures Inc.,TSXV,Technology,Software & IT Services,Application Software,21280384.0,6916125.0,0.325,True,,Technology,,True
AVX,Altair Resources Inc.,AVX,Altair Resources Inc.,TSXV,Materials,Mining,Industrial Metals,57266624.0,286334.0,0.005,True,,Mining,,True
ALTA,Altamira Gold Corp.,ALTA,Altamira Gold Corp.,TSXV,Materials,Mining,Gold,296658052.0,78614384.0,0.265,True,,Mining,,True
ALTR.P,Alterego Ventures 24 Corp.,,,,,,,,,,False,P,Diversified Industries,suffix:P,False
APN,Altiplano Metals Inc.,APN,Altiplano Metals Inc.,TSXV,Materials,Mining,Industrial Metals,177561844.0,2663428.0,0.015,True,,Mining,,True
ALTU,Altura Energy Corp.,ALTU,Altura Energy Corp.,TSXV,Energy,Oil & Gas Exploration and Production,Oil & Gas Exploration and Production,74396613.0,16739238.0,0.225,True,,Oil & Gas,,True
ALTU.WT,Altura Energy Corp. wt 08Nov2026,ALTU,Altura Energy Corp.,TSXV,Energy,Oil & Gas Exploration and Production,Oil & Gas Exploration and Production,74396613.0,16739238.0,0.225,True,WT,Oil & Gas,suffix:WT,False
ALT,Alturas Minerals Corp,ALT,Alturas Minerals Corp.,TSXV,Materials,Mining,Industrial Metals,145632143.0,2912643.0,0.02,True,,Mining,,True
AUUA,Aluula Composites Inc.,AUUA,Aluula Composites Inc.,TSXV,Consumer Discretionary,Apparel & Luxury,Fabricated Textile Products,30891911.0,108121689.0,3.5,True,,Diversified Industries,,True
ALV,Alvopetro Energy Ltd.,ALV,Alvopetro Energy Ltd.,TSXV,Energy,Oil & Gas Exploration and Production,Oil & Gas Exploration and Production,37302617.0,393542610.0,10.55,True,,Oil & Gas,,True
ALZI,Alzai Health Corp.,ALZI,Alzai Health Corp.,TSXV,Healthcare,Healthcare Providers & Services,Healthcare Information Services,65647682.0,24289643.0,0.37,True,,Life Sciences,,True
AHR,Amarc Resources Ltd.,AHR,Amarc Resources Ltd.,TSXV,Materials,Mining,Industrial Metals,225567364.0,230078712.0,1.02,True,,Mining,,True
AMYA.P,Amaya Big Sky Capital Corp.,,,,,,,,,,False,P,Diversified Industries,suffix:P,False
MEGO.P,Amego Capital Corp.,,,,,,,,,,False,P,Diversified Industries,suffix:P,False
AE,American Eagle Gold Corp.,AE,American Eagle Gold Corp.,TSXV,Materials,Mining,Gold,204922630.0,245907156.0,1.2,True,,Mining,,True
LI,American Lithium Corp.,LI,American Lithium Corp.,TSXV,Materials,Mining,Industrial Metals,255664646.0,120162384.0,0.47,True,,Mining,,True
TUNG,American Tungsten Corp,TUNG,American Tungsten Corp.,TSXV,Materials,Mining,Industrial Metals,63460612.0,122478982.0,1.93,True,,Mining,,True
AMCO,Americore Resources Corp.,AMCO,Americore Resources Corp.,TSXV,Materials,Mining,Industrial Metals,25784151.0,7864167.0,0.305,True,,Mining,,True
AMT,AmeriTrust Financial Technologies Inc.,AMT,AmeriTrust Financial Technologies Inc.,TSXV,Technology,Software & IT Services,Application Software,1067664585.0,229547886.0,0.215,True,,Technology,,True
AMX,Amex Gold Mining Inc.,AMX,Amex Gold Mining Inc.,TSXV,Materials,Mining,Gold,160621324.0,735645664.0,4.58,True,,Mining,,True
AMG.P,AMG Acquisition Corp.,,,,,,,,,,False,P,Diversified Industries,suffix:P,False
AMV.P,AMV II Capital Corporation,,,,,,,,,,False,P,Diversified Industries,suffix:P,False
ANDC,Andina Copper Corporation,ANDC,Andina Copper Corporation,TSXV,Materials,Mining,Industrial Metals,275273780.0,352350439.0,1.28,True,,Mining,,True
EESH.P,Aneesh Capital Corp.,,,,,,,,,,False,P,Diversified Industries,suffix:P,False
AEC,Anfield Energy Inc.,AEC,Anfield Energy Inc.,TSXV,Energy,Other Energy Sources,Uranium,19949976.0,117704859.0,5.9,True,,CleanTech,,True
AEC.WT,Anfield Energy Inc. wt 12May2027,AEC,Anfield Energy Inc.,TSXV,Energy,Other Energy Sources,Uranium,19949976.0,117704859.0,5.9,True,WT,CleanTech,suffix:WT,False
AWM,Angel Wing Metals Inc.,AWM,Angel Wing Metals Inc.,TSXV,Materials,Mining,Precious Metals,107932595.0,3237978.0,0.03,True,,Mining,,True
ANK,Angkor Resources Corp.,ANK,Angkor Resources Corp.,TSXV,Materials,Mining,Gold,206129782.0,80390615.0,0.39,True,,Mining,,True
AUNK.P,Ankh II Capital Inc.,,,,,,,,,,False,P,Diversified Industries,suffix:P,False
ANOR,AnorTech Inc.,ANOR,AnorTech Inc.,TSXV,Materials,Mining,Industrial Metals,201601041.0,16128084.0,0.08,True,,Mining,,True
AVII.P,Antera Ventures II Corp.,,,,,,,,,,False,P,Diversified Industries,suffix:P,False
ANTL,Antler Gold Inc.,ANTL,Antler Gold Inc.,TSXV,Materials,Mining,Gold,90830935.0,2724929.0,0.03,True,,Mining,,True
APX,Apex Resources Inc.,APX,Apex Resources Inc.,TSXV,Materials,Mining,Industrial Metals,83263874.0,8742707.0,0.105,True,,Mining,,True
APMI,Apogee Minerals Ltd.,APMI,Apogee Minerals Ltd.,TSXV,Materials,Mining,Gold,76805001.0,7680501.0,0.1,True,,Mining,,True
APGO,Apollo Silver Corp.,APGO,Apollo Silver Corp.,TSXV,Materials,Mining,Silver,63593793.0,204136076.0,3.21,True,,Mining,,True
AIV.P,Apolo IV Acquisition Corp.,,,,,,,,,,False,P,Diversified Industries,suffix:P,False
APL,Appulse Corporation,APL,Appulse Corporation,TSXV,Industrials,Industrial Goods,Specialized Industrial Machinery,14772304.0,3176046.0,0.215,True,,Diversified Industries,,True
ABR,Arbor Metals Corp.,ABR,Arbor Metals Corp.,TSXV,Materials,Mining,Industrial Metals,101248236.0,9618583.0,0.095,True,,Mining,,True
ARO,Arc Mineral Royalties Ltd.,ARO,Arc Mineral Royalties Ltd.,TSXV,Materials,Mining,Industrial Metals,65647427.0,59082685.0,0.9,True,,Mining,,True
ARCH,Arch Biopartners Inc.,ARCH,Arch Biopartners Inc.,TSXV,Healthcare,Biotechnology & Life Sciences,Biotechnology,67933289.0,70650621.0,1.04,True,,Life Sciences,,True
ACS,Archon Minerals Ltd.,ACS,Archon Minerals Limited,TSXV,Materials,Mining,Precious Metals,54416758.0,4625425.0,0.085,True,,Mining,,True
ADG,Arcus Development Group Inc.,ADG,Arcus Development Group Inc.,TSXV,Materials,Mining,Gold,21221140.0,10610570.0,0.5,True,,Mining,,True
AWX,Arcwest Exploration Inc.,AWX,Arcwest Exploration Inc.,TSXV,Materials,Mining,Industrial Metals,83506707.0,7515604.0,0.09,True,,Mining,,True
AGAG,Argenta Silver Corp.,AGAG,Argenta Silver Corp.,TSXV,Materials,Mining,Silver,290337502.0,165492377.0,0.57,True,,Mining,,True
LIT,Argentina Lithium & Energy Corp.,LIT,Argentina Lithium & Energy Corp.,TSXV,Materials,Mining,Industrial Metals,137567270.0,12381055.0,0.09,True,,Mining,,True
VLLC,Argentina Metals Corp.,VLLC,Argentina Metals Corp.,TSXV,Materials,Mining,Copper,73298343.0,27120387.0,0.37,True,,Mining,,True
ASL,Argentum Silver Corp,ASL,Argentum Silver Corp.,TSXV,Materials,Mining,Industrial Metals,51598543.0,4385877.0,0.085,True,,Mining,,True
ARGH,Argo Corporation,ARGH,Argo Corporation,TSXV,Industrials,Transportation,Road Transportation - Passengers,276181895.0,77330931.0,0.28,True,,Diversified Industries,,True
AROC.P,Argo Opportunity Corp.,,,,,,,,,,False,P,Diversified Industries,suffix:P,False
DAN,Arianne Phosphate Inc.,DAN,Arianne Phosphate Inc.,TSXV,Materials,Mining,Industrial Metals,231294326.0,80953015.0,0.35,True,,Mining,,True
AZEM,Arizona Eagle Mining Corp.,AZEM,Arizona Eagle Mining Corp.,TSXV,Materials,Mining,Industrial Metals,56858105.0,41506417.0,0.73,True,,Mining,,True
AZS,Arizona Gold & Silver Inc.,AZS,Arizona Gold & Silver Inc.,TSXV,Materials,Mining,Precious Metals,152485851.0,125038398.0,0.82,True,,Mining,,True
ARK,Arras Minerals Corp.,ARK,Arras Minerals Corp.,TSXV,Materials,Mining,Precious Metals,143514174.0,225317254.0,1.57,True,,Mining,,True
AXL,Arrow Exploration Corp.,AXL,Arrow Exploration Corp.,TSXV,Energy,Oil & Gas Exploration and Production,Oil & Gas Exploration and Production,285864348.0,171518609.0,0.6,True,,Oil & Gas,,True
ARTG,Artemis Gold Inc.,ARTG,Artemis Gold Inc.,TSXV,Materials,Mining,Gold,233215778.0,9774073256.0,41.91,True,,Mining,,True
AOCC.P,Artrari One Capital Corp.,,,,,,,,,,False,P,Diversified Industries,suffix:P,False
RBZ,Arya Resources Ltd.,RBZ,Arya Resources Ltd.,TSXV,Materials,Mining,Industrial Metals,50063779.0,16771366.0,0.335,True,,Mining,,True
ASE,Asante Gold Corporation,ASE,Asante Gold Corporation,TSXV,Materials,Mining,Gold,904549178.0,927162908.0,1.025,True,,Mining,,True
ABZ,ASIABASEMETALS INC.,ABZ,AsiaBaseMetals Inc.,TSXV,Materials,Mining,Industrial Metals,50202871.0,4267245.0,0.085,True,,Mining,,True
SAT,Asian Television Network International Ltd.,SAT,Asian Television Network International L,TSXV,Media,Traditional Media,Broadcasting,24402914.0,976117.0,0.04,True,,Diversified Industries,,True
ATOI,Asiatel Outsourcing Inc.,ATOI,Asiatel Outsourcing Inc.,TSXV,Industrials,Corporate Services,Specialized Business Services,49618500.0,6202313.0,0.125,True,,Diversified Industries,,True
ATR.P,Aster Acquisition Corp.,ATR,Aster Acquisition Corp.,TSXV,,,,6700000.0,603000.0,0.09,True,P,Diversified Industries,suffix:P,False
BAY,Aston Bay Holdings Ltd.,BAY,Aston Bay Holdings Ltd.,TSXV,Materials,Mining,Industrial Metals,252949635.0,11382734.0,0.045,True,,Mining,,True
ASTR,Astra Exploration Inc.,ASTR,Astra Exploration Inc.,TSXV,Materials,Mining,Precious Metals,137435050.0,57722721.0,0.42,True,,Mining,,True
AST,Astron Connect Inc.,AST,Astron Connect Inc.,TSXV,Consumer Staples,Consumer Products - Foods,"Canned, Frozen & Preserved Foods",30271240.0,908138.0,0.03,True,,Diversified Industries,,True
SASK,Atha Energy Corp.,SASK,Atha Energy Corp.,TSXV,Energy,Other Energy Sources,Uranium,352142434.0,426092346.0,1.21,True,,CleanTech,,True
ATY,Atico Mining Corporation,ATY,Atico Mining Corporation,TSXV,Materials,Mining,Industrial Metals,181380750.0,39903765.0,0.22,True,,Mining,,True
ATLH.P,Atlantic Horizon Capital Corp.,,,,,,,,,,False,P,Diversified Industries,suffix:P,False
ATLE,Atlas Energy Corp.,ATLE,Atlas Energy Corp.,TSXV,Energy,Oil & Gas Exploration and Production,Oil & Gas Exploration and Production,629439353.0,69238329.0,0.11,True,,Oil & Gas,,True
AEP,Atlas Engineered Products Ltd.,AEP,Atlas Engineered Products Ltd.,TSXV,Industrials,Construction,Building Products & Equipment,71642701.0,44418475.0,0.62,True,,Diversified Industries,,True
ACAP.P,Atlas One Capital Corporation,,,,,,,,,,False,P,Diversified Industries,suffix:P,False
SALT,Atlas Salt Inc.,SALT,Atlas Salt Inc.,TSXV,Materials,Mining,Industrial Metals,124801426.0,212162425.0,1.7,True,,Mining,,True
ATOM,Atomic Minerals Corporation,ATOM,Atomic Minerals Corporation,TSXV,Materials,Mining,Industrial Metals,87393302.0,2621800.0,0.03,True,,Mining,,True
AAN,Aton Resources Inc.,AAN,Aton Resources Inc.,TSXV,Materials,Mining,Gold,98754350.0,49377175.0,0.5,True,,Mining,,True
AUGC,Au Gold Corp.,AUGC,Au Gold Corp.,TSXV,Materials,Mining,Gold,58539157.0,11122440.0,0.19,True,,Mining,,True
AUM,AuMega Metals Ltd.,AUM,AuMega Metals Ltd.,TSXV,Materials,Mining,Gold,957882291.0,38315292.0,0.04,True,,Mining,,True
AUQ,AuQ Gold Mining Inc.,AUQ,AuQ Gold Mining Inc.,TSXV,Materials,Mining,Gold,22705012.0,7946755.0,0.35,True,,Mining,,True
ARU,Aurania Resources Ltd.,ARU,Aurania Resources Ltd.,TSXV,Materials,Mining,Precious Metals,140227603.0,27344383.0,0.195,True,,Mining,,True
ARU.WT.B,Aurania Resources Ltd. wt 21oct2026,ARU,Aurania Resources Ltd.,TSXV,Materials,Mining,Precious Metals,140227603.0,27344383.0,0.195,True,WT,Mining,suffix:WT,False
AURA,Auranova Resources Inc.,AURA,Auranova Resources Inc.,TSXV,Materials,Mining,Gold,77089282.0,18501428.0,0.24,True,,Mining,,True
RES,Auric Resources Corp.,RES,Auric Resources Corp.,TSXV,Materials,Mining,Industrial Metals,45032867.0,1350987.0,0.03,True,,Mining,,True
AUME,Auriginal Mining Corp.,AUME,Auriginal Mining Corp.,TSXV,Materials,Mining,Industrial Metals,264664737.0,17203208.0,0.065,True,,Mining,,True
AURO,Auro Metals Inc.,AURO,Auro Metals Inc.,TSXV,Materials,Mining,Gold,132192701.0,228693373.0,1.73,True,,Mining,,True
ACU,Aurora Solar Technologies Inc.,ACU,Aurora Solar Technologies Inc.,TSXV,Energy,Renewable Energy Producers,Solar Energy,145074725.0,725374.0,0.005,True,,CleanTech,,True
ASG,Aurora Spine Corporation,ASG,Aurora Spine Corporation,TSXV,Healthcare,Medical Equipment & Supplies,Surgical & Medical Apparatus,77219784.0,13899562.0,0.18,True,,Life Sciences,,True
ARL,Aurum Lake Mining Corporation.,ARL,Aurum Lake Mining Corporation,TSXV,Finance,Diversified Financial Services,Other Diversified Financial Services,23382500.0,1286038.0,0.055,True,,Diversified Industries,,True
ASTN.P,Auston Capital Corp.,,,,,,,,,,False,P,Diversified Industries,suffix:P,False
AGLD,Austral Gold Limited,AGLD,Austral Gold Limited,TSXV,Materials,Mining,Precious Metals,668103679.0,113577626.0,0.17,True,,Mining,,True
XX,Avante Corp.,XX,Avante Corp.,TSXV,Industrials,Corporate Services,Security Services,26648739.0,46102319.0,1.73,True,,Diversified Industries,,True
AVN,Avanti Helium Corp.,AVN,Avanti Helium Corp.,TSXV,Energy,Oil & Gas Exploration and Production,Oil & Gas Exploration and Production,128754916.0,57939713.0,0.45,True,,Oil & Gas,,True
AVR,Avaron Mining Corp.,AVR,Avaron Mining Corp.,TSXV,Finance,Diversified Financial Services,Other Diversified Financial Services,15046497.0,827558.0,0.055,True,,Diversified Industries,,True
AVG,Avidian Gold Corp.,AVG,Avidian Gold Corp.,TSXV,Materials,Mining,Gold,18973408.0,2751145.0,0.145,True,,Mining,,True
AVCR,Avricore Health Inc.,AVCR,Avricore Health Inc.,TSXV,Healthcare,Medical Diagnostics & Screening,Diagnostics & Screening,126369664.0,9477725.0,0.075,True,,Life Sciences,,True
AVU,Avrupa Minerals Ltd.,AVU,Avrupa Minerals Ltd.,TSXV,Materials,Mining,Industrial Metals,86274754.0,3450991.0,0.04,True,,Mining,,True
ARIC,Awale Resources Limited,ARIC,Awale Resources Limited,TSXV,Materials,Mining,Gold,143317133.0,111787364.0,0.78,True,,Mining,,True
AXET.P,Axe2 Acquisitions Inc.,,,,,,,,,,False,P,Diversified Industries,suffix:P,False
AXO,Axo Metals Corp.,AXO,Axo Metals Corp.,TSXV,Materials,Mining,Copper,216355353.0,205537586.0,0.95,True,,Mining,,True
AZR,Azarga Metals Corp.,AZR,Azarga Metals Corp.,TSXV,Materials,Mining,Industrial Metals,91405945.0,15996041.0,0.175,True,,Mining,,True
AZM,Azimut Exploration Inc.,AZM,Azimut Exploration Inc.,TSXV,Materials,Mining,Industrial Metals,100939310.0,59554193.0,0.59,True,,Mining,,True
AAZ,Azincourt Energy Corp.,AAZ,Azincourt Energy Corp.,TSXV,Energy,Other Energy Sources,Uranium,153694652.0,6147787.0,0.04,True,,CleanTech,,True
AZT,Aztec Minerals Corp.,AZT,Aztec Minerals Corp.,TSXV,Materials,Mining,Industrial Metals,189711309.0,73038854.0,0.385,True,,Mining,,True
BLDS,Badlands Resources Inc.,BLDS,Badlands Resources Inc.,TSXV,Materials,Mining,Gold,3230647.0,904582.0,0.28,True,,Mining,,True
BLTC.P,Baltic I Acquisition Corp.,,,,,,,,,,False,P,Diversified Industries,suffix:P,False
BYN,Banyan Gold Corp.,BYN,Banyan Gold Corp.,TSXV,Materials,Mining,Gold,430954172.0,864063115.0,2.005,True,,Mining,,True
BRO,Barksdale Resources Corp.,BRO,Barksdale Resources Corp.,TSXV,Materials,Mining,Industrial Metals,225417510.0,36066802.0,0.16,True,,Mining,,True
BARU,Baru Gold Corp.,BARU,Baru Gold Corp.,TSXV,Materials,Mining,Gold,389350089.0,25307756.0,0.065,True,,Mining,,True
BAT,Batero Gold Corp,BAT,Batero Gold Corp.,TSXV,Materials,Mining,Precious Metals,115182383.0,10942327.0,0.095,True,,Mining,,True
BMV,Bathurst Metals Corp.,BMV,Bathurst Metals Corp.,TSXV,Materials,Mining,Industrial Metals,49823694.0,3736778.0,0.075,True,,Mining,,True
BMR,Battery Mineral Resources Corp.,BMR,Battery Mineral Resources Corp.,TSXV,Materials,Mining,Industrial Metals,417928349.0,71047820.0,0.17,True,,Mining,,True
BHS,Bayhorse Silver Inc.,BHS,Bayhorse Silver Inc.,TSXV,Materials,Mining,Industrial Metals,417654900.0,27147569.0,0.065,True,,Mining,,True
BM,BC Moly Ltd.,BM,BC Moly Ltd.,TSXV,Materials,Mining,Industrial Metals,31606249.0,4266844.0,0.135,True,,Mining,,True
B,BCM Resources Corporation,B,BCM Resources Corporation,TSXV,Materials,Mining,Industrial Metals,245487115.0,186570208.0,0.76,True,,Mining,,True
BECN,Beacn Wizardry & Magic Inc.,BECN,Beacn Wizardry & Magic Inc.,TSXV,Technology,Hardware & Equipment,Consumer Electronics,62757702.0,1882732.0,0.03,True,,Technology,,True
BCM.WT,Bear Creek Mining Corporation wt 05Oct2028,,,,,,,,,,False,WT,Diversified Industries,suffix:WT,False
BGF,Beauce Gold Fields Inc.,BGF,Beauce Gold Fields Inc.,TSXV,Materials,Mining,Gold,138684193.0,4853947.0,0.035,True,,Mining,,True
BFM,Bedford Metals Corp.,BFM,Bedford Metals Corp.,TSXV,Materials,Mining,Gold,93897845.0,11267742.0,0.12,True,,Mining,,True
BCU,Bell Copper Corporation,BCU,Bell Copper Corporation,TSXV,Materials,Mining,Copper,144760364.0,9409424.0,0.065,True,,Mining,,True
BEA,Belmont Resources Inc.,BEA,Belmont Resources Inc.,TSXV,Materials,Mining,Industrial Metals,106183272.0,3716415.0,0.035,True,,Mining,,True
BEX,Benton Resources Inc.,BEX,Benton Resources Inc.,TSXV,Materials,Mining,Industrial Metals,291270254.0,34952431.0,0.12,True,,Mining,,True
BZ,Benz Mining Corp.,BZ,Benz Mining Corp.,TSXV,Materials,Mining,Gold,338895063.0,1355580252.0,4.0,True,,Mining,,True
BST,Bessor Minerals Inc.,BST,Bessor Minerals Inc.,TSXV,Materials,Mining,Industrial Metals,31285623.0,469285.0,0.015,True,,Mining,,True
BEW,BeWhere Holdings Inc.,BEW,BeWhere Holdings Inc.,TSXV,Technology,Hardware & Equipment,Communications Equipment,97108502.0,68947037.0,0.71,True,,Technology,,True
BEAR,Big Bear Gold Corp.,BEAR,Big Bear Gold Corp.,TSXV,Materials,Mining,Gold,35567487.0,2489725.0,0.07,True,,Mining,,True
BRAU,Big Ridge Gold Corp.,BRAU,Big Ridge Gold Corp.,TSXV,Materials,Mining,Gold,318142789.0,181341390.0,0.57,True,,Mining,,True
BIGT,Big Tree Carbon Inc.,BIGT,Big Tree Carbon Inc.,TSXV,Materials,Mining,Gold,119319856.0,1789798.0,0.015,True,,Mining,,True
BRM,Biorem Inc.,BRM,Biorem Inc.,TSXV,Industrials,Industrial Goods,Waste & Pollution Control,16307027.0,58705298.0,3.6,True,,Diversified Industries,,True
RX,BioSyent Inc.,RX,BioSyent Inc.,TSXV,Healthcare,Pharmaceuticals,Pharmaceutical Manufacturers - Specialty & Generic,11494249.0,183333272.0,15.95,True,,Life Sciences,,True
BTCT,Bitcoin Treasury Corporation,BTCT,Bitcoin Treasury Corporation,TSXV,Finance,Capital Markets,Cryptocurrency Exchanges & Trading Platforms,9538680.0,34148475.0,3.58,True,,Diversified Industries,,True
BTCW,Bitcoin Well Inc.,BTCW,Bitcoin Well Inc.,TSXV,Finance,Capital Markets,Cryptocurrency Exchanges & Trading Platforms,367008888.0,12845312.0,0.035,True,,Diversified Industries,,True
BTT,Bitterroot Resources Ltd.,BTT,Bitterroot Resources Ltd.,TSXV,Materials,Mining,Industrial Metals,126763556.0,8873449.0,0.07,True,,Mining,,True
BMM,Black Mammoth Metals Corporation,BMM,Black Mammoth Metals Corporation,TSXV,Materials,Mining,Industrial Metals,54001371.0,210605347.0,3.9,True,,Mining,,True
BPR,Black Pine Resources Corp.,BPR,Black Pine Resources Corp.,TSXV,Materials,Mining,Copper,38131729.0,3622515.0,0.095,True,,Mining,,True
BARK,Black Spruce Exploration Inc.,BARK,Black Spruce Exploration Inc.,TSXV,Materials,Mining,Industrial Metals,27630371.0,1243367.0,0.045,True,,Mining,,True
SWAN,Black Swan Graphene Inc.,SWAN,Black Swan Graphene Inc.,TSXV,Materials,Chemicals,Chemicals & Allied Products,56335632.0,54645564.0,0.97,True,,Diversified Industries,,True
BRC,Blackrock Silver Corp.,BRC,Blackrock Silver Corp.,TSXV,Materials,Mining,Precious Metals,375295989.0,472872947.0,1.26,True,,Mining,,True
BAG,Blende Silver Corp.,BAG,Blende Silver Corp.,TSXV,Materials,Mining,Industrial Metals,86783120.0,17356624.0,0.2,True,,Mining,,True
BITK,Blockchaink2 Corp.,BITK,Blockchaink2 Corp.,TSXV,Finance,Capital Markets,Cryptocurrency Exchanges & Trading Platforms,39007834.0,1170236.0,0.03,True,,Diversified Industries,,True
MATE,Blockmate Ventures Inc.,MATE,Blockmate Ventures Inc.,TSXV,Finance,Capital Markets,Cryptocurrency Exchanges & Trading Platforms,171570601.0,6004972.0,0.035,True,,Diversified Industries,,True
BKMT,Blockmint Technologies Inc.,BKMT,Blockmint Technologies Inc.,TSXV,Finance,Capital Markets,Cryptocurrency Exchanges & Trading Platforms,48242605.0,1447279.0,0.03,True,,Diversified Industries,,True
JAY,Blue Jay Gold Corp.,JAY,Blue Jay Gold Corp.,TSXV,Materials,Mining,Gold,47583734.0,34260289.0,0.72,True,,Mining,,True
MOON,Blue Moon Metals Inc.,MOON,Blue Moon Metals Inc.,TSXV,Materials,Mining,Industrial Metals,99863001.0,838849209.0,8.4,True,,Mining,,True
BSK,Blue Sky Uranium Corp.,BSK,Blue Sky Uranium Corp.,TSXV,Energy,Other Energy Sources,Uranium,434231166.0,21711559.0,0.05,True,,CleanTech,,True
BAU,Blue Star Gold Corp.,BAU,Blue Star Gold Corp.,TSXV,Materials,Mining,Gold,185035037.0,36081833.0,0.195,True,,Mining,,True
BLU,BluEnergies Ltd.,BLU,BluEnergies Ltd.,TSXV,Energy,Oil & Gas Exploration and Production,Oil & Gas Exploration and Production,82154849.0,184848411.0,2.25,True,,Oil & Gas,,True
BLM,BluMetric Environmental Inc.,BLM,BluMetric Environmental Inc.,TSXV,Industrials,Waste Management,Waste Management,55094239.0,54543297.0,0.99,True,,Diversified Industries,,True
BWLK,Boardwalktech Software Corp.,BWLK,Boardwalktech Software Corp.,TSXV,Technology,Software & IT Services,Application Software,113220832.0,3396625.0,0.03,True,,Technology,,True
BOCA,Bocana Resources Corp.,BOCA,Bocana Resources Corp.,TSXV,Materials,Mining,Industrial Metals,103112261.0,7733420.0,0.075,True,,Mining,,True
BOL,Bold Ventures Inc.,BOL,Bold Ventures Inc.,TSXV,Materials,Mining,Industrial Metals,105823985.0,7407679.0,0.07,True,,Mining,,True
BNZ,Bonanza Mining Corporation,BNZ,Bonanza Mining Corporation,TSXV,Materials,Mining,Precious Metals,23752066.0,1662645.0,0.07,True,,Mining,,True
BTR,Bonterra Resources Inc.,BTR,BonTerra Resources Inc.,TSXV,Materials,Mining,Gold,212692988.0,29777019.0,0.14,True,,Mining,,True
BOGO,Borealis Mining Company Limited,BOGO,Borealis Mining Company Limited,TSXV,Materials,Mining,Gold,147592227.0,165303295.0,1.12,True,,Mining,,True
BONE,Boron One Holdings Inc.,BONE,Boron One Holdings Inc.,TSXV,Materials,Mining,Industrial Metals,298652206.0,11946089.0,0.04,True,,Mining,,True
BLCC.P,Bow Lake Capital Corp.,,,,,,,,,,False,P,Diversified Industries,suffix:P,False
BPAG,BP Silver Corp.,BPAG,BP Silver Corp.,TSXV,Materials,Mining,Silver,65045182.0,67646990.0,1.04,True,,Mining,,True
BQE,BQE Water Inc.,BQE,BQE Water Inc.,TSXV,Industrials,Waste Management,Waste Management,1300968.0,91067760.0,70.0,True,,Diversified Industries,,True
BRCB.P,Brachium2 Capital Corp.,,,,,,,,,,False,P,Diversified Industries,suffix:P,False
BES,Braille Energy Systems Inc.,BES,Braille Energy Systems Inc.,TSXV,Industrials,Industrial Goods,Electrical Equipment,117243252.0,4103514.0,0.035,True,,Diversified Industries,,True
BEM,Brasnova Energy Materials Inc.,BEM,Brasnova Energy Materials Inc.,TSXV,Materials,Mining,Industrial Metals,46580263.0,3726422.0,0.08,True,,Mining,,True
BVA,Bravada Gold Corporation,BVA,Bravada Gold Corporation,TSXV,Materials,Mining,Precious Metals,29180236.0,36767098.0,1.26,True,,Mining,,True
BRVO,Bravo Mining Corp.,BRVO,Bravo Mining Corp.,TSXV,Materials,Mining,Precious Metals,137056988.0,463252620.0,3.38,True,,Mining,,True
BBB,Brixton Metals Corporation,BBB,Brixton Metals Corporation,TSXV,Materials,Mining,Precious Metals,74204658.0,49717121.0,0.67,True,,Mining,,True
BRON,Bronco Resources Corp.,BRON,Bronco Resources Corp.,TSXV,Materials,Mining,Gold,35971817.0,1978450.0,0.055,True,,Mining,,True
BRN.PR.A,Brookfield Investments Corporation pref sr A,,,,,,,,,,False,PR,Diversified Industries,suffix:PR,False
BRW,Brunswick Exploration Inc.,BRW,Brunswick Exploration Inc.,TSXV,Materials,Mining,Gold,282392131.0,38122938.0,0.135,True,,Mining,,True
BTU,BTU Metals Corp.,BTU,BTU Metals Corp.,TSXV,Materials,Mining,Gold,178586014.0,8036371.0,0.045,True,,Mining,,True
BUFF,Buffalo Potash Corporation,BUFF,Buffalo Potash Corporation,TSXV,Materials,Agriculture,Agricultural Supplies,109652650.0,84432541.0,0.77,True,,Mining,,True
BILD,BuildDirect.Com Technologies Inc.,BILD,BuildDirect.Com Technologies Inc.,TSXV,Consumer Discretionary,Retail - Discretionary,Home Improvement Retail,48351741.0,120879353.0,2.5,True,,Diversified Industries,,True
BCF,Builders Capital Mortgage Corp.,BCF,Builders Capital Mortgage Corp.,TSXV,Finance,Banking,Thrifts & Mortgage Financing,2246824.0,22131217.0,9.85,True,,Diversified Industries,,True
ZLTO,BULGOLD Inc.,ZLTO,BULGOLD Inc.,TSXV,Materials,Mining,Gold,72626013.0,3631301.0,0.05,True,,Mining,,True
FROG,Bullfrog Gold Corporation,FROG,Bullfrog Gold Corporation,TSXV,Materials,Mining,Industrial Metals,84344901.0,21086226.0,0.25,True,,Mining,,True
BGD,Bullion Gold Discoveries Corp.,BGD,Bullion Gold Discoveries Corp.,TSXV,Materials,Mining,Gold,126109042.0,10719269.0,0.085,True,,Mining,,True
BUSH.P,Bushido Capital Corp.,,,,,,,,,,False,P,Diversified Industries,suffix:P,False
BUZH.P,Buzz Capital 2 Inc.,,,,,,,,,,False,P,Diversified Industries,suffix:P,False
BUZ.P,Buzz Capital Inc.,,,,,,,,,,False,P,Diversified Industries,suffix:P,False
BWR,BWR Exploration Inc.,BWR,BWR Exploration Inc.,TSXV,Materials,Mining,Industrial Metals,110510461.0,1105105.0,0.01,True,,Mining,,True
CMI,C-COM Satellite Systems Inc.,CMI,C-COM Satellite Systems Inc.,TSXV,Technology,Hardware & Equipment,Communications Equipment,42256500.0,38030850.0,0.9,True,,Technology,,True
CCCM,C3 Metals Inc.,CCCM,C3 Metals Inc.,TSXV,Materials,Mining,Industrial Metals,125284856.0,87699400.0,0.7,True,,Mining,,True
CBR,Cabral Gold Inc.,CBR,Cabral Gold Inc.,TSXV,Materials,Mining,Gold,311169116.0,463641983.0,1.49,True,,Mining,,True
CNO,California Nanotechnologies Corp,CNO,California Nanotechnologies Corp.,TSXV,Materials,Chemicals,Special Chemicals,53371815.0,16545263.0,0.31,True,,Diversified Industries,,True
CAMB,Cambria Gold Mines Inc.,CAMB,Cambria Gold Mines Inc.,TSXV,Materials,Mining,Gold,343806929.0,340368860.0,0.99,True,,Mining,,True
COR,Camino Minerals Corporation,COR,Camino Minerals Corporation,TSXV,Materials,Mining,Industrial Metals,89266367.0,35706547.0,0.4,True,,Mining,,True
CNC,Canada Nickel Company Inc.,CNC,Canada Nickel Company Inc.,TSXV,Materials,Mining,Industrial Metals,244715838.0,357285124.0,1.46,True,,Mining,,True
CONE,Canada One Mining Corp.,CONE,Canada One Mining Corp.,TSXV,Materials,Mining,Industrial Metals,45826786.0,2749608.0,0.06,True,,Mining,,True
CCMI,Canadian Critical Minerals Inc.,CCMI,Canadian Critical Minerals Inc.,TSXV,Materials,Mining,Precious Metals,337679477.0,11818782.0,0.035,True,,Mining,,True
CAN,Canadian Gold Resources Ltd.,CAN,Canadian Gold Resources Ltd.,TSXV,Materials,Mining,Gold,54868876.0,4389511.0,0.08,True,,Mining,,True
CGM,Canadian Goldfields Discovery Corp.,CGM,Canadian Goldfields Discovery Corp.,TSXV,Materials,Mining,Gold,107520428.0,21504086.0,0.2,True,,Mining,,True
NET.UN,Canadian Net Real Estate Investment Trust,,,,,,,,,,False,UN,Diversified Industries,suffix:UN,False
CNRI,Canadian North Resources Inc.,CNRI,Canadian North Resources Inc.,TSXV,Materials,Mining,Industrial Metals,114325317.0,19435304.0,0.17,True,,Mining,,True
CPS,Canadian Premium Sand Inc.,CPS,Canadian Premium Sand Inc.,TSXV,Materials,Mining,Industrial Metals,92627156.0,6947037.0,0.075,True,,Mining,,True
SPI,Canadian Spirit Resources Inc.,SPI,Canadian Spirit Resources Inc.,TSXV,Energy,Oil & Gas Exploration and Production,Oil & Gas Exploration and Production,288177583.0,4322664.0,0.015,True,,Oil & Gas,,True
CAF,Canaf Investments Inc.,CAF,Canaf Investments Inc.,TSXV,Materials,Steel,Metallurgical Coal,47426195.0,15887776.0,0.335,True,,Mining,,True
CVV,Canalaska Uranium Ltd.,CVV,CanAlaska Uranium Ltd.,TSXV,Materials,Mining,Industrial Metals,220990341.0,86186233.0,0.39,True,,Mining,,True
CEC,Canasia Energy Corp.,CEC,Canasia Energy Corp.,TSXV,Energy,Oil & Gas Exploration and Production,Oil & Gas Exploration and Production,113493907.0,42560216.0,0.375,True,,Oil & Gas,,True
CLZ,Canasil Resources Inc.,CLZ,Canasil Resources Inc.,TSXV,Materials,Mining,Industrial Metals,155814280.0,7011643.0,0.045,True,,Mining,,True
CCEC,CanCambria Energy Corp.,CCEC,CanCambria Energy Corp.,TSXV,Energy,Oil & Gas Exploration and Production,Oil & Gas Exploration and Production,130716475.0,40522108.0,0.31,True,,Oil & Gas,,True
CANX,Canex Metals Inc.,CANX,Canex Metals Inc,TSXV,Materials,Mining,Gold,229543347.0,96408206.0,0.42,True,,Mining,,True
NIS.P,Cann-is Capital Corp.,,,,,,,,,,False,P,Diversified Industries,suffix:P,False
RCR.P,Canna 8 Investment Trust,,,,,,,,,,False,P,Diversified Industries,suffix:P,False
CLV,Canoe Mining Ventures Corp.,CLV,Canoe Mining Ventures Corp.,TSXV,Materials,Mining,Gold,35640316.0,4276838.0,0.12,True,,Mining,,True
WPR,CANPR Technology Ltd.,WPR,CANPR Technology LTD.,TSXV,Consumer Discretionary,Personal Services,Personal Services,52090343.0,2344066.0,0.045,True,,Diversified Industries,,True
CSOC.A,Canso Select Opportunities Corporation A,,,,,,,,,,False,A,Diversified Industries,no_graphql_quote,False
CSOC.B,Canso Select Opportunities Corporation B,,,,,,,,,,False,B,Diversified Industries,no_graphql_quote,False
ROX,Canstar Resources Inc.,ROX,Canstar Resources Inc.,TSXV,Materials,Mining,Industrial Metals,200773895.0,11042565.0,0.055,True,,Mining,,True
CTM,Canterra Minerals Corporation,CTM,Canterra Minerals Corporation,TSXV,Materials,Mining,Precious Metals,397020576.0,53597778.0,0.135,True,,Mining,,True
CD,Cantex Mine Development Corp.,CD,Cantex Mine Development Corp.,TSXV,Materials,Mining,Industrial Metals,159231332.0,47769400.0,0.3,True,,Mining,,True
CDA,Canuc Resources Corporation,CDA,Canuc Resources Corporation,TSXV,Energy,Oil & Gas Exploration and Production,Oil & Gas Exploration and Production,29178563.0,26844278.0,0.92,True,,Oil & Gas,,True
CYF,Canyon Creek Food Company Ltd.,CYF,Canyon Creek Food Company Ltd.,TSXV,Consumer Staples,Consumer Products - Foods,"Canned, Frozen & Preserved Foods",35148902.0,878723.0,0.025,True,,Diversified Industries,,True
CMIL,Capella Minerals Limited,CMIL,Capella Minerals Limited,TSXV,Materials,Mining,Precious Metals,75986317.0,4939111.0,0.065,True,,Mining,,True
CAI,Capitan Investment Ltd.,CAI,Capitan Investment Ltd.,TSXV,Energy,Oil & Gas Exploration and Production,Oil & Gas Exploration and Production,289684072.0,4345262.0,0.015,True,,Oil & Gas,,True
CAPT,Capitan Silver Corp.,CAPT,Capitan Silver Corp.,TSXV,Materials,Mining,Precious Metals,128724521.0,261310778.0,2.03,True,,Mining,,True
CAPL.P,Caplink Ventures Inc.,,,,,,,,,,False,P,Diversified Industries,suffix:P,False
CT.P,CarbonTech Capital Corp.,,,,,,,,,,False,P,Diversified Industries,suffix:P,False
EKG,"CardioComm Solutions, Inc.",EKG,CardioComm Solutions Inc.,TSXV,Healthcare,Healthcare Providers & Services,Healthcare Information Services,197582106.0,987911.0,0.005,True,,Life Sciences,,True
CRB,Cariboo Rose Resources Ltd,CRB,Cariboo Rose Resources Ltd.,TSXV,Materials,Mining,Precious Metals,72526174.0,3988940.0,0.055,True,,Mining,,True
CGD,Carlin Gold Corporation,CGD,Carlin Gold Corporation,TSXV,Materials,Mining,Gold,26820798.0,40499405.0,1.51,True,,Mining,,True
CPI,Carlton Precious Inc.,CPI,Carlton Precious Inc.,TSXV,Materials,Mining,Industrial Metals,88741344.0,10648962.0,0.12,True,,Mining,,True
RUSH,Carolina Rush Corporation,RUSH,Carolina Rush Corporation,TSXV,Materials,Mining,Gold,90799482.0,14981915.0,0.165,True,,Mining,,True
CCDS,Carrier Connect Data Solutions Inc.,CCDS,Carrier Connect Data Solutions Inc.,TSXV,Technology,Software & IT Services,IT Services,33789901.0,42913175.0,1.27,True,,Technology,,True
ECR,Cartier Resources Inc,ECR,Cartier Resources Inc.,TSXV,Materials,Mining,Gold,446160140.0,138309644.0,0.31,True,,Mining,,True
CASA,CASA Minerals Inc.,CASA,CASA Minerals Inc.,TSXV,Materials,Mining,Industrial Metals,90563698.0,6792278.0,0.075,True,,Mining,,True
CCD,Cascadero Copper Corporation,CCD,Cascadero Copper Corporation,TSXV,Materials,Mining,Industrial Metals,300129874.0,6002598.0,0.02,True,,Mining,,True
CAM,Cascadia Minerals Ltd.,CAM,Cascadia Minerals Ltd.,TSXV,Materials,Mining,Industrial Metals,212970874.0,94772039.0,0.445,True,,Mining,,True
GLDC,Cassiar Gold Corp.,GLDC,Cassiar Gold Corp.,TSXV,Materials,Mining,Gold,161502645.0,74291217.0,0.46,True,,Mining,,True
CBAR.P,Castlebar Capital Corp.,,,,,,,,,,False,P,Diversified Industries,suffix:P,False
CSTL.P,Castlecap Capital Inc.,,,,,,,,,,False,P,Diversified Industries,suffix:P,False
CBLT,CBLT Inc.,CBLT,CBLT Inc.,TSXV,Materials,Mining,Industrial Metals,77177073.0,3858854.0,0.05,True,,Mining,,True
CES.P,Celestial Acquisition Corp.,,,,,,,,,,False,P,Diversified Industries,suffix:P,False
CENT,Centauri Minerals Inc.,CENT,Centauri Minerals Inc.,TSXV,Materials,Mining,Precious Metals,76866001.0,119142302.0,1.55,True,,Mining,,True
CTA,Centaurus Energy Inc.,CTA,Centaurus Energy Inc.,TSXV,Energy,Oil & Gas Exploration and Production,Oil & Gas Exploration and Production,1142473.0,1428092.0,1.25,True,,Oil & Gas,,True
CIO,Central Iron Ore Limited,CIO,Central Iron Ore Limited,TSXV,Materials,Mining,Gold,70382203.0,3871022.0,0.055,True,,Mining,,True
CTN,Centurion Minerals Ltd.,CTN,Centurion Minerals Ltd.,TSXV,Materials,Mining,Industrial Metals,58398303.0,2627924.0,0.045,True,,Mining,,True
LCE,Century Lithium Corp.,LCE,Century Lithium Corp.,TSXV,Materials,Mining,Industrial Metals,180528497.0,43326840.0,0.24,True,,Mining,,True
CERT,Cerrado Gold Inc.,CERT,Cerrado Gold Inc.,TSXV,Materials,Mining,Gold,138405339.0,377846576.0,2.73,True,,Mining,,True
CDPR,Cerro De Pasco Resources Inc.,CDPR,Cerro de Pasco Resources Inc.,TSXV,Materials,Mining,Industrial Metals,664267770.0,528092878.0,0.795,True,,Mining,,True
CFY,CF Energy Corp.,CFY,CF Energy Corp.,TSXV,Utilities,Regulated Utilities,Regulated Gas Utilities,65885155.0,5600239.0,0.085,True,,Diversified Industries,,True
OYL,CGX Energy Inc.,OYL,CGX Energy Inc.,TSXV,Energy,Oil & Gas Exploration and Production,Oil & Gas Exploration and Production,287588662.0,53203903.0,0.185,True,,Oil & Gas,,True
PERU,Chakana Copper Corp.,PERU,Chakana Copper Corp.,TSXV,Materials,Mining,Precious Metals,51628910.0,4130313.0,0.08,True,,Mining,,True
CBA,Champion Bear Resources Ltd.,CBA,Champion Bear Resources Ltd.,TSXV,Materials,Mining,Industrial Metals,75244773.0,4890911.0,0.065,True,,Mining,,True
YES,Char Technologies Ltd.,YES,Char Technologies Ltd.,TSXV,Industrials,Waste Management,Waste Management,151157602.0,39300977.0,0.26,True,,Diversified Industries,,True
CH,Charbone Corporation,CH,Charbone Corporation,TSXV,Energy,Renewable Energy Producers,Hydro Energy,289893226.0,44208717.0,0.1525,True,,CleanTech,,True
CHER,Cheelcare Inc.,CHER,Cheelcare Inc.,TSXV,Healthcare,Medical Equipment & Supplies,Surgical & Medical Apparatus,22730839.0,32959717.0,1.45,True,,Life Sciences,,True
CKG,Chesapeake Gold Corp.,CKG,Chesapeake Gold Corp.,TSXV,Materials,Mining,Precious Metals,76885609.0,266793064.0,3.47,True,,Mining,,True
CBG,Chibougamau Independent Mines Inc.,CBG,Chibougamau Independent Mines Inc.,TSXV,Materials,Mining,Precious Metals,61755191.0,18526558.0,0.3,True,,Mining,,True
CCIC.P,Chicane Capital I Corp.,,,,,,,,,,False,P,Diversified Industries,suffix:P,False
CHII.P,Chicane Capital II Corp.,,,,,,,,,,False,P,Diversified Industries,suffix:P,False
CMCG,Chilean Metals Inc.,CMCG,Chilean Metals Inc.,TSXV,Materials,Mining,Industrial Metals,21331799.0,6612858.0,0.31,True,,Mining,,True
RTO.P,Chrysalis 12 Inc.,,,,,,,,,,False,P,Diversified Industries,suffix:P,False
CRI,Churchill Resources Inc.,CRI,Churchill Resources Inc.,TSXV,Materials,Mining,Industrial Metals,320681940.0,16034097.0,0.05,True,,Mining,,True
CMC,Cielo Waste Solutions Corp.,CMC,Cielo Waste Solutions Corp.,TSXV,Industrials,Waste Management,Waste Management,210783253.0,13700912.0,0.065,True,,Diversified Industries,,True
CMC.WT,Cielo Waste Solutions Corp. wt 08jul2027,CMC,Cielo Waste Solutions Corp.,TSXV,Industrials,Waste Management,Waste Management,210783253.0,13700912.0,0.065,True,WT,Diversified Industries,suffix:WT,False
CAC.P,Cinaport Acquisition Corp. III,,,,,,,,,,False,P,Diversified Industries,suffix:P,False
AIR,Clean Air Metals Inc.,AIR,Clean Air Metals Inc.,TSXV,Materials,Mining,Precious Metals,250556784.0,16286191.0,0.065,True,,Mining,,True
TRAN,Clean Energy Transition Inc.,TRAN,Clean Energy Transition Inc.,TSXV,Materials,Mining,Industrial Metals,41743850.0,1252316.0,0.03,True,,Mining,,True
CSX,Clean Seed Capital Group Ltd.,CSX,Clean Seed Capital Group Ltd.,TSXV,Industrials,Industrial Machinery,Agricultural & Heavy Equipment,123600978.0,8652069.0,0.07,True,,Diversified Industries,,True
CTV,CleanTech Vanadium Mining Corp.,CTV,CleanTech Vanadium Mining Corp.,TSXV,Materials,Mining,Industrial Metals,155349294.0,18641916.0,0.12,True,,Mining,,True
CTEK,Cleantek Industries Inc.,CTEK,Cleantek Industries Inc.,TSXV,Industrials,Industrial Goods,Specialized Industrial Machinery,29485376.0,18870641.0,0.64,True,,Diversified Industries,,True
CBLU,Clear Blue Technologies International Inc.,CBLU,Clear Blue Technologies International In,TSXV,Energy,Renewable Energy Producers,Solar Energy,100635919.0,5031796.0,0.05,True,,CleanTech,,True
CZZ,Cleghorn Minerals Ltd,CZZ,Cleghorn Minerals Ltd.,TSXV,Materials,Mining,Industrial Metals,47443854.0,4981605.0,0.105,True,,Mining,,True
CLIP,Clip Money Inc.,CLIP,Clip Money Inc.,TSXV,Technology,Software & IT Services,Systems Software,113517420.0,15892439.0,0.14,True,,Technology,,True
CNJ.P,CNJ Capital Investments Inc.,,,,,,,,,,False,P,Diversified Industries,suffix:P,False
COCO,Coast Copper Corp.,COCO,Coast Copper Corp.,TSXV,Materials,Mining,Industrial Metals,84226690.0,26952541.0,0.32,True,,Mining,,True
CEI,Coelacanth Energy Inc.,CEI,Coelacanth Energy Inc.,TSXV,Energy,Oil & Gas Exploration and Production,Oil & Gas Exploration and Production,633870913.0,450048349.0,0.71,True,,Oil & Gas,,True
CBI,Colibri Resource Corporation,CBI,Colibri Resource Corporation,TSXV,Materials,Mining,Industrial Metals,36876500.0,4240798.0,0.115,True,,Mining,,True
COLL.P,Collingwood Resources Corp.,,,,,,,,,,False,P,Diversified Industries,suffix:P,False
CAD,Colonial Coal International Corp,CAD,Colonial Coal International Corp.,TSXV,Materials,Steel,Metallurgical Coal,185283051.0,416886865.0,2.25,True,,Mining,,True
CLUS,Colossus Resources Corp.,CLUS,Colossus Resources Corp.,TSXV,Materials,Mining,Precious Metals,21045750.0,1157517.0,0.055,True,,Mining,,True
TIE,Coloured Ties Capital Inc.,TIE,Coloured Ties Capital Inc.,TSXV,Finance,Asset Management Services,Asset Management Services,7295645.0,5544691.0,0.76,True,,Diversified Industries,,True
CMU,Comet Industries Ltd.,CMU,Comet Industries Ltd.,TSXV,Real Estate,Real Estate,Real Estate Services,5136095.0,28248523.0,5.5,True,,Diversified Industries,,True
CLIC,Comet Lithium Corporation,CLIC,Comet Lithium Corporation,TSXV,Materials,Mining,Industrial Metals,29710953.0,10695944.0,0.36,True,,Mining,,True
CVB,Compass Gold Corporation,CVB,Compass Gold Corporation,TSXV,Materials,Mining,Gold,154235621.0,23906522.0,0.155,True,,Mining,,True
CVI.P,Compass Venture Inc.,,,,,,,,,,False,P,Diversified Industries,suffix:P,False
CAG,Composite Alliance Group Inc.,CAG,Composite Alliance Group Inc.,TSXV,Industrials,Industrial Goods,Specialized Industrial Machinery,110233610.0,1102337.0,0.01,True,,Diversified Industries,,True
CHS,Comprehensive Healthcare Systems Inc.,CHS,Comprehensive Healthcare Systems Inc.,TSXV,Healthcare,Healthcare Providers & Services,Healthcare Information Services,30176581.0,13428579.0,0.445,True,,Life Sciences,,True
CNVI,Conavi Medical Corp.,CNVI,Conavi Medical Corp.,TSXV,Healthcare,Medical Equipment & Supplies,Surgical & Medical Apparatus,103491756.0,17593599.0,0.17,True,,Life Sciences,,True
CN,Condor Resources Inc,CN,Condor Resources Inc.,TSXV,Materials,Mining,Precious Metals,151935474.0,25069354.0,0.165,True,,Mining,,True
COS,Coniagas Battery Metals Inc.,COS,Coniagas Battery Metals Inc.,TSXV,Materials,Mining,Industrial Metals,34395546.0,1891756.0,0.055,True,,Mining,,True
CQR,Conquest Resources Limited,CQR,Conquest Resources Limited,TSXV,Materials,Mining,Gold,154777106.0,7738856.0,0.05,True,,Mining,,True
FFP,Cons Firstfund Capital Corp.,FFP,Consolidated Firstfund Capital Corp.,TSXV,Finance,Asset Management Services,Asset Management Services,6171703.0,1728077.0,0.28,True,,Diversified Industries,,True
CNST.P,Constellation Capital Corp.,,,,,,,,,,False,P,Diversified Industries,suffix:P,False
CNS,Contagious Gaming Inc.,CNS,Contagious Gaming Inc.,TSXV,Media,Interactive Multi-Media,Gaming & Multimedia,94220745.0,942208.0,0.01,True,,Diversified Industries,,True
CPAU,Copaur Minerals Inc.,CPAU,Copaur Minerals Inc.,TSXV,Materials,Mining,Industrial Metals,120509609.0,15666250.0,0.13,True,,Mining,,True
CUU,Copper Fox Metals Inc.,CUU,Copper Fox Metals Inc.,TSXV,Materials,Mining,Copper,586249986.0,392787491.0,0.67,True,,Mining,,True
CGNT,Copper Giant Resources Corp.,CGNT,Copper Giant Resources Corp.,TSXV,Materials,Mining,Industrial Metals,212811698.0,304320729.0,1.43,True,,Mining,,True
CPL,Copper Lake Resources Ltd.,CPL,Copper Lake Resources Ltd.,TSXV,Materials,Mining,Industrial Metals,14050103.0,3091023.0,0.22,True,,Mining,,True
CRD,Copper Road Resources Inc.,CRD,Copper Road Resources Inc.,TSXV,Materials,Mining,Industrial Metals,101513271.0,5583230.0,0.055,True,,Mining,,True
CPER,CopperCorp Resources Inc.,CPER,CopperCorp Resources Inc.,TSXV,Materials,Mining,Copper,118957146.0,4163501.0,0.035,True,,Mining,,True
CUEX,CopperEx Resources Corporation,CUEX,CopperEx Resources Corporation,TSXV,Materials,Mining,Industrial Metals,31833014.0,2228311.0,0.07,True,,Mining,,True
CDB,Cordoba Minerals Corp.,CDB,Cordoba Minerals Corp.,TSXV,Materials,Mining,Industrial Metals,97548595.0,24387149.0,0.25,True,,Mining,,True
CCMC,Core Critical Metals Corp.,CCMC,Core Critical Metals Corp.,TSXV,Materials,Mining,Industrial Metals,42703731.0,29892612.0,0.7,True,,Mining,,True
COSA,Cosa Resources Corp.,COSA,Cosa Resources Corp.,TSXV,Materials,Mining,Industrial Metals,133902358.0,69629227.0,0.52,True,,Mining,,True
CSG,Cosigo Resources Ltd.,CSG,Cosigo Resources Ltd.,TSXV,Materials,Mining,Gold,112222512.0,6172239.0,0.055,True,,Mining,,True
CTH,CoTec Holdings Corp.,CTH,CoTec Holdings Corp.,TSXV,Materials,Mining,Industrial Metals,120405192.0,157730802.0,1.31,True,,Mining,,True
COV,Covalon Technologies Ltd.,COV,Covalon Technologies Ltd.,TSXV,Healthcare,Biotechnology & Life Sciences,Biotechnology,27618077.0,96663270.0,3.5,True,,Life Sciences,,True
CCMM,Coyote Copper Mines Inc.,CCMM,Coyote Copper Mines Inc.,TSXV,Materials,Mining,Copper,131432984.0,81488451.0,0.62,True,,Mining,,True
CEQ,Criterium Energy Ltd.,CEQ,Criterium Energy Ltd.,TSXV,Energy,Oil & Gas Exploration and Production,Oil & Gas Exploration and Production,139751234.0,20962686.0,0.15,True,,Oil & Gas,,True
CRE,Critical Elements Lithium Corporation,CRE,Critical Elements Lithium Corporation,TSXV,Materials,Mining,Industrial Metals,232039672.0,81213886.0,0.35,True,,Mining,,True
CRG,Crossroads Gold Corp.,CRG,Crossroads Gold Corp.,TSXV,Materials,Mining,Gold,65549094.0,16387274.0,0.25,True,,Mining,,True
CWV,Crown Point Energy Inc.,CWV,Crown Point Energy Inc.,TSXV,Energy,Oil & Gas Exploration and Production,Oil & Gas Exploration and Production,72903038.0,13487063.0,0.185,True,,Oil & Gas,,True
CSTR,Cryptostar Corp.,CSTR,Cryptostar Corp.,TSXV,Finance,Capital Markets,Cryptocurrency Exchanges & Trading Platforms,465897369.0,2329487.0,0.005,True,,Diversified Industries,,True
CLCO,Culico Metals Inc.,CLCO,Culico Metals Inc.,TSXV,Materials,Mining,Industrial Metals,80733519.0,31082405.0,0.385,True,,Mining,,True
CVW,CVW Sustainable Royalties Inc.,CVW,CVW Sustainable Royalties Inc.,TSXV,Materials,Mining,Industrial Metals,279406915.0,215143325.0,0.77,True,,Mining,,True
CYBE,"CyberCatch Holdings, Inc.",CYBE,CyberCatch Holdings Inc.,TSXV,Technology,Software & IT Services,Systems Software,26766269.0,57547479.0,2.15,True,,Technology,,True
CYG,Cygnus Metals Limited,CYG,Cygnus Metals Limited,TSXV,Materials,Mining,Industrial Metals,1227592052.0,224035550.0,0.1825,True,,Mining,,True
CYM,Cymat Technologies Ltd.,CYM,Cymat Technologies Ltd.,TSXV,Industrials,Industrial Goods,Metal Fabricated Products,100337335.0,10033734.0,0.1,True,,Diversified Industries,,True
DTWO,D2 Lithium Corp.,DTWO,D2 Lithium Corp.,TSXV,Materials,Mining,Industrial Metals,36231804.0,1449273.0,0.04,True,,Mining,,True
DAR,Darelle Online Solutions Inc.,DAR,Darelle Online Solutions Inc.,TSXV,Media,Interactive Multi-Media,Online Content & Information,9387522.0,7979394.0,0.85,True,,Diversified Industries,,True
DM,Datametrex AI Limited,DM,Datametrex AI Limited,TSXV,Technology,Software & IT Services,IT Services,152586006.0,5340511.0,0.035,True,,Technology,,True
DGC,Daura Gold Corp.,DGC,Daura Gold Corp.,TSXV,Materials,Mining,Gold,84908375.0,22076178.0,0.26,True,,Mining,,True
DTEA,DAVIDsTEA Inc.,DTEA,DAVIDsTEA Inc.,TSXV,Consumer Staples,Consumer Products - Foods,"Canned, Frozen & Preserved Foods",30478923.0,30478923.0,1.0,True,,Diversified Industries,,True
DEC,Decade Resources Ltd.,DEC,Decade Resources Ltd.,TSXV,Materials,Mining,Industrial Metals,245991736.0,44278513.0,0.18,True,,Mining,,True
DB,Decibel Cannabis Company Inc.,DB,Decibel Cannabis Company Inc.,TSXV,Healthcare,Pharmaceuticals,Pharmaceutical Manufacturers - Cannabis,38469551.0,65398237.0,1.7,True,,Life Sciences,,True
WCSB,Decimus Oil Corp.,WCSB,Decimus Oil Corp.,TSXV,Energy,Oil & Gas Exploration and Production,Oil & Gas Exploration and Production,44614100.0,6692115.0,0.15,True,,Oil & Gas,,True
DE,Decisive Dividend Corporation,DE,Decisive Dividend Corporation,TSXV,Industrials,Industrial Conglomerates,Industrial Conglomerates,21312830.0,173699565.0,8.15,True,,Diversified Industries,,True
DEFN,Defense Metals Corp.,DEFN,Defense Metals Corp.,TSXV,Materials,Mining,Industrial Metals,395148050.0,59272208.0,0.15,True,,Mining,,True
DEF,Defiance Silver Corp.,DEF,Defiance Silver Corp.,TSXV,Materials,Mining,Precious Metals,376508803.0,75301761.0,0.2,True,,Mining,,True
DFSC,DEFSEC Technologies Inc.,DFSC,DEFSEC Technologies Inc.,TSXV,Industrials,Aerospace & Defense,Aerospace & Defense,2666632.0,5386597.0,2.02,True,,Diversified Industries,,True
DFSC.WT.U,DEFSEC Technologies Inc. wt 09Dec2027,DFSC,DEFSEC Technologies Inc.,TSXV,Industrials,Aerospace & Defense,Aerospace & Defense,2666632.0,5386597.0,2.02,True,WT,Diversified Industries,suffix:WT,False
DHB,Delivra Health Brands Inc.,DHB,Delivra Health Brands Inc.,TSXV,Healthcare,Pharmaceuticals,Pharmaceutical Manufacturers - Specialty & Generic,31261781.0,3438796.0,0.11,True,,Life Sciences,,True
DELX,DelphX Capital Markets Inc.,DELX,DelphX Capital Markets Inc.,TSXV,Finance,Capital Markets,Capital Markets,240060183.0,2400602.0,0.01,True,,Diversified Industries,,True
DLTA,Delta Resources Limited,DLTA,Delta Resources Limited,TSXV,Materials,Mining,Gold,163257986.0,39181917.0,0.24,True,,Mining,,True
DAU,Desert Gold Ventures Inc.,DAU,Desert Gold Ventures Inc.,TSXV,Materials,Mining,Gold,360639099.0,41473497.0,0.115,True,,Mining,,True
DME,Desert Mountain Energy Corp.,DME,Desert Mountain Energy Corp.,TSXV,Energy,Oil & Gas Exploration and Production,Oil & Gas Exploration and Production,103703595.0,19703684.0,0.19,True,,Oil & Gas,,True
DSY,Destiny Media Technologies Inc.,DSY,Destiny Media Technologies Inc.,TSXV,Technology,Software & IT Services,Application Software,9789320.0,8614602.0,0.88,True,,Technology,,True
GSD,Devonian Health Group Inc.,GSD,Devonian Health Group Inc.,TSXV,Healthcare,Biotechnology & Life Sciences,Biotechnology,2780866.0,27280296.0,9.81,True,,Life Sciences,,True
DFR,DFR Gold Inc.,DFR,DFR Gold Inc.,TSXV,Materials,Mining,Precious Metals,203139700.0,8125588.0,0.04,True,,Mining,,True
DGL.P,DGL Investments No. 1 Inc.,,,,,,,,,,False,P,Diversified Industries,suffix:P,False
ADK,Diagnos Inc.,ADK,Diagnos Inc.,TSXV,Healthcare,Healthcare Providers & Services,Healthcare Information Services,121037549.0,56887649.0,0.47,True,,Life Sciences,,True
DWS,Diamond Estates Wines & Spirits Inc.,DWS,Diamond Estates Wines & Spirits Inc.,TSXV,Consumer Staples,Beverages - Alcoholic,Distillers & Wineries,59524183.0,8928628.0,0.15,True,,Diversified Industries,,True
DNO,Dinero Ventures Ltd.,DNO,Dinero Ventures Ltd.,TSXV,Materials,Mining,Gold,34386973.0,10316092.0,0.3,True,,Mining,,True
DOS,Dios Exploration Inc,DOS,Dios Exploration Inc.,TSXV,Materials,Mining,Precious Metals,135257066.0,4057712.0,0.03,True,,Mining,,True
DCY,Discovery-Corp Enterprises Inc.,DCY,Discovery-Corp Enterprises Inc.,TSXV,Materials,Mining,Precious Metals,13467096.0,404013.0,0.03,True,,Mining,,True
DCOP,District Copper Corp.,DCOP,District Copper Corp.,TSXV,Materials,Mining,Industrial Metals,44627495.0,4685887.0,0.105,True,,Mining,,True
DMX,District Metals Corp.,DMX,District Metals Corp.,TSXV,Materials,Mining,Industrial Metals,190961588.0,108848106.0,0.57,True,,Mining,,True
DLC,DLC Holdings Corp.,DLC,DLC Holdings Corp.,TSXV,Real Estate,Real Estate,Real Estate Services,29033375.0,1451669.0,0.05,True,,Diversified Industries,,True
DLP,DLP Resources Inc.,DLP,DLP Resources Inc.,TSXV,Materials,Mining,Industrial Metals,177902596.0,67602987.0,0.38,True,,Mining,,True
DMGI,DMG Blockchain Solutions Inc.,DMGI,DMG Blockchain Solutions Inc.,TSXV,Finance,Capital Markets,Cryptocurrency Exchanges & Trading Platforms,207669860.0,114218424.0,0.55,True,,Diversified Industries,,True
DMGI.WT,DMG Blockchain Solutions Inc. wt 19Nov2029,DMGI,DMG Blockchain Solutions Inc.,TSXV,Finance,Capital Markets,Cryptocurrency Exchanges & Trading Platforms,207669860.0,114218424.0,0.55,True,WT,Diversified Industries,suffix:WT,False
DMCU,Domestic Metals Corp.,DMCU,Domestic Metals Corp.,TSXV,Materials,Mining,Industrial Metals,71915889.0,14742758.0,0.205,True,,Mining,,True
DAQ.P,Dominus Acquisition Corp.,,,,,,,,,,False,P,Diversified Industries,suffix:P,False
DBG,Doubleview Gold Corp.,DBG,Doubleview Gold Corp.,TSXV,Materials,Mining,Industrial Metals,235422016.0,435530730.0,1.85,True,,Mining,,True
DPF,Dr. Phone Fix Canada Corporation,DPF,Dr. Phone Fix Canada Corporation,TSXV,Technology,Hardware & Equipment,Consumer Electronics,182467753.0,21896131.0,0.12,True,,Technology,,True
DRAX.P,Draxos Capital Corp.,,,,,,,,,,False,P,Diversified Industries,suffix:P,False
DRY,Dryden Gold Corp.,DRY,Dryden Gold Corp.,TSXV,Materials,Mining,Precious Metals,244066950.0,69559081.0,0.285,True,,Mining,,True
DYG,Dynasty Gold Corp.,DYG,Dynasty Gold Corp.,TSXV,Materials,Mining,Gold,73950713.0,10722854.0,0.145,True,,Mining,,True
ETL,E3 Lithium Ltd.,ETL,E3 Lithium Ltd.,TSXV,Materials,Mining,Industrial Metals,87683064.0,87683064.0,1.0,True,,Mining,,True
ETL.WT,E3 Lithium Ltd  Wt 14Oct2028,ETL,E3 Lithium Ltd.,TSXV,Materials,Mining,Industrial Metals,87683064.0,87683064.0,1.0,True,WT,Mining,suffix:WT,False
EPL,Eagle Plains Resources Ltd.,EPL,Eagle Plains Resources Ltd.,TSXV,Materials,Mining,Industrial Metals,115639227.0,21971454.0,0.19,True,,Mining,,True
SPOT,EarthLabs Inc.,SPOT,EarthLabs Inc,TSXV,Technology,Software & IT Services,IT Services,141032428.0,45835540.0,0.325,True,,Technology,,True
EWK,Earthworks Industries Inc.,EWK,Earthworks Industries Inc.,TSXV,Industrials,Waste Management,Waste Management,148606629.0,5201233.0,0.035,True,,Diversified Industries,,True
EAM,East Africa Metals Inc.,EAM,East Africa Metals Inc.,TSXV,Materials,Mining,Industrial Metals,268973569.0,18828150.0,0.07,True,,Mining,,True
EW,East West Minerals Ltd.,EW,East West Minerals Ltd.,TSXV,Energy,Oil & Gas Exploration and Production,Oil & Gas Exploration and Production,16570331.0,2982660.0,0.18,True,,Oil & Gas,,True
ETF,Eastfield Resources Ltd.,ETF,Eastfield Resources Ltd.,TSXV,Materials,Mining,Precious Metals,112061585.0,4482464.0,0.04,True,,Mining,,True
EVI,Eastport Critical Metals Corp.,EVI,Eastport Critical Metals Corp.,TSXV,Materials,Mining,Industrial Metals,33490774.0,14735941.0,0.44,True,,Mining,,True
EBM,Eastwood Bio-Medical Canada Inc.,EBM,Eastwood Bio-Medical Canada Inc.,TSXV,Consumer Staples,Consumer Products - Healthcare,Consumer Healthcare Products,68885969.0,130194482.0,1.89,True,,Life Sciences,,True
ECCF.P,ECC Ventures 4 Corp.,,,,,,,,,,False,P,Diversified Industries,suffix:P,False
ECCV.P,ECC Ventures 5 Corp.,,,,,,,,,,False,P,Diversified Industries,suffix:P,False
ECCS.P,ECC Ventures 6 Corp.,,,,,,,,,,False,P,Diversified Industries,suffix:P,False
EOG,Eco (Atlantic) Oil & Gas Ltd.,EOG,Eco (Atlantic) Oil & Gas Ltd.,TSXV,Energy,Oil & Gas Exploration and Production,Oil & Gas Exploration and Production,349709027.0,297252673.0,0.85,True,,Oil & Gas,,True
EDY,Eddy Smart Home Solutions Ltd.,EDY,Eddy Smart Home Solutions Ltd.,TSXV,Technology,Hardware & Equipment,Scientific & Precision Equipment,6128623.0,9192935.0,1.5,True,,Technology,,True
CTRL,Edge Total Intelligence Inc.,CTRL,Edge Total Intelligence Inc.,TSXV,Technology,Software & IT Services,Systems Software,63071986.0,26174875.0,0.415,True,,Technology,,True
YFI,Edgewater Wireless Systems Inc.,YFI,Edgewater Wireless Systems Inc.,TSXV,Technology,Hardware & Equipment,Communications Equipment,246290410.0,9851617.0,0.04,True,,Technology,,True
EDDY,Edison Lithium Corp.,EDDY,Edison Lithium Corp.,TSXV,Materials,Mining,Industrial Metals,30128083.0,2108966.0,0.07,True,,Mining,,True
EDM,EDM Resources Inc.,EDM,EDM Resources Inc.,TSXV,Materials,Mining,Industrial Metals,80563022.0,61227897.0,0.76,True,,Mining,,True
EGLT,EGL Technology Inc.,EGLT,EGL Technology Inc.,TSXV,Industrials,Construction,Building Products & Equipment,333400000.0,16670000.0,0.05,True,,Diversified Industries,,True
EGR,EGR Exploration Ltd.,EGR,EGR Exploration Ltd.,TSXV,Materials,Mining,Gold,41699202.0,1250977.0,0.03,True,,Mining,,True
ERA,Elcora Advanced Materials Corp.,ERA,Elcora Advanced Materials Corp.,TSXV,Materials,Mining,Industrial Metals,42029703.0,10507426.0,0.25,True,,Mining,,True
ELBM,Electra Battery Materials Corporation,ELBM,Electra Battery Materials Corporation,TSXV,Materials,Mining,Industrial Metals,106800138.0,86508112.0,0.81,True,,Mining,,True
EML,Electric Metals (USA) Limited,EML,Electric Metals (USA) Limited,TSXV,Materials,Mining,Industrial Metals,201883424.0,44414354.0,0.22,True,,Mining,,True
ELEC,Electric Royalties Ltd.,ELEC,Electric Royalties Ltd.,TSXV,Materials,Mining,Industrial Metals,131166147.0,17051600.0,0.13,True,,Mining,,True
ECU,Element 29 Resources Inc.,ECU,Element 29 Resources Inc.,TSXV,Materials,Mining,Copper,188986727.0,338286242.0,1.79,True,,Mining,,True
ELM,Element Lifestyle Retirement Inc.,ELM,Element Lifestyle Retirement Inc.,TSXV,Healthcare,Healthcare Providers & Services,Hospitals and Care Facilities,70478300.0,704783.0,0.01,True,,Life Sciences,,True
SERV,Elevate Service Group Inc.,SERV,Elevate Service Group Inc.,TSXV,Industrials,Corporate Services,Specialized Business Services,41772369.0,91899212.0,2.2,True,,Diversified Industries,,True
ELC,Elysee Development Corp.,ELC,Elysee Development Corp.,TSXV,Finance,Asset Management Services,Asset Management Services,28194189.0,16916514.0,0.6,True,,Diversified Industries,,True
ECOM,Emerge Commerce Ltd.,ECOM,Emerge Commerce Ltd.,TSXV,Consumer Discretionary,Retail - Discretionary,Online Retailers,179354579.0,15245140.0,0.085,True,,Diversified Industries,,True
EMR,Emergent Metals Corp.,EMR,Emergent Metals Corp.,TSXV,Materials,Mining,Gold,67835392.0,5426832.0,0.08,True,,Mining,,True
EMO,Emerita Resources Corp.,EMO,Emerita Resources Corp.,TSXV,Materials,Mining,Industrial Metals,296623958.0,102335266.0,0.345,True,,Mining,,True
EMNT,Eminent Gold Corp.,EMNT,Eminent Gold Corp.,TSXV,Materials,Mining,Industrial Metals,83537936.0,43439727.0,0.52,True,,Mining,,True
EMPR,Empress Royalty Corp.,EMPR,Empress Royalty Corp.,TSXV,Materials,Mining,Precious Metals,137051362.0,128828281.0,0.94,True,,Mining,,True
ENA,Enablence Technologies Inc.,ENA,Enablence Technologies Inc.,TSXV,Technology,Hardware & Equipment,Communications Equipment,21067195.0,112920166.0,5.36,True,,Technology,,True
EU,Encore Energy Corp.,EU,Encore Energy Corp.,TSXV,Energy,Other Energy Sources,Uranium,194280971.0,341934509.0,1.76,True,,CleanTech,,True
ECAP.P,Endurance Capital Corp.,,,,,,,,,,False,P,Diversified Industries,suffix:P,False
EDG,Endurance Gold Corporation,EDG,Endurance Gold Corporation,TSXV,Materials,Mining,Gold,200124642.0,110068554.0,0.55,True,,Mining,,True
ENDR,Enduro Metals Corporation,ENDR,Enduro Metals Corporation,TSXV,Materials,Mining,Precious Metals,121100639.0,16954090.0,0.14,True,,Mining,,True
ENEV,Enerev5 Metals Inc.,ENEV,Enerev5 Metals Inc.,TSXV,Industrials,Industrial Goods,Electrical Equipment,343096841.0,3430969.0,0.01,True,,Diversified Industries,,True
EAU,Engineer Gold Mines Ltd.,EAU,Engineer Gold Mines Ltd.,TSXV,Materials,Mining,Gold,29309233.0,2637831.0,0.09,True,,Mining,,True
EGM,Engold Mines Ltd.,EGM,Engold Mines Ltd.,TSXV,Materials,Mining,Industrial Metals,43981546.0,4398155.0,0.1,True,,Mining,,True
ENW,EnWave Corporation,ENW,EnWave Corporation,TSXV,Industrials,Industrial Goods,Specialized Industrial Machinery,118716721.0,27304846.0,0.23,True,,Diversified Industries,,True
EQ,EQ Inc.,EQ,EQ Inc.,TSXV,Media,Traditional Media,Marketing & Advertising Agencies,69435624.0,66658200.0,0.96,True,,Diversified Industries,,True
EQTY,Equity Metals Corporation,EQTY,Equity Metals Corporation,TSXV,Materials,Mining,Precious Metals,243550530.0,63323138.0,0.26,True,,Mining,,True
NOVA,EraNova Metals Inc.,NOVA,EraNova Metals Inc.,TSXV,Materials,Mining,Industrial Metals,55771908.0,9760084.0,0.175,True,,Mining,,True
ERDA,Erda Resource Opportunities Inc.,ERDA,Erda Resource Opportunities Inc.,TSXV,Materials,Mining,Industrial Metals,243246601.0,31622059.0,0.13,True,,Mining,,True
EM,Errington Metals Corp.,EM,Errington Metals Corp.,TSXV,Materials,Mining,Industrial Metals,46833044.0,226671933.0,4.84,True,,Mining,,True
ESBL,Eshbal Functional Food Inc.,ESBL,Eshbal Functional Food Inc.,TSXV,Consumer Staples,Consumer Products - Foods,"Canned, Frozen & Preserved Foods",83261203.0,7077203.0,0.085,True,,Diversified Industries,,True
ESK,Eskay Mining Corp,ESK,Eskay Mining Corp.,TSXV,Materials,Mining,Industrial Metals,193857123.0,62034280.0,0.32,True,,Mining,,True
ESXR,Essex Resources Corp.,ESXR,Essex Resources Corp.,TSXV,Materials,Mining,Industrial Metals,9675000.0,870750.0,0.09,True,,Mining,,True
EBCD.P,Eureka Capital Corp.,,,,,,,,,,False,P,Diversified Industries,suffix:P,False
EMN,Euro Manganese Inc.,EMN,Euro Manganese Inc.,TSXV,Materials,Mining,Industrial Metals,142954504.0,12865906.0,0.09,True,,Mining,,True
EOX,Euromax Resources Ltd.,EOX,Euromax Resources Ltd.,TSXV,Materials,Mining,Industrial Metals,937317523.0,70298815.0,0.075,True,,Mining,,True
EVNI,EV Nickel Inc.,EVNI,EV Nickel Inc.,TSXV,Materials,Mining,Industrial Metals,144063816.0,20889254.0,0.145,True,,Mining,,True
EVNT,Eventer Technologies Ltd.,EVNT,Eventer Technologies Ltd.,TSXV,Technology,Software & IT Services,Application Software,7129576.0,14259152.0,2.0,True,,Technology,,True
EVGN,EverGen Infrastructure Corp.,EVGN,Evergen Infrastructure Corp.,TSXV,Industrials,Waste Management,Waste Management,25880497.0,13716664.0,0.53,True,,Diversified Industries,,True
EVER,Evergold Corp.,EVER,Evergold Corp.,TSXV,Materials,Mining,Industrial Metals,23181385.0,12517948.0,0.54,True,,Mining,,True
EK,Everkind Wellness Inc.,EK,Everkind Wellness Inc.,TSXV,Finance,Diversified Financial Services,Other Diversified Financial Services,101523249.0,87309995.0,0.86,True,,Diversified Industries,,True
EPF,Everyday People Financial Corp.,EPF,Everyday People Financial Corp.,TSXV,Finance,Credit Finance,Business Credit Services,130106636.0,56596387.0,0.435,True,,Diversified Industries,,True
EVOC.P,Evocati Capital Resources Inc.,,,,,,,,,,False,P,Diversified Industries,suffix:P,False
EXCL,Excalibur Metals Corp.,EXCL,Excalibur Metals Corp.,TSXV,Materials,Mining,Precious Metals,63637883.0,7000168.0,0.11,True,,Mining,,True
EXN,Excellon Resources Inc.,EXN,Excellon Resources Inc.,TSXV,Materials,Mining,Silver,390651956.0,175793381.0,0.45,True,,Mining,,True
XCAP.P,Exelerate Capital Corp.,,,,,,,,,,False,P,Diversified Industries,suffix:P,False
EXG,ExGen Resources Inc.,EXG,ExGen Resources Inc.,TSXV,Materials,Mining,Precious Metals,138199808.0,14510980.0,0.105,True,,Mining,,True
FUU,F3 Uranium Corp.,FUU,F3 Uranium Corp.,TSXV,Energy,Other Energy Sources,Uranium,634430097.0,98336666.0,0.155,True,,CleanTech,,True
FFU,F4 Uranium Corp.,FFU,F4 Uranium Corp.,TSXV,Energy,Other Energy Sources,Uranium,82779077.0,9519594.0,0.115,True,,CleanTech,,True
FBF,Fab-Form Industries Ltd.,FBF,Fab-Form Industries Ltd.,TSXV,Materials,Construction Materials,Construction Materials,9174507.0,8991017.0,0.98,True,,Diversified Industries,,True
FINV.P,Faction Investment Group Corp.,,,,,,,,,,False,P,Diversified Industries,suffix:P,False
FAIR,Fairchild Gold Corp.,FAIR,Fairchild Gold Corp.,TSXV,Materials,Mining,Gold,229472781.0,11473640.0,0.05,True,,Mining,,True
FPY.P,Fairplay Ventures Inc.,,,,,,,,,,False,P,Diversified Industries,suffix:P,False
FPC,Falco Resources Ltd.,FPC,Falco Resources Ltd.,TSXV,Materials,Mining,Industrial Metals,351859599.0,214634356.0,0.61,True,,Mining,,True
FLCN,Falcon Energy Materials plc,FLCN,Falcon Energy Materials plc,TSXV,Materials,Mining,Industrial Metals,170844144.0,179386352.0,1.05,True,,Mining,,True
FG,Falcon Gold Corp.,FG,Falcon Gold Corp.,TSXV,Materials,Mining,Gold,59311377.0,1779342.0,0.03,True,,Mining,,True
FSTV.P,Falconstar Ventures Inc.,FSTV,Falconstar Ventures Inc.,TSXV,,,,7250000.0,2573750.0,0.355,True,P,Diversified Industries,suffix:P,False
FCLX,FCL-X Fire & Safety Inc.,FCLX,FCL-X Fire & Safety Inc.,TSXV,Materials,Mining,Industrial Metals,115325295.0,46130118.0,0.4,True,,Mining,,True
FHR,Fiddlehead Resources Corp.,FHR,Fiddlehead Resources Corp.,TSXV,Energy,Oil & Gas Exploration and Production,Oil & Gas Exploration and Production,71364113.0,7850053.0,0.11,True,,Oil & Gas,,True
FHR.WT,Fiddlehead Resources Corp. wts 29Aug2029,FHR,Fiddlehead Resources Corp.,TSXV,Energy,Oil & Gas Exploration and Production,Oil & Gas Exploration and Production,71364113.0,7850053.0,0.11,True,WT,Oil & Gas,suffix:WT,False
FMN,Fidelity Minerals Corp.,FMN,Fidelity Minerals Corp.,TSXV,Materials,Mining,Industrial Metals,47751906.0,14803091.0,0.31,True,,Mining,,True
FFC.P,Fife Capital Corp.,,,,,,,,,,False,P,Diversified Industries,suffix:P,False
FDI,Findev Inc.,FDI,Findev Inc.,TSXV,Finance,Banking,Thrifts & Mortgage Financing,28647441.0,9023944.0,0.315,True,,Diversified Industries,,True
FINX,FinEx Metals Ltd.,FINX,FinEx Metals Ltd.,TSXV,Materials,Mining,Gold,73717968.0,6634618.0,0.09,True,,Mining,,True
FYL,Finlay Minerals Ltd,FYL,Finlay Minerals Ltd.,TSXV,Materials,Mining,Precious Metals,170600985.0,19619114.0,0.115,True,,Mining,,True
FTEC,Fintech Select Ltd.,FTEC,Fintech Select Ltd.,TSXV,Finance,Diversified Financial Services,Payments & Transaction Services,83249515.0,2081238.0,0.025,True,,Diversified Industries,,True
FFOX,Firefox Gold Corp.,FFOX,Firefox Gold Corp.,TSXV,Materials,Mining,Gold,49969316.0,26983431.0,0.54,True,,Mining,,True
FWZ,Fireweed Metals Corp.,FWZ,Fireweed Metals Corp.,TSXV,Materials,Mining,Industrial Metals,227053299.0,828744542.0,3.65,True,,Mining,,True
FCA.U,Firm Capital Apartment Real Estate Investment Trust USD,,,,,,,,,,False,U,Diversified Industries,suffix:U,False
FCA.UN,Firm Capital Apartment Real Estate Investment Trust,,,,,,,,,,False,UN,Diversified Industries,suffix:UN,False
FAS,First Andes Silver Ltd.,FAS,First Andes Silver Ltd.,TSXV,Materials,Mining,Precious Metals,86515703.0,7353835.0,0.085,True,,Mining,,True
FAN,First Atlantic Nickel & Cobalt Corp.,FAN,First Atlantic Nickel & Cobalt Corp.,TSXV,Materials,Mining,Industrial Metals,156508502.0,109555952.0,0.7,True,,Mining,,True
FCI,First Canadian Graphite Inc.,FCI,First Canadian Graphite Inc.,TSXV,Materials,Mining,Industrial Metals,46298226.0,18750782.0,0.405,True,,Mining,,True
HELI,First Helium Inc.,HELI,First Helium Inc.,TSXV,Energy,Oil & Gas Exploration and Production,Oil & Gas Exploration and Production,265489024.0,7964671.0,0.03,True,,Oil & Gas,,True
FHYD,First Hydrogen Corp.,FHYD,First Hydrogen Corp.,TSXV,Consumer Discretionary,Vehicles,Conventional Vehicle Manufacturers,92046384.0,33596931.0,0.365,True,,Diversified Industries,,True
AAA.P,First Tidal Acquisition Corp.,,,,,,,,,,False,P,Diversified Industries,suffix:P,False
FTZ,Fitzroy Minerals Inc.,FTZ,Fitzroy Minerals Inc.,TSXV,Materials,Mining,Precious Metals,330728849.0,143867050.0,0.435,True,,Mining,,True
FEX,Fjordland Exploration Inc.,FEX,Fjordland Exploration Inc.,TSXV,Materials,Mining,Industrial Metals,82935531.0,2073389.0,0.025,True,,Mining,,True
FONC.P,Florence One Capital Inc.,,,,,,,,,,False,P,Diversified Industries,suffix:P,False
FOBI,Fobi AI Inc.,FOBI,Fobi AI Inc.,TSXV,Technology,Software & IT Services,Application Software,251681977.0,10067280.0,0.04,True,,Technology,,True
FMS,Focus Graphite Inc.,FMS,Focus Graphite Inc.,TSXV,Materials,Mining,Industrial Metals,110641731.0,43150276.0,0.39,True,,Mining,,True
FTJ,Fort St. James Nickel Corp.,FTJ,Fort St. James Nickel Corp.,TSXV,Materials,Mining,Industrial Metals,26248262.0,918690.0,0.035,True,,Mining,,True
FORT,Fort Technology Inc.,FORT,Fort Technology Inc.,TSXV,Consumer Staples,Consumer Products - Household & Personal,Household & Personal Products,15042582.0,22263022.0,1.48,True,,Diversified Industries,,True
FOR,Fortune Bay Corp.,FOR,Fortune Bay Corp.,TSXV,Materials,Mining,Gold,71291155.0,63449128.0,0.89,True,,Mining,,True
FWTC,Forward Water Technologies Corp.,FWTC,Forward Water Technologies Corp.,TSXV,Utilities,Regulated Utilities,Regulated Water Utilities,49174592.0,1475238.0,0.03,True,,Diversified Industries,,True
FDR,Founders Metals Inc.,FDR,Founders Metals Inc.,TSXV,Materials,Mining,Gold,116187366.0,685505460.0,5.9,True,,Mining,,True
FA,Fountain Asset Corp.,FA,Fountain Asset Corp.,TSXV,Finance,Credit Finance,Business Credit Services,64326702.0,3216336.0,0.05,True,,Diversified Industries,,True
FUN.P,Fountainhall Capital Corp.,,,,,,,,,,False,P,Diversified Industries,suffix:P,False
AROW.P,Four Arrows Capital Corp.,,,,,,,,,,False,P,Diversified Industries,suffix:P,False
FOXT,Fox Tungsten Ltd.,FOXT,Fox Tungsten Ltd.,TSXV,Materials,Mining,Industrial Metals,274886500.0,49479570.0,0.18,True,,Mining,,True
FP,FP Newspapers Inc.,FP,FP Newspapers Inc.,TSXV,Media,Traditional Media,Publishing,6902592.0,5453048.0,0.79,True,,Diversified Industries,,True
FPX,FPX Nickel Corp.,FPX,FPX Nickel Corp.,TSXV,Materials,Mining,Industrial Metals,315928978.0,105836208.0,0.335,True,,Mining,,True
FRAS.P,Fraser Big Sky Capital Corp.,,,,,,,,,,False,P,Diversified Industries,suffix:P,False
FRED,Fredonia Mining Inc.,FRED,Fredonia Mining Inc.,TSXV,Materials,Mining,Precious Metals,64851051.0,50583820.0,0.78,True,,Mining,,True
FMAN,Freeman Gold Corp.,FMAN,Freeman Gold Corp.,TSXV,Materials,Mining,Gold,311326484.0,136983653.0,0.44,True,,Mining,,True
FMAN.WT.U,Freeman Gold Corp. wt. 29Nov2026,FMAN,Freeman Gold Corp.,TSXV,Materials,Mining,Gold,311326484.0,136983653.0,0.44,True,WT,Mining,suffix:WT,False
FRI,Freeport Resources Inc.,FRI,Freeport Resources Inc.,TSXV,Materials,Mining,Industrial Metals,379745352.0,20885995.0,0.055,True,,Mining,,True
FREQ,Frequency Exchange Corp.,FREQ,Frequency Exchange Corp.,TSXV,Healthcare,Medical Equipment & Supplies,Surgical & Medical Apparatus,58946121.0,16210184.0,0.275,True,,Life Sciences,,True
FRNT,FRNT Financial Inc.,FRNT,FRNT Financial Inc.,TSXV,Finance,Capital Markets,Capital Markets,42545904.0,1701837.0,0.04,True,,Diversified Industries,,True
FL,Frontier Lithium Inc.,FL,Frontier Lithium Inc.,TSXV,Materials,Mining,Industrial Metals,250567041.0,107743828.0,0.43,True,,Mining,,True
FL.WT,Frontier Lithium Inc Wt 30Apr2028,FL,Frontier Lithium Inc.,TSXV,Materials,Mining,Industrial Metals,250567041.0,107743828.0,0.43,True,WT,Mining,suffix:WT,False
NHHH,FuelPositive Corporation,NHHH,FuelPositive Corporation,TSXV,Industrials,Industrial Goods,Electrical Equipment,550675955.0,35793938.0,0.065,True,,Diversified Industries,,True
FMM,Full Metal Minerals Ltd.,FMM,Full Metal Minerals Ltd.,TSXV,Materials,Mining,Industrial Metals,59312456.0,3558748.0,0.06,True,,Mining,,True
FUSE,Fuse Battery Metals Inc.,FUSE,Fuse Battery Metals Inc.,TSXV,Materials,Mining,Industrial Metals,37629745.0,1693339.0,0.045,True,,Mining,,True
FTUR,Future Fuels Inc.,FTUR,Future Fuels Inc.,TSXV,Materials,Mining,Industrial Metals,110577432.0,49759845.0,0.45,True,,Mining,,True
LITT,Futuregen Industries Corp.,LITT,Futuregen Industries Corp.,TSXV,Finance,Asset Management Services,Asset Management Services,55614161.0,6673700.0,0.12,True,,Diversified Industries,,True
GBU,Gabriel Resources Ltd.,GBU,Gabriel Resources Ltd.,TSXV,Materials,Mining,Precious Metals,277223441.0,30494579.0,0.11,True,,Mining,,True
GGAU,Galactic Gold Corp.,GGAU,Galactic Gold Corp.,TSXV,Materials,Mining,Gold,49382778.0,8888901.0,0.18,True,,Mining,,True
GAL,Galantas Gold Corporation,GAL,Galantas Gold Corporation,TSXV,Materials,Mining,Gold,832276823.0,524334399.0,0.63,True,,Mining,,True
GXY.P,Galaxy Ventures Inc.,,,,,,,,,,False,P,Diversified Industries,suffix:P,False
GGO,Galleon Gold Corp.,GGO,Galleon Gold Corp.,TSXV,Materials,Mining,Gold,136127416.0,153823981.0,1.13,True,,Mining,,True
GRI,Galore Resources Inc,GRI,Galore Resources Inc.,TSXV,Materials,Mining,Industrial Metals,177300669.0,3546014.0,0.02,True,,Mining,,True
GWM,Galway Metals Inc.,GWM,Galway Metals Inc.,TSXV,Materials,Mining,Gold,135874780.0,89677355.0,0.66,True,,Mining,,True
GAMA,Gamma Resources Ltd.,GAMA,Gamma Resources Ltd.,TSXV,Energy,Other Energy Sources,Uranium,42139281.0,2739054.0,0.065,True,,CleanTech,,True
GGI,Garibaldi Resources Corp.,GGI,Garibaldi Resources Corp.,TSXV,Materials,Mining,Industrial Metals,152040555.0,10642839.0,0.07,True,,Mining,,True
GSI,Gatekeeper Systems Inc.,GSI,Gatekeeper Systems Inc.,TSXV,Industrials,Corporate Services,Security Services,111592621.0,197518940.0,1.77,True,,Diversified Industries,,True
GKO,Geekco Technologies Corporation,GKO,Geekco Technologies Corporation,TSXV,Technology,Software & IT Services,Application Software,133198606.0,4661952.0,0.035,True,,Technology,,True
BEEP,Geiger Energy Corporation,BEEP,Geiger Energy Corporation,TSXV,Energy,Other Energy Sources,Uranium,88110455.0,20265405.0,0.23,True,,CleanTech,,True
GEMG,Gemdale Gold Inc.,GEMG,Gemdale Gold Inc.,TSXV,Materials,Mining,Gold,21403722.0,34245956.0,1.6,True,,Mining,,True
REBL.P,Genesis Acquisition Corp.,,,,,,,,,,False,P,Diversified Industries,suffix:P,False
GENX,Genix Pharmaceuticals Corporation,GENX,Genix Pharmaceuticals Corporation,TSXV,Healthcare,Pharmaceuticals,Pharmaceutical Manufacturers - Specialty & Generic,61224131.0,1224483.0,0.02,True,,Life Sciences,,True
GSP,Gensource Potash Corporation,GSP,Gensource Potash Corporation,TSXV,Materials,Mining,Industrial Metals,478346601.0,69360258.0,0.145,True,,Mining,,True
GMA,Geomega Resources Inc,GMA,Geomega Resources Inc.,TSXV,Materials,Mining,Industrial Metals,167128348.0,40946446.0,0.245,True,,Mining,,True
GTC,Getty Copper Inc.,GTC,Getty Copper Inc.,TSXV,Materials,Mining,Industrial Metals,73100841.0,73100841.0,1.0,True,,Mining,,True
GFG,GFG Resources Inc.,GFG,GFG Resources Inc.,TSXV,Materials,Mining,Gold,304205295.0,71488245.0,0.235,True,,Mining,,True
GGL,GGL Resources Corp.,GGL,GGL Resources Corp.,TSXV,Materials,Mining,Precious Metals,104357475.0,5217874.0,0.05,True,,Mining,,True
GGX,GGX Gold Corp.,GGX,GGX Gold Corp.,TSXV,Materials,Mining,Gold,38394380.0,1535776.0,0.04,True,,Mining,,True
GIGA,Giga Metals Corporation,GIGA,Giga Metals Corporation,TSXV,Materials,Mining,Industrial Metals,158079721.0,10275182.0,0.065,True,,Mining,,True
GOK,GINSMS Inc.,GOK,GINSMS Inc.,TSXV,Media,Telecommunications,Telecommunication Services,187118368.0,4677960.0,0.025,True,,Diversified Industries,,True
EMM,Giyani Metals Corp.,EMM,Giyani Metals Corp.,TSXV,Materials,Mining,Industrial Metals,333837025.0,21699407.0,0.065,True,,Mining,,True
GLAD,Gladiator Metals Corp.,GLAD,Gladiator Metals Corp.,TSXV,Materials,Mining,Industrial Metals,110526797.0,315001372.0,2.85,True,,Mining,,True
GBML,Global Battery Metals Ltd.,GBML,Global Battery Metals Ltd.,TSXV,Materials,Mining,Industrial Metals,14853927.0,3267864.0,0.22,True,,Mining,,True
CUCU,Global Copper Corp.,CUCU,Global Copper Corp.,TSXV,Materials,Mining,Copper,45322738.0,906455.0,0.02,True,,Mining,,True
GEMC,Global Energy Metals Corporation,GEMC,Global Energy Metals Corporation,TSXV,Materials,Mining,Industrial Metals,67572127.0,1351443.0,0.02,True,,Mining,,True
PWER,Global Power Solutions Corp.,PWER,Global Power Solutions Corp.,TSXV,Industrials,Construction,Engineering & Construction Services,29866976.0,10005437.0,0.335,True,,Diversified Industries,,True
GMV,GMV Minerals Inc,GMV,GMV Minerals Inc.,TSXV,Materials,Mining,Gold,122650346.0,19010804.0,0.155,True,,Mining,,True
GG,Golconda Gold Ltd.,GG,Golconda Gold Ltd.,TSXV,Materials,Mining,Gold,71401362.0,212776059.0,2.98,True,,Mining,,True
GLD,Gold Finder Resources Ltd.,GLD,Gold Finder Resources Ltd.,TSXV,Materials,Mining,Precious Metals,68775201.0,3438761.0,0.05,True,,Mining,,True
HART,Gold Hart Copper Corp.,HART,Gold Hart Copper Corp.,TSXV,Materials,Mining,Industrial Metals,252247185.0,51710673.0,0.205,True,,Mining,,True
GRZ,Gold Reserve Ltd.,GRZ,Gold Reserve Ltd.,TSXV,Materials,Mining,Gold,147869033.0,1001073354.0,6.77,True,,Mining,,True
GST,Gold Strategy Inc.,GST,Gold Strategy Inc.,TSXV,Materials,Mining,Industrial Metals,2061976.0,3051725.0,1.48,True,,Mining,,True
GSR,Gold Strike Resources Corp.,GSR,Gold Strike Resources Corp.,TSXV,Materials,Mining,Gold,156046413.0,69440654.0,0.445,True,,Mining,,True
YGT,Gold Terra Resource Corp.,YGT,Gold Terra Resource Corp.,TSXV,Materials,Mining,Gold,510066184.0,96912575.0,0.19,True,,Mining,,True
AUXX,Gold X2 Mining Inc.,AUXX,Gold X2 Mining Inc.,TSXV,Materials,Mining,Gold,101110094.0,1110188833.0,10.98,True,,Mining,,True
GLB,Goldbank Mining Corporation,GLB,Goldbank Mining Corporation,TSXV,Materials,Mining,Gold,192521226.0,64494611.0,0.335,True,,Mining,,True
GCN,Goldcliff Resource Corporation,GCN,Goldcliff Resource Corporation,TSXV,Materials,Mining,Gold,80847907.0,2425438.0,0.03,True,,Mining,,True
GRG,Golden Arrow Resources Corporation,GRG,Golden Arrow Resources Corporation,TSXV,Materials,Mining,Industrial Metals,169416596.0,17788743.0,0.105,True,,Mining,,True
AUX,Golden Cross Resources Inc.,AUX,Golden Cross Resources Inc.,TSXV,Materials,Mining,Industrial Metals,100404132.0,17068703.0,0.17,True,,Mining,,True
GNG,Golden Goliath Resources Ltd.,GNG,Golden Goliath Resources Ltd.,TSXV,Materials,Mining,Industrial Metals,54370652.0,4349653.0,0.08,True,,Mining,,True
GDP,Golden Pursuit Resources Ltd.,GDP,Golden Pursuit Resources Ltd.,TSXV,Materials,Mining,Precious Metals,47099943.0,11774986.0,0.25,True,,Mining,,True
GLDN,Golden Ridge Resources Ltd.,GLDN,Golden Ridge Resources Ltd.,TSXV,Materials,Mining,Precious Metals,58541320.0,4683306.0,0.08,True,,Mining,,True
AUEN,Golden Sky Minerals Corp.,AUEN,Golden Sky Minerals Corp.,TSXV,Materials,Mining,Industrial Metals,24305574.0,6684033.0,0.275,True,,Mining,,True
GCV,Golden Star Capital Ventures Inc.,GCV,Golden Star Capital Ventures Inc.,TSXV,Finance,Diversified Financial Services,Other Diversified Financial Services,29983002.0,8994901.0,0.3,True,,Diversified Industries,,True
GERA,Goldera Exploration Ltd.,GERA,Goldera Exploration Ltd.,TSXV,Materials,Mining,Gold,72041411.0,13327662.0,0.185,True,,Mining,,True
GORO,Goldgroup Mining Inc.,GORO,Goldgroup Mining Inc.,TSXV,Materials,Mining,Gold,134893207.0,640742734.0,4.75,True,,Mining,,True
GHL,Goldhills Holding Ltd.,GHL,Goldhills Holding Ltd.,TSXV,Materials,Mining,Industrial Metals,36472666.0,1823634.0,0.05,True,,Mining,,True
INXS,GoldInxs Mining Corp.,INXS,Goldinxs Mining Corp.,TSXV,Materials,Mining,Precious Metals,35135026.0,3689178.0,0.105,True,,Mining,,True
GQC,GoldQuest Mining Corp.,GQC,GoldQuest Mining Corp.,TSXV,Materials,Mining,Industrial Metals,384424396.0,330604981.0,0.86,True,,Mining,,True
GSKR,Goldsky Resources Corp.,GSKR,Goldsky Resources Corp.,TSXV,Materials,Mining,Precious Metals,264689693.0,921120132.0,3.48,True,,Mining,,True
GSTM,Goldstorm Metals Corp.,GSTM,Goldstorm Metals Corp.,TSXV,Materials,Mining,Gold,142275596.0,24898230.0,0.175,True,,Mining,,True
GOT,Goliath Resources Limited,GOT,Goliath Resources Limited,TSXV,Materials,Mining,Precious Metals,177889945.0,300634008.0,1.69,True,,Mining,,True
GOOD,Good Gamer Entertainment Inc.,GOOD,Good Gamer Entertainment Inc.,TSXV,Media,Interactive Multi-Media,Gaming & Multimedia,5924073.0,1481019.0,0.25,True,,Diversified Industries,,True
GFOR.P,Good2Go4 Corp.,,,,,,,,,,False,P,Diversified Industries,suffix:P,False
GSS,Gossan Resources Limited,GSS,Gossan Resources Limited,TSXV,Materials,Mining,Industrial Metals,67459471.0,1686487.0,0.025,True,,Mining,,True
GPM,GPM Metals Inc.,GPM,GPM Metals Inc.,TSXV,Materials,Mining,Industrial Metals,160848434.0,12867875.0,0.08,True,,Mining,,True
GRSL,GR Silver Mining Ltd.,GRSL,GR Silver Mining Ltd.,TSXV,Materials,Mining,Precious Metals,509415533.0,203766214.0,0.4,True,,Mining,,True
GFTA,Grafta Nanotech Corp.,GFTA,Grafta Nanotech Corp.,TSXV,,,,78417106.0,17643849.0,0.225,True,,Diversified Industries,,True
GGM,Granada Gold Mine Inc.,GGM,Granada Gold Mine Inc.,TSXV,Materials,Mining,Gold,227265949.0,7954309.0,0.035,True,,Mining,,True
GPG,Grande Portage Resources Ltd.,GPG,Grande Portage Resources Ltd.,TSXV,Materials,Mining,Gold,198648185.0,73499829.0,0.37,True,,Mining,,True
GEL,Graphano Energy Ltd.,GEL,Graphano Energy Ltd.,TSXV,Materials,Mining,Industrial Metals,21688268.0,2060386.0,0.095,True,,Mining,,True
GMG,Graphene Manufacturing Group Ltd.,GMG,Graphene Manufacturing Group Ltd.,TSXV,Materials,Chemicals,Special Chemicals,126740434.0,309246659.0,2.44,True,,Diversified Industries,,True
GMG.WT.A,Graphene Manufacturing Group Ltd. wt  A 16Aug2027,GMG,Graphene Manufacturing Group Ltd.,TSXV,Materials,Chemicals,Special Chemicals,126740434.0,309246659.0,2.44,True,WT,Diversified Industries,suffix:WT,False
GPH,Graphite One Inc.,GPH,Graphite One Inc.,TSXV,Materials,Mining,Industrial Metals,208967736.0,198519350.0,0.95,True,,Mining,,True
GPH.WT,Graphite One Inc wt 22Aug2027,GPH,Graphite One Inc.,TSXV,Materials,Mining,Industrial Metals,208967736.0,198519350.0,0.95,True,WT,Mining,suffix:WT,False
GPH.WT.A,Graphite One Inc wt 18Feb2029,GPH,Graphite One Inc.,TSXV,Materials,Mining,Industrial Metals,208967736.0,198519350.0,0.95,True,WT,Mining,suffix:WT,False
GR,Great Atlantic Resources Corp.,GR,Great Atlantic Resources Corp.,TSXV,Materials,Mining,Industrial Metals,66377696.0,4978328.0,0.075,True,,Mining,,True
GPAC,Great Pacific Gold Corp.,GPAC,Great Pacific Gold Corp.,TSXV,Materials,Mining,Gold,195998465.0,51939594.0,0.265,True,,Mining,,True
GPS,Great Plains Metals Corp.,GPS,Great Plains Metals Corp.,TSXV,Materials,Mining,Gold,76940719.0,8463480.0,0.11,True,,Mining,,True
GPCC.P,Green Panda Capital Corp.,,,,,,,,,,False,P,Diversified Industries,suffix:P,False
GRF,Green Rise Foods Inc.,GRF,Green Rise Foods Inc.,TSXV,Consumer Staples,Consumer Products - Foods,Agricultural Food Products,47489066.0,15671392.0,0.33,True,,Diversified Industries,,True
GCOM,Green Shift Commodities Ltd.,GCOM,Green Shift Commodities Ltd.,TSXV,Materials,Mining,Industrial Metals,137726218.0,10329467.0,0.075,True,,Mining,,True
GRB,Greenbriar Sustainable Living Inc.,GRB,Greenbriar Sustainable Living Inc.,TSXV,Energy,Renewable Energy Producers,Diversified Renewable Energy,44479983.0,28022390.0,0.63,True,,CleanTech,,True
VGN,Greencastle Resources Ltd.,VGN,Greencastle Resources Ltd.,TSXV,Energy,Oil & Gas Exploration and Production,Oil & Gas Exploration and Production,53110671.0,1062214.0,0.02,True,,Oil & Gas,,True
GHRT,Greenheart Gold Inc.,GHRT,Greenheart Gold Inc.,TSXV,Materials,Mining,Gold,214351371.0,186485693.0,0.87,True,,Mining,,True
GRL,GreenLight Metals Inc.,GRL,GreenLight Metals Inc.,TSXV,Materials,Mining,Industrial Metals,99704126.0,29911238.0,0.3,True,,Mining,,True
WOLF,Grey Wolf Health Corp.,WOLF,Grey Wolf Health Corp.,TSXV,Consumer Discretionary,Personal Services,Personal Services,34640294.0,59408105.0,1.715,True,,Diversified Industries,,True
CELL,Grid Battery Metals Inc.,CELL,Grid Battery Metals Inc.,TSXV,Materials,Mining,Industrial Metals,193380795.0,3867616.0,0.02,True,,Mining,,True
GRDM,Grid Metals Corp.,GRDM,Grid Metals Corp.,TSXV,Materials,Mining,Industrial Metals,233037067.0,32625190.0,0.14,True,,Mining,,True
FIN,Grit Metals Corp.,FIN,Grit Metals Corp.,TSXV,Materials,Mining,Industrial Metals,66288815.0,5634550.0,0.085,True,,Mining,,True
GZD,Grizzly Discoveries Inc.,GZD,Grizzly Discoveries Inc.,TSXV,Materials,Mining,Industrial Metals,234021369.0,14041283.0,0.06,True,,Mining,,True
GRVA.P,Grosvenor CPC I Inc.,,,,,,,,,,False,P,Diversified Industries,suffix:P,False
GVR,Grosvenor Resource Corporation,GVR,Grosvenor Resource Corporation,TSXV,Materials,Mining,Precious Metals,33400696.0,1670035.0,0.05,True,,Mining,,True
GRD,Grounded Lithium Corp.,GRD,Grounded Lithium Corp.,TSXV,Materials,Mining,Industrial Metals,80479726.0,4828784.0,0.06,True,,Mining,,True
ZNG,Group Eleven Resources Corp.,ZNG,Group Eleven Resources Corp.,TSXV,Materials,Mining,Industrial Metals,282357711.0,248474786.0,0.88,True,,Mining,,True
GSPR,GSP Resource Corp.,GSPR,GSP Resource Corp.,TSXV,Materials,Mining,Precious Metals,57889520.0,7815086.0,0.135,True,,Mining,,True
GT,GT Resources Inc.,GT,GT Resources Inc.,TSXV,Materials,Mining,Industrial Metals,389117726.0,9727944.0,0.025,True,,Mining,,True
GSVR,Guanajuato Silver Company Ltd.,GSVR,Guanajuato Silver Company Ltd.,TSXV,Materials,Mining,Silver,758811262.0,349053181.0,0.46,True,,Mining,,True
GX,Guardian Exploration Inc.,GX,Guardian Exploration Inc.,TSXV,Energy,Oil & Gas Exploration and Production,Oil & Gas Exploration and Production,120669054.0,18100359.0,0.15,True,,Oil & Gas,,True
GUF,Gulf & Pacific Equities Corp.,GUF,Gulf & Pacific Equities Corp.,TSXV,Real Estate,Real Estate,Real Estate Services,21410685.0,11775877.0,0.55,True,,Diversified Industries,,True
GUN,Gunpoint Exploration Ltd,GUN,Gunpoint Exploration Ltd.,TSXV,Materials,Mining,Precious Metals,59769933.0,49011346.0,0.82,True,,Mining,,True
HO.P,H2 Ventures 1 Inc.,,,,,,,,,,False,P,Diversified Industries,suffix:P,False
HPM,Halcones Precious Metals Corp.,HPM,Halcones Precious Metals Corp.,TSXV,Materials,Mining,Gold,228776389.0,11438820.0,0.05,True,,Mining,,True
HMT,Halmont Properties Corporation cl A vtg shrs,HMT,Halmont Properties Corporation,TSXV,Real Estate,Real Estate,Real Estate Development,83940000.0,85618800.0,1.02,True,,Diversified Industries,,True
HFC,Hampton Financial Corporation,HFC,Hampton Financial Corporation,TSXV,Finance,Capital Markets,Capital Markets,49409892.0,12846572.0,0.26,True,,Diversified Industries,,True
HAN,Hannan Metals Ltd.,HAN,Hannan Metals Ltd.,TSXV,Materials,Mining,Industrial Metals,145217363.0,103104328.0,0.71,True,,Mining,,True
HCO.P,Hansco Capital Corp.,,,,,,,,,,False,P,Diversified Industries,suffix:P,False
HANS,Hanstone Gold Corp.,HANS,Hanstone Gold Corp.,TSXV,Materials,Mining,Industrial Metals,51693125.0,1033863.0,0.02,True,,Mining,,True
HAR,Harfang Exploration Inc.,HAR,Harfang Exploration inc.,TSXV,Materials,Mining,Industrial Metals,115435717.0,5771786.0,0.05,True,,Mining,,True
MONY.P,Harmony Acquisitions Corp.,,,,,,,,,,False,P,Diversified Industries,suffix:P,False
HVG,Harvest Gold Corp.,HVG,Harvest Gold Corp.,TSXV,Materials,Mining,Gold,179379791.0,8072091.0,0.045,True,,Mining,,True
HEC.P,Haviland Enviro Corp.,,,,,,,,,,False,P,Diversified Industries,suffix:P,False
HAW.P,Haw Capital 2 Corp.,,,,,,,,,,False,P,Diversified Industries,suffix:P,False
HAWK,Hawkeye Gold & Diamond Inc.,HAWK,Hawkeye Gold & Diamond Inc.,TSXV,Materials,Mining,Precious Metals,15311953.0,459359.0,0.03,True,,Mining,,True
HAY,Hayasa Metals Inc.,HAY,Hayasa Metals Inc.,TSXV,Materials,Mining,Gold,72499139.0,5074940.0,0.07,True,,Mining,,True
HSTR,Heliostar Metals Ltd.,HSTR,Heliostar Metals Ltd.,TSXV,Materials,Mining,Gold,279502925.0,662421933.0,2.37,True,,Mining,,True
HEVI,Helium Evolution Incorporated,HEVI,Helium Evolution Incorporated,TSXV,Energy,Oil & Gas Exploration and Production,Oil & Gas Exploration and Production,329870463.0,69272798.0,0.21,True,,Oil & Gas,,True
HHH,Helius Minerals Limited,HHH,Helius Minerals Limited,TSXV,Materials,Mining,Industrial Metals,53959601.0,288144270.0,5.34,True,,Mining,,True
HME,Hemisphere Energy Corporation,HME,Hemisphere Energy Corporation,TSXV,Energy,Oil & Gas Exploration and Production,Oil & Gas Exploration and Production,94250109.0,207821491.0,2.205,True,,Oil & Gas,,True
HEM,Hemostemix Inc.,HEM,Hemostemix Inc.,TSXV,Healthcare,Biotechnology & Life Sciences,Biotechnology,211441448.0,15858109.0,0.075,True,,Life Sciences,,True
BIG,Hercules Metals Corp.,BIG,Hercules Metals Corp.,TSXV,Materials,Mining,Silver,325898421.0,469293727.0,1.44,True,,Mining,,True
HOH,High Arctic Overseas Holdings Corp.,HOH,High Arctic Overseas Holdings Corp.,TSXV,Energy,Oil & Gas Equipment & Services,Oil & Gas Equipment & Services,12416860.0,29303790.0,2.36,True,,Oil & Gas,,True
HMCC.P,High Mountain 2 Capital Corporation,,,,,,,,,,False,P,Diversified Industries,suffix:P,False
HITI,High Tide Inc.,HITI,High Tide Inc.,TSXV,Healthcare,Healthcare Providers & Services,Drug and Proprietary Stores,87975909.0,314953755.0,3.58,True,,Life Sciences,,True
HI,Highland Copper Company Inc.,HI,Highland Copper Company Inc.,TSXV,Materials,Mining,Copper,739158985.0,136744413.0,0.185,True,,Mining,,True
HWY,Highway 50 Gold Corp.,HWY,Highway 50 Gold Corp.,TSXV,Materials,Mining,Industrial Metals,44532292.0,23156792.0,0.52,True,,Mining,,True
HAM,Highwood Asset Management Ltd.,HAM,Highwood Asset Management Ltd.,TSXV,Energy,Oil & Gas Exploration and Production,Oil & Gas Exploration and Production,15198818.0,92712790.0,6.1,True,,Oil & Gas,,True
ESPN,Hispania Resources Inc.,ESPN,Hispania Resources Inc.,TSXV,Materials,Mining,Industrial Metals,100170779.0,6010247.0,0.06,True,,Mining,,True
SHL,Homeland Nickel Inc.,SHL,Homeland Nickel Inc.,TSXV,Materials,Mining,Industrial Metals,227309927.0,86377773.0,0.38,True,,Mining,,True
HLU,Homeland Uranium Corp.,HLU,Homeland Uranium Corp.,TSXV,Energy,Other Energy Sources,Uranium,113851287.0,14800668.0,0.13,True,,CleanTech,,True
HMR,Homerun Resources Inc.,HMR,Homerun Resources Inc.,TSXV,Materials,Mining,Gold,77333285.0,44853306.0,0.58,True,,Mining,,True
TUF,Honey Badger Silver Inc.,TUF,Honey Badger Silver Inc.,TSXV,Materials,Mining,Precious Metals,163752717.0,121995775.0,0.745,True,,Mining,,True
HPL,Horizon Petroleum Ltd.,HPL,Horizon Petroleum Ltd.,TSXV,Energy,Oil & Gas Exploration and Production,Oil & Gas Exploration and Production,88441623.0,26090279.0,0.295,True,,Oil & Gas,,True
HRC.P,Hoshi Resource Corp.,,,,,,,,,,False,P,Diversified Industries,suffix:P,False
HCH,Hot Chili Limited,HCH,Hot Chili Limited,TSXV,Materials,Mining,Copper,202901656.0,355077898.0,1.75,True,,Mining,,True
HPQ,HPQ Silicon Inc.,HPQ,HPQ Silicon Inc.,TSXV,Materials,Chemicals,Special Chemicals,471775150.0,61330770.0,0.13,True,,Diversified Industries,,True
HIDE,Hydaway Digital Corp.,HIDE,Hydaway Digital Corp.,TSXV,Technology,Software & IT Services,IT Services,37482261.0,5060106.0,0.135,True,,Technology,,True
NURS,Hydreight Technologies Inc.,NURS,Hydreight Technologies Inc.,TSXV,Healthcare,Healthcare Providers & Services,Healthcare Information Services,53660930.0,193715958.0,3.61,True,,Life Sciences,,True
HC,Hypercharge Networks Corp.,HC,Hypercharge Networks Corp.,TSXV,Consumer Discretionary,Vehicles,Automotive Parts,138565416.0,11085234.0,0.08,True,,Diversified Industries,,True
IB,IBC Advanced Alloys Corp.,IB,IBC Advanced Alloys Corp.,TSXV,Industrials,Industrial Goods,Metal Fabricated Products,115536737.0,19641246.0,0.17,True,,Diversified Industries,,True
ICGH,IC Group Holdings Inc.,ICGH,IC Group Holdings Inc.,TSXV,Media,Traditional Media,Marketing & Advertising Agencies,41290567.0,19200114.0,0.465,True,,Diversified Industries,,True
ICRS,Icarus Capital Corp.,ICRS,Icarus Capital Corp.,TSXV,Media,Traditional Media,Entertainment,8577827.0,257335.0,0.03,True,,Diversified Industries,,True
ICM,Iconic Minerals Ltd.,ICM,Iconic Minerals Ltd.,TSXV,Materials,Mining,Gold,185759051.0,14860725.0,0.08,True,,Mining,,True
ICWY.P,ICWHY Capital Ventures Inc.,,,,,,,,,,False,P,Diversified Industries,suffix:P,False
IDEX,IDEX Metals Corp.,IDEX,IDEX Metals Corp.,TSXV,Materials,Mining,Industrial Metals,77533899.0,53498391.0,0.69,True,,Mining,,True
IRI,IEMR Resources Inc,IRI,IEMR Resources Inc.,TSXV,Materials,Mining,Industrial Metals,94807141.0,948072.0,0.01,True,,Mining,,True
IKC.P,Ikigai Capital Corp.,,,,,,,,,,False,P,Diversified Industries,suffix:P,False
ILC,ILC Critical Minerals Ltd.,ILC,ILC Critical Minerals Ltd.,TSXV,Materials,Mining,Industrial Metals,291528254.0,5830566.0,0.02,True,,Mining,,True
UVC,Illumisoft Lighting Corp.,UVC,Illumisoft Lighting Corp.,TSXV,Industrials,Industrial Goods,Electrical Equipment,46205589.0,51750260.0,1.12,True,,Diversified Industries,,True
ILI,Imagine Lithium Inc.,ILI,Imagine Lithium Inc.,TSXV,Materials,Mining,Industrial Metals,340628030.0,5109421.0,0.015,True,,Mining,,True
IDL,Imaging Dynamics Company Ltd.,IDL,Imaging Dynamics Company Ltd.,TSXV,Healthcare,Medical Equipment & Supplies,Surgical & Medical Apparatus,10334550.0,775092.0,0.075,True,,Life Sciences,,True
IMR,iMetal Resources Inc.,IMR,iMetal Resources Inc.,TSXV,Materials,Mining,Gold,41361068.0,8479019.0,0.205,True,,Mining,,True
IMPT,Impact Development Group Inc.,IMPT,Impact Development Group Inc.,TSXV,Real Estate,Real Estate,Real Estate Development,17151168.0,171512.0,0.01,True,,Diversified Industries,,True
IPT,IMPACT Silver Corp.,IPT,IMPACT Silver Corp.,TSXV,Materials,Mining,Silver,349531098.0,106606985.0,0.305,True,,Mining,,True
IEI,Imperial Equities Inc.,IEI,Imperial Equities Inc.,TSXV,Real Estate,Real Estate,Real Estate Services,9451242.0,44893400.0,4.75,True,,Diversified Industries,,True
IGO,Independence Gold Corp.,IGO,Independence Gold Corp.,TSXV,Materials,Mining,Gold,263947852.0,56748789.0,0.215,True,,Mining,,True
INEO,INEO Tech Corp.,INEO,INEO Tech Corp.,TSXV,Media,Traditional Media,Marketing & Advertising Agencies,52047973.0,5204798.0,0.1,True,,Diversified Industries,,True
IN,Infield Minerals Corp.,IN,Infield Minerals Corp.,TSXV,Materials,Mining,Precious Metals,75211183.0,5640839.0,0.075,True,,Mining,,True
INFM,Infinico Metals Corp.,INFM,Infinico Metals Corp.,TSXV,Materials,Mining,Gold,5634883.0,732535.0,0.13,True,,Mining,,True
INFI,Infinitum Copper Corp.,INFI,Infinitum Copper Corp.,TSXV,Materials,Mining,Copper,6128939.0,1164499.0,0.19,True,,Mining,,True
IOT,Innovotech Inc.,IOT,Innovotech Inc.,TSXV,Healthcare,Biotechnology & Life Sciences,Life Sciences Equipment & Services,54438232.0,4082868.0,0.075,True,,Life Sciences,,True
MINE,Inomin Mines Inc.,MINE,Inomin Mines Inc.,TSXV,Materials,Mining,Industrial Metals,55601452.0,6672175.0,0.12,True,,Mining,,True
ISGI,Insuraguest Technologies Inc.,ISGI,Insuraguest Technologies Inc.,TSXV,Technology,Software & IT Services,Application Software,170533822.0,1705339.0,0.01,True,,Technology,,True
ITR,Integra Resources Corp.,ITR,Integra Resources Corp.,TSXV,Materials,Mining,Precious Metals,202867270.0,789153681.0,3.89,True,,Mining,,True
ITR.WT,Integra Resources Corp. wt 13Mar2027,ITR,Integra Resources Corp.,TSXV,Materials,Mining,Precious Metals,202867270.0,789153681.0,3.89,True,WT,Mining,suffix:WT,False
IRO,Inter-Rock Minerals Inc.,IRO,Inter-Rock Minerals Inc.,TSXV,Consumer Staples,Consumer Products - Foods,"Canned, Frozen & Preserved Foods",21659311.0,23608649.0,1.09,True,,Diversified Industries,,True
IBAT,International Battery Metals Ltd.,IBAT,International Battery Metals Ltd.,TSXV,Materials,Mining,Industrial Metals,379001682.0,37900169.0,0.1,True,,Mining,,True
IFR,International Frontier Resources Corporation,IFR,International Frontier Resources Corpora,TSXV,Energy,Oil & Gas Exploration and Production,Oil & Gas Exploration and Production,38085397.0,1332989.0,0.035,True,,Oil & Gas,,True
IMM,International Metals Mining Corp.,IMM,International Metals Mining Corp.,TSXV,Materials,Mining,Industrial Metals,22491713.0,1574420.0,0.07,True,,Mining,,True
IPD,Intl Parkside Products Inc.,IPD,International Parkside Products Inc.,TSXV,Materials,Chemicals,Special Chemicals,16508054.0,825403.0,0.05,True,,Diversified Industries,,True
IZZ,International Prospect Ventures Ltd.,IZZ,International Prospect Ventures Ltd.,TSXV,Materials,Mining,Industrial Metals,72926442.0,4375587.0,0.06,True,,Mining,,True
TIDE.P,Intertidal Capital Corp.,,,,,,,,,,False,P,Diversified Industries,suffix:P,False
INX,Intouch Insight Ltd.,INX,Intouch Insight Ltd.,TSXV,Technology,Software & IT Services,Application Software,25583018.0,7419076.0,0.29,True,,Technology,,True
INTR,Intrepid Metals Corp.,INTR,Intrepid Metals Corp.,TSXV,Materials,Mining,Industrial Metals,123570509.0,109977754.0,0.89,True,,Mining,,True
IVX,Inventronics Limited,IVX,Inventronics Limited,TSXV,Industrials,Industrial Goods,Metal Fabricated Products,4871145.0,3117533.0,0.64,True,,Diversified Industries,,True
IVS,Inventus Mining Corp.,IVS,Inventus Mining Corp.,TSXV,Materials,Mining,Gold,221040781.0,66312235.0,0.3,True,,Mining,,True
IZN,InZinc Mining Ltd.,IZN,InZinc Mining Ltd.,TSXV,Materials,Mining,Industrial Metals,140764584.0,8445876.0,0.06,True,,Mining,,True
INIK,Ionik Corporation,INIK,Ionik Corporation,TSXV,Media,Traditional Media,Marketing & Advertising Agencies,587071214.0,35224273.0,0.06,True,,Diversified Industries,,True
IMI,Ironman International Ltd.,IMI,Ironman International Ltd.,TSXV,Technology,Hardware & Equipment,Communications Equipment,172685076.0,12087956.0,0.07,True,,Technology,,True
IRR,Irruptive Metals Corp.,IRR,Irruptive Metals Corp.,TSXV,Materials,Mining,Gold,114592362.0,160429307.0,1.4,True,,Mining,,True
IFOS,Itafos Inc.,IFOS,Itafos Inc.,TSXV,Materials,Agriculture,Agricultural Supplies,186814842.0,465168957.0,2.49,True,,Mining,,True
JTWO,J2 Metals Inc.,JTWO,J2 Metals Inc.,TSXV,Materials,Mining,Precious Metals,44401864.0,6438271.0,0.145,True,,Mining,,True
JJJJ,J4 Ventures Resources Corp.,JJJJ,J4 Ventures Resources Corp.,TSXV,Finance,Diversified Financial Services,Other Diversified Financial Services,19740000.0,2862300.0,0.145,True,,Diversified Industries,,True
JAB.P,Jabbo Capital Corp.,,,,,,,,,,False,P,Diversified Industries,suffix:P,False
JJ,Jackpot Digital Inc.,JJ,Jackpot Digital Inc.,TSXV,Consumer Discretionary,"Hotels, Lodging & Leisure",Gambling,314523499.0,14153558.0,0.045,True,,Diversified Industries,,True
JADE,Jade Leader Corp.,JADE,Jade Leader Corp.,TSXV,Materials,Mining,Precious Metals,74707293.0,1120610.0,0.015,True,,Mining,,True
JG,Japan Gold Corp.,JG,Japan Gold Corp.,TSXV,Materials,Mining,Gold,307441525.0,18446492.0,0.06,True,,Mining,,True
JSPX,JasperX Technologies Inc.,JSPX,JasperX Technologies Inc.,TSXV,Technology,Software & IT Services,Systems Software,121367980.0,16991518.0,0.14,True,,Technology,,True
JDN,Jayden Resources Inc.,JDN,Jayden Resources Inc.,TSXV,Materials,Mining,Precious Metals,5851791.0,1345912.0,0.23,True,,Mining,,True
JTC,Jemtec Inc.,JTC,Jemtec Inc.,TSXV,Technology,Hardware & Equipment,Scientific & Precision Equipment,2794679.0,2822626.0,1.01,True,,Technology,,True
JEV,Jericho Energy Ventures Inc.,JEV,Jericho Energy Ventures Inc.,TSXV,Energy,Oil & Gas Exploration and Production,Oil & Gas Exploration and Production,336444046.0,95886554.0,0.285,True,,Oil & Gas,,True
JES.P,Jesmond Capital Ltd.,,,,,,,,,,False,P,Diversified Industries,suffix:P,False
JOJO.P,Jo-Jo Capital Canada Ltd.,,,,,,,,,,False,P,Diversified Industries,suffix:P,False
JUGR,Juggernaut Exploration Ltd.,JUGR,Juggernaut Exploration Ltd.,TSXV,Materials,Mining,Industrial Metals,50127999.0,54138239.0,1.08,True,,Mining,,True
JUN.A,Juno International Corporation,,,,,,,,,,False,A,Diversified Industries,no_graphql_quote,False
JEC,Jura Energy Corporation,JEC,Jura Energy Corporation,TSXV,Energy,Oil & Gas Exploration and Production,Oil & Gas Exploration and Production,69076328.0,6562252.0,0.095,True,,Oil & Gas,,True
JVR.P,JVR Ventures Inc.,,,,,,,,,,False,P,Diversified Industries,suffix:P,False
JZR,JZR Gold Inc.,JZR,JZR Gold Inc.,TSXV,Materials,Mining,Gold,83248060.0,23309457.0,0.28,True,,Mining,,True
KTO,K2 Gold Corporation,KTO,K2 Gold Corporation,TSXV,Materials,Mining,Gold,242238851.0,210747801.0,0.87,True,,Mining,,True
KDSX,Kadestone Capital Corp.,KDSX,Kadestone Capital Corp.,TSXV,Real Estate,Real Estate,Real Estate Development,46928247.0,10793497.0,0.23,True,,Diversified Industries,,True
KIRO,Kairos Gold Inc.,KIRO,Kairos Gold Inc.,TSXV,Materials,Mining,Gold,56362919.0,50726628.0,0.9,True,,Mining,,True
KALM.P,Kalma Capital Corp.,,,,,,,,,,False,P,Diversified Industries,suffix:P,False
KALO,Kalo Gold Corp.,KALO,Kalo Gold Corp.,TSXV,Materials,Mining,Gold,117774639.0,16488450.0,0.14,True,,Mining,,True
KNE,Kane Biotech Inc.,KNE,Kane Biotech Inc.,TSXV,Healthcare,Biotechnology & Life Sciences,Biotechnology,205056565.0,5126415.0,0.025,True,,Life Sciences,,True
KAPA,Kapa Gold Inc.,KAPA,Kapa Gold Inc.,TSXV,Materials,Mining,Precious Metals,99042009.0,13370672.0,0.135,True,,Mining,,True
KDA,KDA Group Inc.,KDA,KDA Group Inc.,TSXV,Healthcare,Healthcare Providers & Services,Hospitals and Care Facilities,235299280.0,18823943.0,0.08,True,,Life Sciences,,True
KEEK,KEEK Social Inc.,KEEK,KEEK Social Inc.,TSXV,Media,Interactive Multi-Media,Online Content & Information,6943121.0,7706865.0,1.11,True,,Diversified Industries,,True
KKL.P,Kelly Ventures Ltd.,,,,,,,,,,False,P,Diversified Industries,suffix:P,False
KLD,Kenorland Minerals Ltd.,KLD,Kenorland Minerals Ltd.,TSXV,Materials,Mining,Industrial Metals,80383870.0,191313611.0,2.38,True,,Mining,,True
KGC,Kestrel Gold Inc.,KGC,Kestrel Gold Inc.,TSXV,Materials,Mining,Gold,108721026.0,3805236.0,0.035,True,,Mining,,True
KIB,Kiboko Gold Inc.,KIB,Kiboko Gold Inc.,TSXV,Materials,Mining,Gold,17163709.0,3089468.0,0.18,True,,Mining,,True
KDOZ,Kidoz Inc.,KDOZ,Kidoz Inc.,TSXV,Media,Traditional Media,Marketing & Advertising Agencies,131304499.0,19039153.0,0.145,True,,Diversified Industries,,True
KCC,Kincora Copper Limited,KCC,Kincora Copper Limited,TSXV,Materials,Mining,Copper,48017386.0,48017386.0,1.0,True,,Mining,,True
KCP,King Copper Discovery Corp.,KCP,King Copper Discovery Corp.,TSXV,Materials,Mining,Precious Metals,319890669.0,271907069.0,0.85,True,,Mining,,True
KFR,Kingfisher Metals Corp.,KFR,Kingfisher Metals Corp.,TSXV,Materials,Mining,Precious Metals,156302063.0,179747373.0,1.15,True,,Mining,,True
KGS,Kingman Minerals Ltd.,KGS,Kingman Minerals Ltd.,TSXV,Materials,Mining,Precious Metals,43687521.0,2184377.0,0.05,True,,Mining,,True
KNG,Kingsmen Resources Ltd.,KNG,Kingsmen Resources Ltd.,TSXV,Materials,Mining,Industrial Metals,34543086.0,39033688.0,1.13,True,,Mining,,True
KIP,Kiplin Metals Inc.,KIP,Kiplin Metals Inc.,TSXV,Materials,Mining,Gold,17847949.0,4015789.0,0.225,True,,Mining,,True
KLDC,Kirkland Lake Discoveries Corp.,KLDC,Kirkland Lake Discoveries Corp.,TSXV,Materials,Mining,Gold,205629206.0,86364267.0,0.42,True,,Mining,,True
KG,Klondike Gold Corp,KG,Klondike Gold Corp.,TSXV,Materials,Mining,Gold,278141895.0,47284123.0,0.17,True,,Mining,,True
KS,Klondike Silver Corp.,KS,Klondike Silver Corp.,TSXV,Materials,Mining,Silver,26888178.0,4033227.0,0.15,True,,Mining,,True
KRI,Kobo Resources Inc.,KRI,Kobo Resources Inc.,TSXV,Materials,Mining,Gold,135325856.0,27065172.0,0.2,True,,Mining,,True
KDK,Kodiak Copper Corp.,KDK,Kodiak Copper Corp.,TSXV,Materials,Mining,Copper,111858607.0,87249714.0,0.78,True,,Mining,,True
KTRI,Kootenay Resources Inc.,KTRI,Kootenay Resources Inc.,TSXV,Materials,Mining,Silver,49250269.0,4186273.0,0.085,True,,Mining,,True
KTN,Kootenay Silver Inc.,KTN,Kootenay Silver Inc.,TSXV,Materials,Mining,Silver,103203198.0,133132126.0,1.29,True,,Mining,,True
KORE,Kore Mining Ltd.,KORE,Kore Mining Ltd.,TSXV,Materials,Mining,Gold,82151934.0,14376589.0,0.175,True,,Mining,,True
KRY,Koryx Copper S.A.,KRY,Koryx Copper S.A.,TSXV,Materials,Mining,Industrial Metals,121582882.0,448640835.0,3.69,True,,Mining,,True
KOVO,Kovo+ Holdings Inc.,KOVO,Kovo+ Holdings Inc.,TSXV,Healthcare,Healthcare Providers & Services,Healthcare Information Services,179806232.0,899032.0,0.005,True,,Life Sciences,,True
KPEN.P,KP3993 Resources Inc.,,,,,,,,,,False,P,Diversified Industries,suffix:P,False
PNG,Kraken Robotics Inc.,PNG,Kraken Robotics Inc.,TSXV,Technology,Hardware & Equipment,Scientific & Precision Equipment,371412137.0,1927628992.0,5.19,True,,Technology,,True
KUAI.P,Kua Investments Inc.,,,,,,,,,,False,P,Diversified Industries,suffix:P,False
KBRA,Kubera Gold Corp.,KBRA,Kubera Gold Corp.,TSXV,Materials,Mining,Gold,19183840.0,3069415.0,0.16,True,,Mining,,True
KC,Kutcho Copper Corp.,KC,Kutcho Copper Corp.,TSXV,Materials,Mining,Industrial Metals,184564988.0,60906447.0,0.33,True,,Mining,,True
LAB,Labrador Gold Corp.,LAB,Labrador Gold Corp.,TSXV,Materials,Mining,Gold,170809979.0,11102649.0,0.065,True,,Mining,,True
LTX,Labrador Resources Inc.,LTX,Labrador Resources Inc.,TSXV,Energy,Oil & Gas Exploration and Production,Oil & Gas Exploration and Production,12336072.0,1850411.0,0.15,True,,Oil & Gas,,True
LG,Lahontan Gold Corp.,LG,Lahontan Gold Corp.,TSXV,Materials,Mining,Precious Metals,432181487.0,177194410.0,0.41,True,,Mining,,True
LVG,Lake Victoria Gold Ltd.,LVG,Lake Victoria Gold Ltd.,TSXV,Materials,Mining,Gold,202544968.0,62788941.0,0.31,True,,Mining,,True
LWR,Lake Winn Resources Corp.,LWR,Lake Winn Resources Corp.,TSXV,Materials,Mining,Gold,27358467.0,1915093.0,0.07,True,,Mining,,True
LRA,Lara Exploration Ltd.,LRA,Lara Exploration Ltd.,TSXV,Materials,Mining,Industrial Metals,61997362.0,266588657.0,4.3,True,,Mining,,True
VAND,Largo Physical Vanadium Corp.,VAND,Largo Physical Vanadium Corp,TSXV,Materials,Mining,Industrial Metals,16816799.0,13453440.0,0.8,True,,Mining,,True
LALI,Latam Lithium Corp.,LALI,Latam Lithium Corp.,TSXV,Materials,Mining,Industrial Metals,35344009.0,1943921.0,0.055,True,,Mining,,True
LXE,Latin Explore Inc.,LXE,Latin Explore Inc.,TSXV,Materials,Mining,Copper,43680000.0,7862400.0,0.18,True,,Mining,,True
LMS,Latin Metals Inc.,LMS,Latin Metals Inc.,TSXV,Materials,Mining,Industrial Metals,138965650.0,36131069.0,0.26,True,,Mining,,True
LME,Laurion Mineral Exploration Inc,LME,Laurion Mineral Exploration Inc.,TSXV,Materials,Mining,Gold,282626692.0,42394004.0,0.15,True,,Mining,,True
LGC,Lavras Gold Corp.,LGC,Lavras Gold Corp.,TSXV,Materials,Mining,Gold,62249383.0,231567705.0,3.72,True,,Mining,,True
LEM,Leading Edge Materials Corp.,LEM,Leading Edge Materials Corp.,TSXV,Materials,Mining,Industrial Metals,258780449.0,65989015.0,0.255,True,,Mining,,True
LFC.P,Left Field Capital Corp.,,,,,,,,,,False,P,Diversified Industries,suffix:P,False
LEGY,Legacy Gold Mines Ltd.,LEGY,Legacy Gold Mines Ltd.,TSXV,Materials,Mining,Gold,61111423.0,71500365.0,1.17,True,,Mining,,True
LPS,Legend Power Systems Inc.,LPS,Legend Power Systems Inc.,TSXV,Industrials,Industrial Goods,Electrical Equipment,156394614.0,32060896.0,0.205,True,,Diversified Industries,,True
LTV,Leonovus Inc.,LTV,LeoNovus Inc.,TSXV,Technology,Software & IT Services,Application Software,20900996.0,836040.0,0.04,True,,Technology,,True
LVX,Leviathan Metals Corp.,LVX,Leviathan Metals Corp.,TSXV,Materials,Mining,Gold,116257264.0,55803487.0,0.48,True,,Mining,,True
LIFT,Li-FT Power Ltd.,LIFT,Li-FT Power Ltd.,TSXV,Materials,Mining,Industrial Metals,86741036.0,223791873.0,2.58,True,,Mining,,True
SCAN,"Liberty Defense Holdings, Ltd.",SCAN,Liberty Defense Holdings Ltd.,TSXV,Industrials,Corporate Services,Security Services,5681983.0,17273229.0,3.04,True,,Diversified Industries,,True
SCAN.WT,"Liberty Defense Holdings, Ltd wt 20Mar2027",SCAN,Liberty Defense Holdings Ltd.,TSXV,Industrials,Corporate Services,Security Services,5681983.0,17273229.0,3.04,True,WT,Diversified Industries,suffix:WT,False
LIB,LibertyStream Infrastructure Partners Inc.,LIB,LibertyStream Infrastructure Partners In,TSXV,Materials,Mining,Industrial Metals,215557285.0,178912547.0,0.83,True,,Mining,,True
LFST,Lifeist Wellness Inc.,LFST,Lifeist Wellness Inc.,TSXV,Healthcare,Pharmaceuticals,Pharmaceutical Manufacturers - Specialty & Generic,37886402.0,2273185.0,0.06,True,,Life Sciences,,True
LTNG,Lightning Resource Corp.,LTNG,Lightning Resource Corp.,TSXV,Materials,Mining,Industrial Metals,29442363.0,15310029.0,0.52,True,,Mining,,True
LMG,Lincoln Gold Mining Inc.,LMG,Lincoln Gold Mining Inc.,TSXV,Materials,Mining,Gold,28783010.0,13815845.0,0.48,True,,Mining,,True
LIO,Lion One Metals Limited,LIO,Lion One Metals Limited,TSXV,Materials,Mining,Gold,429777475.0,75211059.0,0.175,True,,Mining,,True
LIO.WT.A,Lion One Metals Limited wt 14Feb2028,LIO,Lion One Metals Limited,TSXV,Materials,Mining,Gold,429777475.0,75211059.0,0.175,True,WT,Mining,suffix:WT,False
ROAR,Lion Rock Resources Inc.,ROAR,Lion Rock Resources Inc.,TSXV,Materials,Mining,Industrial Metals,115866766.0,30125360.0,0.26,True,,Mining,,True
LBI,Lions Bay Capital Inc.,LBI,Lions Bay Capital Inc.,TSXV,Finance,Asset Management Services,Asset Management Services,39271171.0,12566775.0,0.32,True,,Diversified Industries,,True
LAF,Lithium Africa Corp.,LAF,Lithium Africa Corp.,TSXV,Materials,Mining,Industrial Metals,24978317.0,33720728.0,1.35,True,,Mining,,True
LITH,Lithium Chile Inc.,LITH,Lithium Chile Inc.,TSXV,Materials,Mining,Industrial Metals,223330548.0,93798831.0,0.42,True,,Mining,,True
LTH,Lithium Ionic Corp.,LTH,Lithium Ionic Corp.,TSXV,Materials,Mining,Industrial Metals,197301209.0,128245786.0,0.65,True,,Mining,,True
LBNK,LithiumBank Resources Corp.,LBNK,LithiumBank Resources Corp.,TSXV,Materials,Mining,Industrial Metals,68067933.0,51050950.0,0.75,True,,Mining,,True
LILL.P,Little Fish Acquisition I Corp.,,,,,,,,,,False,P,Diversified Industries,suffix:P,False
LOD,Lode Gold Resources Inc.,LOD,Lode Gold Resources Inc.,TSXV,Materials,Mining,Gold,58962261.0,23879716.0,0.405,True,,Mining,,True
LSTR,Lodestar Metals Corp.,LSTR,Lodestar Metals Corp.,TSXV,Materials,Mining,Industrial Metals,51518248.0,3348687.0,0.065,True,,Mining,,True
LGN,Logan Energy Corp.,LGN,Logan Energy Corp.,TSXV,Energy,Oil & Gas Exploration and Production,Oil & Gas Exploration and Production,691244020.0,822580384.0,1.19,True,,Oil & Gas,,True
LMR,Lomiko Metals Inc.,LMR,Lomiko Metals Inc.,TSXV,Materials,Mining,Industrial Metals,80040395.0,10005050.0,0.125,True,,Mining,,True
LA,Los Andes Copper Ltd.,LA,Los Andes Copper Ltd.,TSXV,Materials,Mining,Copper,30398589.0,407341093.0,13.4,True,,Mining,,True
LTC,Lotus Creek Exploration Inc.,LTC,Lotus Creek Exploration Inc.,TSXV,Energy,Oil & Gas Exploration and Production,Oil & Gas Exploration and Production,40000000.0,158800000.0,3.97,True,,Oil & Gas,,True
LQWD,LQWD Technologies Corp.,LQWD,LQWD Technologies Corp.,TSXV,Finance,Capital Markets,Cryptocurrency Exchanges & Trading Platforms,32332158.0,27159013.0,0.84,True,,Diversified Industries,,True
LSL,LSL Pharma Group Inc.,LSL,LSL Pharma Group Inc.,TSXV,Healthcare,Pharmaceuticals,Pharmaceutical Manufacturers - Specialty & Generic,126729818.0,41820840.0,0.33,True,,Life Sciences,,True
LUCA,Luca Mining Corp.,LUCA,Luca Mining Corp.,TSXV,Materials,Mining,Industrial Metals,275268353.0,306924214.0,1.115,True,,Mining,,True
LUKA.P,Luka Capital Corp.,,,,,,,,,,False,P,Diversified Industries,suffix:P,False
LMN,Lumine Group Inc.,LMN,Lumine Group Inc.,TSXV,Technology,Software & IT Services,Application Software,256620388.0,5581493439.0,21.75,True,,Technology,,True
LPK,Lupaka Gold Corp.,LPK,Lupaka Gold Corp.,TSXV,Materials,Mining,Gold,24327784.0,7906530.0,0.325,True,,Mining,,True
LXM,Lux Metals Corp.,LXM,Lux Metals Corp.,TSXV,Materials,Mining,Industrial Metals,77155216.0,16202596.0,0.21,True,,Mining,,True
LUXR,Luxor Metals Ltd.,LUXR,Luxor Metals Ltd.,TSXV,Materials,Mining,Precious Metals,19248960.0,3464813.0,0.18,True,,Mining,,True
LCX,Lycos Energy Inc.,LCX,Lycos Energy Inc.,TSXV,Energy,Oil & Gas Exploration and Production,Oil & Gas Exploration and Production,109155212.0,200845591.0,1.84,True,,Oil & Gas,,True
MCT.P,M3 Capital Corp.,MCT,Middlefield Canadian Income PCC Fund,CMF,,,,0.0,0.0,141.86,True,P,Diversified Industries,suffix:P,False
MT,M3 Metals Corp.,MT,M3 Metals Corp.,TSXV,Materials,Mining,Industrial Metals,10274724.0,2620055.0,0.255,True,,Mining,,True
MACK,Mackay Gold & Silver Corp.,MACK,Mackay Gold & Silver Corp.,TSXV,Materials,Mining,Precious Metals,85717473.0,254580895.0,2.97,True,,Mining,,True
MDM,Madoro Metals Corp.,MDM,Madoro Metals Corp.,TSXV,Materials,Mining,Precious Metals,93396716.0,5603803.0,0.06,True,,Mining,,True
MGMA,Magma Silver Corp.,MGMA,Magma Silver Corp.,TSXV,Materials,Mining,Precious Metals,83624180.0,10034902.0,0.12,True,,Mining,,True
MTT,Magna Terra Minerals Inc.,MTT,Magna Terra Minerals Inc.,TSXV,Materials,Mining,Industrial Metals,108357418.0,26005781.0,0.24,True,,Mining,,True
MJS,Majestic Gold Corp.,MJS,Majestic Gold Corp.,TSXV,Materials,Mining,Gold,1421388227.0,163459647.0,0.115,True,,Mining,,True
MKO,Mako Mining Corp.,MKO,Mako Mining Corp.,TSXV,Materials,Mining,Gold,87605909.0,1232615140.0,14.07,True,,Mining,,True
MTH,Mammoth Resources Corp.,MTH,Mammoth Resources Corp.,TSXV,Materials,Mining,Precious Metals,106556933.0,3196708.0,0.03,True,,Mining,,True
MAN.P,Mandala Capital Inc.,,,,,,,,,,False,P,Diversified Industries,suffix:P,False
MAND.P,Mandeville Ventures Inc.,,,,,,,,,,False,P,Diversified Industries,suffix:P,False
MN,Manganese X Energy Corp.,MN,Manganese X Energy Corp.,TSXV,Materials,Mining,Industrial Metals,243793864.0,24379387.0,0.1,True,,Mining,,True
MANU,Manhattan Uranium Discovery Corp.,MANU,Manhattan Uranium Discovery Corp.,TSXV,Energy,Other Energy Sources,Uranium,110080518.0,25318520.0,0.23,True,,CleanTech,,True
MGM,Maple Gold Mines Ltd.,MGM,Maple Gold Mines Ltd.,TSXV,Materials,Mining,Gold,74232575.0,215274468.0,2.9,True,,Mining,,True
MAP,Maple Peak Investments Inc.,MAP,Maple Peak Investments Inc.,TSXV,Consumer Discretionary,"Hotels, Lodging & Leisure",Casinos & Resorts,59000000.0,4720000.0,0.08,True,,Diversified Industries,,True
ALFA.UN,Margaux Real Estate Investment Trust,,,,,,,,,,False,UN,Diversified Industries,suffix:UN,False
MAH,Marksmen Energy Inc.,MAH,Marksmen Energy Inc.,TSXV,Energy,Oil & Gas Exploration and Production,Oil & Gas Exploration and Production,5284961.0,1109842.0,0.21,True,,Oil & Gas,,True
MTLO,Martello Technologies Group Inc.,MTLO,Martello Technologies Group Inc.,TSXV,Technology,Software & IT Services,Cloud Infrastructure & Internet Services,583707430.0,5837075.0,0.01,True,,Technology,,True
MRVL,Marvel Biosciences Corp.,MRVL,Marvel Biosciences Corp.,TSXV,Healthcare,Biotechnology & Life Sciences,Biotechnology,63143790.0,9787288.0,0.155,True,,Life Sciences,,True
MAR.UN,Marwest Apartment Real Estate Investment Trust,,,,,,,,,,False,UN,Diversified Industries,suffix:UN,False
MASS,Masivo Silver Corp.,MASS,Masivo Silver Corp.,TSXV,Materials,Mining,Precious Metals,77441900.0,4646514.0,0.06,True,,Mining,,True
MCM.A,Matachewan Consolidated Mines Ltd. cl A  ,,,,,,,,,,False,A,Diversified Industries,no_graphql_quote,False
MATA,Matador Technologies Inc.,MATA,Matador Technologies Inc.,TSXV,Finance,Capital Markets,Cryptocurrency Exchanges & Trading Platforms,147345697.0,4420371.0,0.03,True,,Diversified Industries,,True
MPV.P,Matchpoint Ventures Corp.,,,,,,,,,,False,P,Diversified Industries,suffix:P,False
MAX,MAX Resource Corp.,MAX,MAX Resource Corp.,TSXV,Materials,Mining,Precious Metals,55507335.0,11656541.0,0.21,True,,Mining,,True
MFA.P,Mayfair Acquisition Corp.,,,,,,,,,,False,P,Diversified Industries,suffix:P,False
MFG,Mayfair Gold Corp.,MFG,Mayfair Gold Corp.,TSXV,Materials,Mining,Gold,67138496.0,298766308.0,4.45,True,,Mining,,True
MCS,McChip Resources Inc.,MCS,McChip Resources Inc.,TSXV,Energy,Oil & Gas Exploration and Production,Oil & Gas Exploration and Production,5960096.0,4470072.0,0.75,True,,Oil & Gas,,True
MCF,MCF Energy Ltd.,MCF,MCF Energy Ltd.,TSXV,Energy,Oil & Gas Exploration and Production,Oil & Gas Exploration and Production,309711804.0,6194237.0,0.02,True,,Oil & Gas,,True
MDK.P,MDK Acquisition Inc.,,,,,,,,,,False,P,Diversified Industries,suffix:P,False
MPH,Medicure Inc.,MPH,Medicure Inc.,TSXV,Healthcare,Pharmaceuticals,Pharmaceutical Manufacturers - Specialty & Generic,10436313.0,26925688.0,2.58,True,,Life Sciences,,True
MIR,MedMira Inc.,MIR,MedMira Inc.,TSXV,Healthcare,Biotechnology & Life Sciences,Biotechnology,758307062.0,49289960.0,0.065,True,,Life Sciences,,True
MDX,Medx Health Corp,MDX,MedX Health Corp.,TSXV,Healthcare,Medical Equipment & Supplies,Surgical & Medical Apparatus,327932314.0,14756955.0,0.045,True,,Life Sciences,,True
MEED.P,Meed Growth Corp.,,,,,,,,,,False,P,Diversified Industries,suffix:P,False
MKR,Melkior Resources Inc.,MKR,Melkior Resources Inc.,TSXV,Materials,Mining,Industrial Metals,52050210.0,6246026.0,0.12,True,,Mining,,True
MENE,Mene Inc.,MENE,Mene Inc.,TSXV,Consumer Discretionary,Retail - Discretionary,Luxury Products,150418163.0,21810634.0,0.145,True,,Diversified Industries,,True
MRKI.P,"Meraki Acquisition One, Inc.",,,,,,,,,,False,P,Diversified Industries,suffix:P,False
MUSH,Mercanto Holdings Inc.,MUSH,Mercanto Holdings Inc.,TSXV,Healthcare,Pharmaceuticals,Pharmaceutical Manufacturers - Specialty & Generic,50774683.0,5839089.0,0.115,True,,Life Sciences,,True
MERG,Metal Energy Corp.,MERG,Metal Energy Corp.,TSXV,Materials,Mining,Industrial Metals,46935204.0,46465852.0,0.99,True,,Mining,,True
MLO,Metalero Mining Corp.,MLO,Metalero Mining Corp.,TSXV,Materials,Mining,Gold,30838500.0,4471583.0,0.145,True,,Mining,,True
MTX,Metalex Ventures Ltd,MTX,Metalex Ventures Ltd.,TSXV,Materials,Mining,Precious Metals,282670854.0,4240063.0,0.015,True,,Mining,,True
MTA,Metalla Royalty & Streaming Ltd.,MTA,Metalla Royalty & Streaming Ltd.,TSXV,Materials,Mining,Precious Metals,93495874.0,1321096700.0,14.13,True,,Mining,,True
MMG,Metallic Minerals Corp.,MMG,Metallic Minerals Corp.,TSXV,Materials,Mining,Precious Metals,245454180.0,56454462.0,0.23,True,,Mining,,True
MTS,Metallis Resources Inc.,MTS,Metallis Resources Inc.,TSXV,Materials,Mining,Industrial Metals,101018836.0,15152826.0,0.15,True,,Mining,,True
MET,Metalore Resources Limited,MET,Metalore Resources Limited,TSXV,Energy,Oil & Gas Exploration and Production,Oil & Gas Exploration and Production,1775035.0,4082581.0,2.3,True,,Oil & Gas,,True
MQM,Metalquest Mining Inc.,MQM,Metalquest Mining Inc.,TSXV,Materials,Mining,Industrial Metals,48947024.0,9055200.0,0.185,True,,Mining,,True
MEK,Metals Creek Resources Corp.,MEK,Metals Creek Resources Corp.,TSXV,Materials,Mining,Industrial Metals,239346866.0,13164078.0,0.055,True,,Mining,,True
DDD,Metavista3D Inc.,DDD,Metavista3D Inc.,TSXV,Technology,Software & IT Services,Application Software,113807930.0,41539895.0,0.365,True,,Technology,,True
MMET,Miata Metals Corp.,MMET,Miata Metals Corp.,TSXV,Materials,Mining,Industrial Metals,105743872.0,84595098.0,0.8,True,,Mining,,True
MCCP.P,Michichi Capital Corp.,,,,,,,,,,False,P,Diversified Industries,suffix:P,False
MD,Midland Exploration Inc,MD,Midland Exploration Inc.,TSXV,Materials,Mining,Industrial Metals,124802909.0,48049120.0,0.385,True,,Mining,,True
MMA,Midnight Sun Mining Corp,MMA,Midnight Sun Mining Corp.,TSXV,Materials,Mining,Industrial Metals,217574599.0,161005204.0,0.74,True,,Mining,,True
MIVO,Miivo AI Inc.,MIVO,Miivo AI Inc,TSXV,Finance,Asset Management Services,Asset Management Services,39347234.0,18099728.0,0.46,True,,Diversified Industries,,True
MLP,Millennial Potash Corp.,MLP,Millennial Potash Corp.,TSXV,Materials,Mining,Industrial Metals,123008123.0,337042258.0,2.74,True,,Mining,,True
MSC,Millennium Silver Corp.,MSC,Millennium Silver Corp.,TSXV,Materials,Mining,Precious Metals,436607025.0,8732141.0,0.02,True,,Mining,,True
MIM,MiMedia Holdings Inc.,MIM,MiMedia Holdings Inc.,TSXV,Technology,Software & IT Services,Systems Software,100953876.0,13124004.0,0.13,True,,Technology,,True
MGG,Minaurum Silver Inc.,MGG,Minaurum Silver Inc.,TSXV,Materials,Mining,Silver,516511660.0,196274431.0,0.38,True,,Mining,,True
MMM,Minco Capital Corp.,MMM,Minco Capital Corp.,TSXV,Finance,Asset Management Services,Asset Management Services,43175881.0,4965227.0,0.115,True,,Diversified Industries,,True
MHUB,Minehub Technologies Inc.,MHUB,Minehub Technologies Inc.,TSXV,Technology,Software & IT Services,Application Software,104396110.0,73077277.0,0.7,True,,Technology,,True
MNLX,Miniluxe Holding Corp.,MNLX,Miniluxe Holding Corp.,TSXV,Consumer Discretionary,Personal Services,Personal Services,86669259.0,33367665.0,0.385,True,,Diversified Industries,,True
MINK,Mink Ventures Corporation,MINK,Mink Ventures Corporation,TSXV,Finance,Diversified Financial Services,Other Diversified Financial Services,41672296.0,4167230.0,0.1,True,,Diversified Industries,,True
MCI,Minnova Corp.,MCI,Minnova Corp.,TSXV,Materials,Mining,Gold,124648795.0,21813540.0,0.175,True,,Mining,,True
MSR,Minsud Resources Corp.,MSR,Minsud Resources Corp.,TSXV,Materials,Mining,Industrial Metals,169267415.0,94789753.0,0.56,True,,Mining,,True
MRZ,Mirasol Resources Ltd.,MRZ,Mirasol Resources Ltd.,TSXV,Materials,Mining,Precious Metals,88597189.0,29680059.0,0.335,True,,Mining,,True
MSG,Mithril Silver and Gold Limited,MSG,Mithril Silver and Gold Limited,TSXV,Materials,Mining,Precious Metals,187487758.0,48746818.0,0.26,True,,Mining,,True
MKA,Mkango Resources Ltd.,MKA,Mkango Resources Ltd.,TSXV,Materials,Mining,Industrial Metals,388153618.0,310522895.0,0.8,True,,Mining,,True
MBO,Mobio Technologies Inc.,MBO,Mobio Technologies Inc.,TSXV,Technology,Software & IT Services,Application Software,111717284.0,10613142.0,0.095,True,,Technology,,True
MOG,Mogotes Metals Inc.,MOG,Mogotes Metals Inc.,TSXV,Materials,Mining,Industrial Metals,526721246.0,255459805.0,0.485,True,,Mining,,True
MOG.WT,Mogotes Metals Inc wt 31Jan2027,MOG,Mogotes Metals Inc.,TSXV,Materials,Mining,Industrial Metals,526721246.0,255459805.0,0.485,True,WT,Mining,suffix:WT,False
MOGL,Mogul Mountain Ventures Corporation,MOGL,Mogul Mountain Ventures Corporation,TSXV,Materials,Mining,Precious Metals,70019284.0,20305593.0,0.29,True,,Mining,,True
EIRE.P,Monaghan Capital Fund Ltd.,,,,,,,,,,False,P,Diversified Industries,suffix:P,False
MONA.P,Monarch West Ventures Inc.,,,,,,,,,,False,P,Diversified Industries,suffix:P,False
MRZL,Mont Royal Resources Limited.,MRZL,Mont Royal Resources Limited.,TSXV,Materials,Mining,Industrial Metals,192493084.0,17324378.0,0.09,True,,Mining,,True
MON,Montero Mining and Exploration Ltd.,MON,Montero Mining and Exploration Ltd.,TSXV,Materials,Mining,Industrial Metals,8353833.0,5847684.0,0.7,True,,Mining,,True
MMY,Monument Mining Limited,MMY,Monument Mining Limited,TSXV,Materials,Mining,Gold,346295036.0,356683888.0,1.03,True,,Mining,,True
MNRG,Monumental Energy Corp.,MNRG,Monumental Energy Corp.,TSXV,Materials,Mining,Industrial Metals,113154533.0,10749681.0,0.095,True,,Mining,,True
MOO,Moon River Moly Ltd.,MOO,Moon River Moly Ltd.,TSXV,Materials,Mining,Industrial Metals,37542996.0,25904668.0,0.69,True,,Mining,,True
MOX,Morien Resources Corp.,MOX,Morien Resources Corp.,TSXV,Energy,Thermal Coal,Thermal Coal,60180889.0,11735274.0,0.195,True,,Oil & Gas,,True
MCC,Morocco Strategic Minerals Corporation,MCC,Morocco Strategic Minerals Corporation,TSXV,Materials,Mining,Industrial Metals,188000000.0,38540000.0,0.205,True,,Mining,,True
MUN,Mundoro Capital Inc.,MUN,Mundoro Capital Inc.,TSXV,Materials,Mining,Industrial Metals,112543021.0,42203633.0,0.375,True,,Mining,,True
MUR,Murchison Minerals Ltd.,MUR,Murchison Minerals Ltd.,TSXV,Materials,Mining,Industrial Metals,20774745.0,3947202.0,0.19,True,,Mining,,True
MMX,Mustang Minerals Limited,MMX,Mustang Minerals Limited,TSXV,Materials,Mining,Precious Metals,73829025.0,4429742.0,0.06,True,,Mining,,True
MGRO,MustGrow Biologics Corp.,MGRO,MustGrow Biologics Corp.,TSXV,Materials,Agriculture,Agricultural Supplies,70441359.0,29233164.0,0.415,True,,Mining,,True
NMI,Namibia Critical Metals Inc.,NMI,Namibia Critical Metals Inc.,TSXV,Materials,Mining,Industrial Metals,233586779.0,45549422.0,0.195,True,,Mining,,True
CTZ,Namsys Inc.,CTZ,Namsys Inc.,TSXV,Technology,Software & IT Services,Application Software,26889432.0,30653953.0,1.14,True,,Technology,,True
NSCI,Nanalysis Scientific Corp.,NSCI,Nanalysis Scientific Corp.,TSXV,Technology,Hardware & Equipment,Scientific & Precision Equipment,139337665.0,17417209.0,0.125,True,,Technology,,True
NAP,Napoleon Resources Inc.,NAP,Napoleon Resources Inc.,TSXV,Materials,Mining,Gold,15700000.0,1884000.0,0.12,True,,Mining,,True
NRC,Nations Royalty Corp.,NRC,Nations Royalty Corp.,TSXV,Materials,Mining,Industrial Metals,155230637.0,190933684.0,1.23,True,,Mining,,True
NAV,NAVCO Pharmaceuticals Inc.,NAV,NAVCO Pharmaceuticals Inc.,TSXV,Healthcare,Pharmaceuticals,Pharmaceutical Manufacturers - Specialty & Generic,57069541.0,285348.0,0.005,True,,Life Sciences,,True
NAQ.P,Navigator Acquisition Corp.,,,,,,,,,,False,P,Diversified Industries,suffix:P,False
NVN.P,Navion Capital II Inc.,,,,,,,,,,False,P,Diversified Industries,suffix:P,False
NBM,NEO Battery Materials Ltd.,NBM,NEO Battery Materials Ltd.,TSXV,Materials,Chemicals,Special Chemicals,154392934.0,29334658.0,0.19,True,,Diversified Industries,,True
NTX,NeoTerrex Minerals Inc.,NTX,NeoTerrex Minerals Inc.,TSXV,Materials,Mining,Industrial Metals,82851568.0,7042384.0,0.085,True,,Mining,,True
NDA,Neptune Digital Assets Corp.,NDA,Neptune Digital Assets Corp.,TSXV,Finance,Capital Markets,Cryptocurrency Exchanges & Trading Platforms,128281096.0,83382713.0,0.65,True,,Diversified Industries,,True
NTE,Network Media Group Inc.,NTE,Network Media Group Inc.,TSXV,Media,Traditional Media,Entertainment,18974704.0,1138483.0,0.06,True,,Diversified Industries,,True
NPTH,Neupath Health Inc.,NPTH,Neupath Health Inc.,TSXV,Healthcare,Healthcare Providers & Services,Hospitals and Care Facilities,56986153.0,31342385.0,0.55,True,,Life Sciences,,True
NTLX,NeuroThera Labs Inc.,NTLX,NeuroThera Labs Inc.,TSXV,Healthcare,Biotechnology & Life Sciences,Biotechnology,13724464.0,46114200.0,3.36,True,,Life Sciences,,True
NKG,Nevada King Gold Corp.,NKG,Nevada King Gold Corp.,TSXV,Materials,Mining,Industrial Metals,100366913.0,100366913.0,1.0,True,,Mining,,True
NVLH,Nevada Lithium Resources Inc.,NVLH,Nevada Lithium Resources Inc.,TSXV,Materials,Mining,Industrial Metals,259401541.0,19455116.0,0.075,True,,Mining,,True
NEV,Nevada Sunrise Metals Corporation,NEV,Nevada Sunrise Metals Corporation,TSXV,Materials,Mining,Industrial Metals,161426658.0,8878467.0,0.055,True,,Mining,,True
NAU,Nevgold Corp.,NAU,Nevgold Corp.,TSXV,Materials,Mining,Precious Metals,173378488.0,234060959.0,1.35,True,,Mining,,True
NAM,New Age Metals Inc.,NAM,New Age Metals Inc.,TSXV,Materials,Mining,Industrial Metals,74775896.0,15702939.0,0.21,True,,Mining,,True
NED,New Destiny Mining Corp.,NED,New Destiny Mining Corp.,TSXV,Materials,Mining,Industrial Metals,23639003.0,590976.0,0.025,True,,Mining,,True
ENRG,New Energy Metals Corp.,ENRG,New Energy Metals Corp.,TSXV,Materials,Mining,Industrial Metals,5967224.0,1790168.0,0.3,True,,Mining,,True
NSE,New Stratus Energy Inc.,NSE,New Stratus Energy Inc.,TSXV,Energy,Oil & Gas Exploration and Production,Oil & Gas Exploration and Production,136025833.0,99298859.0,0.73,True,,Oil & Gas,,True
NTB,New Tymbal Resources Ltd.,NTB,New Tymbal Resources Ltd.,TSXV,Materials,Mining,Industrial Metals,17941983.0,358840.0,0.02,True,,Mining,,True
NZ,New Zealand Energy Corp.,NZ,New Zealand Energy Corp.,TSXV,Energy,Oil & Gas Exploration and Production,Oil & Gas Exploration and Production,55870186.0,22348075.0,0.4,True,,Oil & Gas,,True
NCAU,Newcore Gold Ltd.,NCAU,Newcore Gold Ltd.,TSXV,Materials,Mining,Gold,312695640.0,95372171.0,0.305,True,,Mining,,True
NWX,Newport Exploration Ltd.,NWX,Newport Exploration Ltd.,TSXV,Materials,Mining,Industrial Metals,105579874.0,10030089.0,0.095,True,,Mining,,True
NEXE,Nexe Innovations Inc.,NEXE,Nexe Innovations Inc.,TSXV,Consumer Discretionary,Containers & Packaging,Containers & Packaging,97293297.0,12648129.0,0.13,True,,Diversified Industries,,True
NXG,NexgenRx Inc.,NXG,NexgenRx Inc.,TSXV,Healthcare,Healthcare Providers & Services,Healthcare Information Services,71117132.0,44803794.0,0.63,True,,Life Sciences,,True
NEXG,NeXGold Mining Corp.,NEXG,NeXGold Mining Corp.,TSXV,Materials,Mining,Gold,255942430.0,394151343.0,1.54,True,,Mining,,True
NXLV,NexLiving Communities Inc.,NXLV,NexLiving Communities Inc.,TSXV,Real Estate,Real Estate,Real Estate Development,32303816.0,74298777.0,2.3,True,,Diversified Industries,,True
NEXM,NexMetals Mining Corp.,NEXM,NexMetals Mining Corp.,TSXV,Materials,Mining,Industrial Metals,35648164.0,116213015.0,3.26,True,,Mining,,True
NEXM.WT,Nexmetals Mining Corp. wt 17Nov2027,NEXM,NexMetals Mining Corp.,TSXV,Materials,Mining,Industrial Metals,35648164.0,116213015.0,3.26,True,WT,Mining,suffix:WT,False
NXH,Next Hydrogen Solutions Inc.,NXH,Next Hydrogen Solutions Inc.,TSXV,Industrials,Industrial Goods,Specialized Industrial Machinery,69312949.0,34309910.0,0.495,True,,Diversified Industries,,True
NPV,Next Phase Ventures Ltd.,NPV,Next Phase Ventures Ltd.,TSXV,Materials,Agriculture,Agricultural Supplies,111979019.0,1119791.0,0.01,True,,Mining,,True
NXS,Nexus Gold Corp.,NXS,Nexus Gold Corp.,TSXV,Materials,Mining,Gold,24005125.0,3480744.0,0.145,True,,Mining,,True
NICE,Ni-Co Energy inc.,NICE,Ni-Co Energy Inc.,TSXV,Materials,Mining,Industrial Metals,71228583.0,34902006.0,0.49,True,,Mining,,True
NICN,NICAN Limited,NICN,NICAN Limited,TSXV,Materials,Mining,Industrial Metals,132734902.0,11946142.0,0.09,True,,Mining,,True
NKL,Nickel 28 Capital Corp.,NKL,Nickel 28 Capital Corp.,TSXV,Materials,Mining,Industrial Metals,85839121.0,100431772.0,1.17,True,,Mining,,True
NCP,Nickel Creek Platinum Corp.,NCP,Nickel Creek Platinum Corp.,TSXV,Materials,Mining,Industrial Metals,7050820.0,12197919.0,1.73,True,,Mining,,True
NNX,Nickel North Exploration Corp.,NNX,Nickel North Exploration Corp.,TSXV,Materials,Mining,Industrial Metals,235071862.0,5876797.0,0.025,True,,Mining,,True
NIM,Nicola Mining Inc.,NIM,Nicola Mining Inc.,TSXV,Materials,Mining,Industrial Metals,229525709.0,179030054.0,0.78,True,,Mining,,True
NIO,Nio Strategic Metals Inc.,NIO,Nio Strategic Metals Inc.,TSXV,Materials,Mining,Industrial Metals,143256625.0,19339645.0,0.135,True,,Mining,,True
NBY,Niobay Metals Inc.,NBY,Niobay Metals Inc.,TSXV,Materials,Mining,Industrial Metals,188058682.0,14104402.0,0.075,True,,Mining,,True
NLII.P,NL2 Capital Inc.,,,,,,,,,,False,P,Diversified Industries,suffix:P,False
NOAL,NOA Lithium Brines Inc.,NOAL,NOA Lithium Brines Inc,TSXV,Materials,Mining,Industrial Metals,284186426.0,56837286.0,0.2,True,,Mining,,True
NBLC,Nobel Resources Corp.,NBLC,Nobel Resources Corp.,TSXV,Materials,Mining,Industrial Metals,209398784.0,4187976.0,0.02,True,,Mining,,True
NOB,Noble Mineral Exploration Inc.,NOB,Noble Mineral Exploration Inc.,TSXV,Materials,Mining,Industrial Metals,264233467.0,14532841.0,0.055,True,,Mining,,True
NOBL,Noble Plains Uranium Corp.,NOBL,Noble Plains Uranium Corp.,TSXV,Energy,Other Energy Sources,Uranium,87931808.0,10112158.0,0.115,True,,CleanTech,,True
NRM,Noram Lithium Corp.,NRM,Noram Lithium Corp.,TSXV,Materials,Mining,Industrial Metals,100127611.0,7008933.0,0.07,True,,Mining,,True
NTH,Nord Precious Metals Mining Inc.,NTH,Nord Precious Metals Mining Inc.,TSXV,Materials,Mining,Industrial Metals,137629089.0,23396946.0,0.17,True,,Mining,,True
NQC,Nordique Critical Metals Inc.,NQC,Nordique Critical Metals Inc.,TSXV,Materials,Mining,Industrial Metals,546822265.0,32809336.0,0.06,True,,Mining,,True
VKG,Norse Gold Corp.,VKG,Norse Gold Corp.,TSXV,Materials,Mining,Gold,52422073.0,3669546.0,0.07,True,,Mining,,True
NVT,Nortec Minerals Corp.,NVT,Nortec Minerals Corp.,TSXV,Materials,Mining,Industrial Metals,71997985.0,2519930.0,0.035,True,,Mining,,True
NAR,North Arrow Minerals Inc.,NAR,North Arrow Minerals Inc.,TSXV,Materials,Mining,Precious Metals,45993849.0,11498463.0,0.25,True,,Mining,,True
NPR,North Peak Resources Ltd.,NPR,North Peak Resources Ltd.,TSXV,Materials,Mining,Gold,48728642.0,33135477.0,0.68,True,,Mining,,True
NSU,North Shore Uranium Ltd.,NSU,North Shore Uranium Ltd.,TSXV,Energy,Other Energy Sources,Uranium,88908730.0,16892659.0,0.19,True,,CleanTech,,True
NGC,Northern Graphite Corporation,NGC,Northern Graphite Corporation,TSXV,Materials,Mining,Industrial Metals,166013668.0,17431436.0,0.105,True,,Mining,,True
NL,Northern Lion Gold Corp.,NL,Northern Lion Gold Corp.,TSXV,Materials,Mining,Gold,13612600.0,3539276.0,0.26,True,,Mining,,True
NRN,Northern Shield Resources Inc.,NRN,Northern Shield Resources Inc.,TSXV,Materials,Mining,Industrial Metals,153442268.0,6904903.0,0.045,True,,Mining,,True
NCX,NorthIsle Copper and Gold Inc.,NCX,NorthIsle Copper and Gold Inc.,TSXV,Materials,Mining,Copper,333574651.0,1484407197.0,4.45,True,,Mining,,True
NMB,NorthMin Corporation,NMB,NorthMin Corporation,TSXV,Materials,Mining,Industrial Metals,52785000.0,28503901.0,0.54,True,,Mining,,True
ROOF,Northstar Clean Technologies Inc.,ROOF,Northstar Clean Technologies Inc.,TSXV,Industrials,Waste Management,Waste Management,166172897.0,28249393.0,0.17,True,,Diversified Industries,,True
NWST,Northwest Copper Corp.,NWST,Northwest Copper Corp.,TSXV,Materials,Mining,Industrial Metals,269773540.0,97118475.0,0.36,True,,Mining,,True
NLH,Nova Leap Health Corp.,NLH,Nova Leap Health Corp.,TSXV,Healthcare,Healthcare Providers & Services,Hospitals and Care Facilities,87314252.0,49769124.0,0.57,True,,Life Sciences,,True
NVI,Novra Technologies Inc.,NVI,Novra Technologies Inc.,TSXV,Technology,Hardware & Equipment,Communications Equipment,37423237.0,3929440.0,0.105,True,,Technology,,True
NOW,NowVertical Group Inc.,NOW,NowVertical Group Inc.,TSXV,Technology,Software & IT Services,Systems Software,95438135.0,13361339.0,0.14,True,,Technology,,True
NCI,NTG Clarity Networks Inc.,NCI,NTG Clarity Networks Inc.,TSXV,Technology,Software & IT Services,IT Services,48003703.0,20881611.0,0.435,True,,Technology,,True
NBVA,Nubeva Technologies Ltd.,NBVA,Nubeva Technologies Ltd.,TSXV,Technology,Software & IT Services,Systems Software,70173783.0,12982150.0,0.185,True,,Technology,,True
NGMD,Nugen Medical Devices Inc.,NGMD,Nugen Medical Devices Inc.,TSXV,Healthcare,Medical Equipment & Supplies,Surgical & Medical Apparatus,227035682.0,3405536.0,0.015,True,,Life Sciences,,True
NUG,NuLegacy Gold Corporation,NUG,NuLegacy Gold Corporation,TSXV,Materials,Mining,Gold,2895097.0,810628.0,0.28,True,,Mining,,True
NRX,NurExone Biologic Inc.,NRX,NurExone Biologic Inc.,TSXV,Healthcare,Biotechnology & Life Sciences,Biotechnology,94458421.0,57619637.0,0.61,True,,Life Sciences,,True
NMC,Nuvau Minerals Inc.,NMC,Nuvau Minerals Inc.,TSXV,Materials,Mining,Industrial Metals,87343174.0,43671587.0,0.5,True,,Mining,,True
NVX,NV Gold Corporation,NVX,NV Gold Corporation,TSXV,Materials,Mining,Gold,29506217.0,16228420.0,0.55,True,,Mining,,True
NVRO,NVRO Metals Limited,NVRO,NVRO Metals Limited,TSXV,Materials,Mining,Precious Metals,533524155.0,93366728.0,0.175,True,,Mining,,True
OAC.P,Oa Capital Corp.,,,,,,,,,,False,P,Diversified Industries,suffix:P,False
OCAL,OCAL Financial Inc.,OCAL,OCAL Financial Inc.,TSXV,Finance,Credit Finance,Business Credit Services,36667803.0,4033459.0,0.11,True,,Diversified Industries,,True
OCAP.P,Ocean Shore Capital Corp.,,,,,,,,,,False,P,Diversified Industries,suffix:P,False
FEO,Oceanic Iron Ore Corp,FEO,Oceanic Iron Ore Corp.,TSXV,Materials,Mining,Industrial Metals,261510756.0,209208605.0,0.8,True,,Mining,,True
OVT,Oculus Inc.,OVT,Oculus Inc.,TSXV,Technology,Software & IT Services,Systems Software,91422569.0,3656903.0,0.04,True,,Technology,,True
OTC,Ocumetics Technology Corp.,OTC,Ocumetics Technology Corp.,TSXV,Healthcare,Medical Equipment & Supplies,Medical  Supplies,142187431.0,71093716.0,0.5,True,,Life Sciences,,True
OC,Olive Resource Capital Inc.,OC,Olive Resource Capital Inc.,TSXV,Materials,Mining,Industrial Metals,107207209.0,12328830.0,0.115,True,,Mining,,True
OLV,Olivut Resources Ltd.,OLV,Olivut Resources Ltd.,TSXV,Materials,Mining,Precious Metals,82403111.0,4120156.0,0.05,True,,Mining,,True
OMG,Omai Gold Mines Corp.,OMG,Omai Gold Mines Corp.,TSXV,Materials,Mining,Gold,676370542.0,1832964169.0,2.71,True,,Mining,,True
OMM,Omineca Mining and Metals Ltd.,OMM,Omineca Mining and Metals Ltd.,TSXV,Materials,Mining,Gold,267710847.0,14724097.0,0.055,True,,Mining,,True
OML,Omni-Lite Industries Canada Inc.,OML,Omni-Lite Industries Canada Inc.,TSXV,Industrials,Industrial Goods,Metal Fabricated Products,15477564.0,43337180.0,2.8,True,,Diversified Industries,,True
OBUL,One Bullion Limited,OBUL,One Bullion Limited,TSXV,Materials,Mining,Gold,19727393.0,8877327.0,0.45,True,,Mining,,True
ONAU,OnGold Resources Ltd.,ONAU,OnGold Resources Ltd.,TSXV,Materials,Mining,Gold,73963411.0,66567070.0,0.9,True,,Mining,,True
OGW,Ongwe Minerals Inc.,OGW,Ongwe Minerals Inc.,TSXV,Materials,Mining,Gold,59626823.0,80496212.0,1.35,True,,Mining,,True
ONYX,Onyx Gold Corp.,ONYX,Onyx Gold Corp.,TSXV,Materials,Mining,Gold,88373717.0,144932896.0,1.64,True,,Mining,,True
OPW,Opawica Explorations Inc.,OPW,Opawica Explorations Inc.,TSXV,Materials,Mining,Gold,56773097.0,7948234.0,0.14,True,,Mining,,True
OPHR,Ophir Metals Corp.,OPHR,Ophir Metals Corp.,TSXV,Materials,Mining,Industrial Metals,99886161.0,3496016.0,0.035,True,,Mining,,True
OOR,Opus One Gold Corporation,OOR,Opus One Gold Corporation,TSXV,Materials,Mining,Gold,273000000.0,13650000.0,0.05,True,,Mining,,True
ORCL,Oracle Commodity Holding Corp.,ORCL,Oracle Commodity Holding Corp.,TSXV,Finance,Asset Management Services,Asset Management Services,103913540.0,3117407.0,0.03,True,,Diversified Industries,,True
ORC.A,Orca Energy Group Inc. ser A,,,,,,,,,,False,A,Diversified Industries,no_graphql_quote,False
ORC.B,Orca Energy Group Inc. ser B,,,,,,,,,,False,B,Diversified Industries,no_graphql_quote,False
OCI,Orecap Invest Corp.,OCI,Orecap Invest Corp.,TSXV,Materials,Mining,Gold,248334796.0,44700264.0,0.18,True,,Mining,,True
ORS,Orestone Mining Corp.,ORS,Orestone Mining Corp.,TSXV,Materials,Mining,Industrial Metals,107334563.0,8586766.0,0.08,True,,Mining,,True
OTMC,Oreterra Metals Corp.,OTMC,Oreterra Metals Corp.,TSXV,Materials,Mining,Gold,53477542.0,23262731.0,0.435,True,,Mining,,True
REX,Orex Minerals Inc.,REX,Orex Minerals Inc.,TSXV,Materials,Mining,Precious Metals,70590195.0,15529843.0,0.22,True,,Mining,,True
OGO,Organto Foods Inc.,OGO,Organto Foods Inc.,TSXV,Consumer Staples,Retailers - Staples,Food Distributors,149496912.0,73253487.0,0.49,True,,Diversified Industries,,True
OCO,Oroco Resource Corp,OCO,Oroco Resource Corp.,TSXV,Materials,Mining,Industrial Metals,325954143.0,153198448.0,0.47,True,,Mining,,True
OCO.WT,Oroco Resource Corp Wt 15Jan2029,OCO,Oroco Resource Corp.,TSXV,Materials,Mining,Industrial Metals,325954143.0,153198448.0,0.47,True,WT,Mining,suffix:WT,False
OGN,Orogen Royalties Inc.,OGN,Orogen Royalties Inc.,TSXV,Materials,Mining,Gold,59376592.0,304008152.0,5.12,True,,Mining,,True
OMI,Orosur Mining Inc.,OMI,Orosur Mining Inc.,TSXV,Materials,Mining,Gold,401005074.0,112281421.0,0.28,True,,Mining,,True
OSM,Osiris One Metals Ltd.,OSM,Osiris One Metals Ltd.,TSXV,Materials,Mining,Industrial Metals,104018637.0,3120560.0,0.03,True,,Mining,,True
OGG,Osisko Gold Group Inc.,OGG,Osisko Gold Group Inc.,TSXV,Materials,Mining,Gold,305837837.0,1244759997.0,4.07,True,,Mining,,True
OGG.WT.A,Osisko Gold Group Inc. wts 02Mar2027,OGG,Osisko Gold Group Inc.,TSXV,Materials,Mining,Gold,305837837.0,1244759997.0,4.07,True,WT,Mining,suffix:WT,False
OGG.WT.U,Osisko Gold Group Inc. wts27May2027,OGG,Osisko Gold Group Inc.,TSXV,Materials,Mining,Gold,305837837.0,1244759997.0,4.07,True,WT,Mining,suffix:WT,False
OGG.WT.V,Osisko Gold Group Inc wt 01Oct2029,OGG,Osisko Gold Group Inc.,TSXV,Materials,Mining,Gold,305837837.0,1244759997.0,4.07,True,WT,Mining,suffix:WT,False
COO,Ostrom Climate Solutions Inc.,COO,Ostrom Climate Solutions Inc.,TSXV,Industrials,Corporate Services,Research & Consulting Services,114091113.0,3422734.0,0.03,True,,Diversified Industries,,True
OAM,OverActive Media Corp.,OAM,OverActive Media Corp.,TSXV,Media,Traditional Media,Entertainment,130229271.0,14325220.0,0.11,True,,Diversified Industries,,True
PGLD,P2 Gold Inc.,PGLD,P2 Gold Inc.,TSXV,Materials,Mining,Precious Metals,291417079.0,370099691.0,1.27,True,,Mining,,True
PBM,Pacific Bay Minerals Ltd.,PBM,Pacific Bay Minerals Ltd.,TSXV,Materials,Mining,Precious Metals,36467585.0,1458704.0,0.04,True,,Mining,,True
BKM,Pacific Booker Minerals Inc.,BKM,Pacific Booker Minerals Inc.,TSXV,Materials,Mining,Industrial Metals,19085435.0,53439218.0,2.8,True,,Mining,,True
PEMC,Pacific Empire Minerals Corp.,PEMC,Pacific Empire Minerals Corp.,TSXV,Materials,Mining,Industrial Metals,303311970.0,19715279.0,0.065,True,,Mining,,True
PPM,Pacific Imperial Mines Inc.,PPM,Pacific Imperial Mines Inc.,TSXV,Materials,Mining,Gold,82760374.0,1241406.0,0.015,True,,Mining,,True
PEX,Pacific Ridge Exploration Ltd.,PEX,Pacific Ridge Exploration Ltd.,TSXV,Materials,Mining,Precious Metals,97275424.0,22373348.0,0.23,True,,Mining,,True
PA,Palamina Corp.,PA,Palamina Corp.,TSXV,Materials,Mining,Gold,93234836.0,13985226.0,0.15,True,,Mining,,True
PALI,Palisades Goldcorp Ltd. ,PALI,Palisades Goldcorp Ltd.,TSXV,Materials,Mining,Gold,71202974.0,420097547.0,5.9,True,,Mining,,True
PALI.WT,Palisades Goldcorp Ltd wt 06Dec2026,PALI,Palisades Goldcorp Ltd.,TSXV,Materials,Mining,Gold,71202974.0,420097547.0,5.9,True,WT,Mining,suffix:WT,False
PGZ,Pan Global Resources Inc.,PGZ,Pan Global Resources Inc.,TSXV,Materials,Mining,Industrial Metals,409626156.0,67588316.0,0.165,True,,Mining,,True
PML,Panoro Minerals Ltd.,PML,Panoro Minerals Ltd.,TSXV,Materials,Mining,Copper,309022256.0,582506953.0,1.885,True,,Mining,,True
PNTR,Pantera Silver Corp.,PNTR,Pantera Silver Corp.,TSXV,Materials,Mining,Precious Metals,78938222.0,39469111.0,0.5,True,,Mining,,True
PDQ,Paradigm Gold Corporation,PDQ,Paradigm Gold Corporation,TSXV,Materials,Mining,Industrial Metals,17581543.0,1670247.0,0.095,True,,Mining,,True
PALS,Paragon Advanced Labs Inc.,PALS,Paragon Advanced Labs Inc.,TSXV,Technology,Hardware & Equipment,Scientific & Precision Equipment,32736522.0,103447410.0,3.16,True,,Technology,,True
PKT,Parkit Enterprise Inc.,PKT,Parkit Enterprise Inc.,TSXV,Real Estate,Real Estate,Real Estate Services,13830291.0,114099901.0,8.25,True,,Diversified Industries,,True
PVF.A,Partners Value Investments L.P. exch sh,,,,,,,,,,False,A,Diversified Industries,no_graphql_quote,False
PVF.PR.U,Partners Value Investments L.P. pref ser1,,,,,,,,,,False,PR,Diversified Industries,suffix:PR,False
PVF.PR.V,Partners Value Investments L.P. pref 27nov2030,,,,,,,,,,False,PR,Diversified Industries,suffix:PR,False
PVF.UN,Partners Value Investments L.P.,,,,,,,,,,False,UN,Diversified Industries,suffix:UN,False
PVIS,Parvis Invest Inc.,PVIS,Parvis Invest Inc.,TSXV,Finance,Asset Management Services,Asset Management Services,35115057.0,9481066.0,0.27,True,,Diversified Industries,,True
PGDC,Patagonia Gold Corp.,PGDC,Patagonia Gold Corp.,TSXV,Materials,Mining,Precious Metals,469751486.0,258363318.0,0.55,True,,Mining,,True
PAT,Patterson Metals Corp.,PAT,Patterson Metals Corp.,TSXV,Energy,Other Energy Sources,Uranium,1015819.0,2742712.0,2.7,True,,CleanTech,,True
PCAA.P,PC 1 Corp.,,,,,,,,,,False,P,Diversified Industries,suffix:P,False
PCU,Pecoy Copper Corp.,PCU,Pecoy Copper Corp.,TSXV,Materials,Mining,Industrial Metals,209488853.0,333087277.0,1.59,True,,Mining,,True
PX,Pelangio Exploration Inc.,PX,Pelangio Exploration Inc.,TSXV,Materials,Mining,Industrial Metals,251663045.0,42782718.0,0.17,True,,Mining,,True
PTF,Pender Growth Fund Inc.,PTF,Pender Growth Fund Inc.,TSXV,Finance,Asset Management Services,Asset Management Services,6881121.0,103216815.0,15.0,True,,Diversified Industries,,True
PCP.P,Pender Street Capital Corp.,,,,,,,,,,False,P,Diversified Industries,suffix:P,False
PINK,"Perimeter Medical Imaging AI, Inc.",PINK,Perimeter Medical Imaging AI Inc.,TSXV,Healthcare,Medical Equipment & Supplies,Surgical & Medical Apparatus,153000000.0,45900000.0,0.3,True,,Life Sciences,,True
PMI,Perseverance Metals Inc.,PMI,Perseverance Metals Inc.,TSXV,Materials,Mining,Industrial Metals,38609710.0,20077050.0,0.52,True,,Mining,,True
PER,Peruvian Metals Corp.,PER,Peruvian Metals Corp.,TSXV,Materials,Mining,Industrial Metals,147961825.0,23673892.0,0.16,True,,Mining,,True
PESO,Pesorama Inc.,PESO,Pesorama Inc.,TSXV,Consumer Staples,Retailers - Staples,Hypermarkets & Discount Stores,208388665.0,106278220.0,0.51,True,,Diversified Industries,,True
PESO.DB,Pesorama Inc db18June2029,PESO,Pesorama Inc.,TSXV,Consumer Staples,Retailers - Staples,Hypermarkets & Discount Stores,208388665.0,106278220.0,0.51,True,DB,Diversified Industries,suffix:DB,False
VRY,Petro-Victory Energy Corp.,VRY,Petro-Victory Energy Corp.,TSXV,Energy,Oil & Gas Exploration and Production,Oil & Gas Exploration and Production,32729703.0,16364852.0,0.5,True,,Oil & Gas,,True
PCQ,Petrolympic Ltd,PCQ,Petrolympic Ltd.,TSXV,Energy,Oil & Gas Exploration and Production,Oil & Gas Exploration and Production,141889927.0,15607892.0,0.11,True,,Oil & Gas,,True
PTC,Petrox Resources Corp.,PTC,Petrox Resources Corp.,TSXV,Energy,Oil & Gas Exploration and Production,Oil & Gas Exploration and Production,5513226.0,799418.0,0.145,True,,Oil & Gas,,True
PCLO,Pharmacielo Ltd.,PCLO,Pharmacielo Ltd.,TSXV,Healthcare,Pharmaceuticals,Pharmaceutical Manufacturers - Cannabis,211283630.0,12677018.0,0.06,True,,Life Sciences,,True
PCRX,PharmaCorp Rx Inc.,PCRX,PharmaCorp Rx Inc.,TSXV,Healthcare,Healthcare Providers & Services,Drug and Proprietary Stores,196980859.0,90611196.0,0.46,True,,Life Sciences,,True
PCRX.WT,PharmaCorp Rx Inc wt 12Nov2027,PCRX,PharmaCorp Rx Inc.,TSXV,Healthcare,Healthcare Providers & Services,Drug and Proprietary Stores,196980859.0,90611196.0,0.46,True,WT,Life Sciences,suffix:WT,False
PHNM,Phenom Resources Corp.,PHNM,Phenom Resources Corp.,TSXV,Materials,Mining,Gold,136835004.0,49260602.0,0.36,True,,Mining,,True
PINE.U,Pine Trail Real Estate Investment Trust USD,,,,,,,,,,False,U,Diversified Industries,suffix:U,False
PINE.UN,Pine Trail Real Estate Investment Trust,,,,,,,,,,False,UN,Diversified Industries,suffix:UN,False
PINN,Pinnacle Silver and Gold Corp.,PINN,Pinnacle Silver and Gold Corp.,TSXV,Materials,Mining,Gold,152759758.0,16039775.0,0.105,True,,Mining,,True
PTE,Pioneering Technology Corp,PTE,Pioneering Technology Corp.,TSXV,Industrials,Corporate Services,Security Services,56041746.0,840627.0,0.015,True,,Diversified Industries,,True
YARR,Pirate Gold Corp.,YARR,Pirate Gold Corp.,TSXV,Materials,Mining,Gold,507081419.0,101416284.0,0.2,True,,Mining,,True
PVT,Pivotree Inc.,PVT,Pivotree Inc.,TSXV,Technology,Software & IT Services,IT Services,26311639.0,32100200.0,1.22,True,,Technology,,True
PJX,PJX Resources Inc.,PJX,PJX Resources Inc.,TSXV,Materials,Mining,Industrial Metals,217351528.0,40210033.0,0.185,True,,Mining,,True
XOX.P,Planet X Capital Corp.,,,,,,,,,,False,P,Diversified Industries,suffix:P,False
PLXX.P,Planet X II Capital Corp.,,,,,,,,,,False,P,Diversified Industries,suffix:P,False
PTFY,"Plantify Foods, Inc.",PTFY,Plantify Foods Inc.,TSXV,Consumer Staples,Consumer Products - Foods,Agricultural Food Products,34133155.0,2901319.0,0.085,True,,Diversified Industries,,True
PURO,Platauro Metals Corp.,PURO,Platauro Metals Corp.,TSXV,Materials,Mining,Precious Metals,76872327.0,15374466.0,0.2,True,,Mining,,True
PGC,Plato Gold Corp.,PGC,Plato Gold Corp.,TSXV,Materials,Mining,Gold,230665717.0,6919972.0,0.03,True,,Mining,,True
PLY,Playfair Mining Ltd.,PLY,Playfair Mining Ltd.,TSXV,Materials,Mining,Industrial Metals,88503395.0,5310204.0,0.06,True,,Mining,,True
DEAL,Playgon Games Inc.,DEAL,Playgon Games Inc.,TSXV,Technology,Software & IT Services,Application Software,563649151.0,2818246.0,0.005,True,,Technology,,True
PLUR,Plurilock Security Inc.,PLUR,Plurilock Security Inc.,TSXV,Technology,Software & IT Services,Systems Software,112363668.0,16292732.0,0.145,True,,Technology,,True
POND,Pond Technologies Holdings Inc.,POND,Pond Technologies Holdings Inc.,TSXV,Consumer Staples,Consumer Products - Foods,Agricultural Food Products,85592225.0,855923.0,0.01,True,,Diversified Industries,,True
POOL,Pool Safe Inc.,POOL,Pool Safe Inc.,TSXV,Consumer Discretionary,"Hotels, Lodging & Leisure",Leisure,17180553.0,2061667.0,0.12,True,,Diversified Industries,,True
PGP,Power Group Projects Corp.,PGP,Power Group Projects Corp.,TSXV,Materials,Mining,Industrial Metals,16956057.0,339122.0,0.02,True,,Mining,,True
PNPN,Power Metallic Mines Inc.,PNPN,Power Metallic Mines Inc.,TSXV,Materials,Mining,Industrial Metals,260404489.0,341129881.0,1.31,True,,Mining,,True
PWM,Power Metals Corp.,PWM,Power Metals Corp.,TSXV,Materials,Mining,Industrial Metals,174512030.0,90746256.0,0.52,True,,Mining,,True
PWRO,Power One Resources Corp.,PWRO,Power One Resources Corp.,TSXV,Materials,Mining,Industrial Metals,33218592.0,996558.0,0.03,True,,Mining,,True
PPX,PPX Mining Corp.,PPX,PPX Mining Corp.,TSXV,Materials,Mining,Precious Metals,906360109.0,240185429.0,0.265,True,,Mining,,True
PRG,Precipitate Gold Corp.,PRG,Precipitate Gold Corp.,TSXV,Materials,Mining,Gold,193566808.0,33874192.0,0.175,True,,Mining,,True
PUR,Premier American Uranium Inc.,PUR,Premier American Uranium Inc.,TSXV,Energy,Other Energy Sources,Uranium,95641576.0,58341362.0,0.61,True,,CleanTech,,True
HDRO,Primary Hydrogen Corp.,HDRO,Primary Hydrogen Corp.,TSXV,Materials,Mining,Industrial Metals,7418711.0,9644325.0,1.3,True,,Mining,,True
PTEC,Principal Technologies Inc.,PTEC,Principal Technologies Inc.,TSXV,Healthcare,Healthcare Providers & Services,Healthcare Information Services,60263482.0,20489584.0,0.34,True,,Life Sciences,,True
PMX,ProAm Explorations Corporation,PMX,ProAm Explorations Corporation,TSXV,Energy,Oil & Gas Exploration and Production,Oil & Gas Exploration and Production,22173131.0,3215104.0,0.145,True,,Oil & Gas,,True
PLAN,Progressive Planet Solutions Inc.,PLAN,Progressive Planet Solutions Inc.,TSXV,Materials,Mining,Industrial Metals,110891943.0,38812181.0,0.35,True,,Mining,,True
MKT,Prospect Prediction Markets Inc.,MKT,Prospect Prediction Markets Inc.,TSXV,Technology,Software & IT Services,Systems Software,70409557.0,23587202.0,0.335,True,,Technology,,True
PSVA,Prospectiva Resources Ltd.,PSVA,Prospectiva Resources Ltd.,TSXV,,,,25936350.0,16339901.0,0.63,True,,Diversified Industries,,True
PPP,Prospector Metals Corp.,PPP,Prospector Metals Corp.,TSXV,Materials,Mining,Gold,159983115.0,148784297.0,0.93,True,,Mining,,True
PGX,Prosper Gold Corp.,PGX,Prosper Gold Corp.,TSXV,Materials,Mining,Industrial Metals,62007385.0,2170259.0,0.035,True,,Mining,,True
PEI,Prospera Energy Inc.,PEI,Prospera Energy Inc.,TSXV,Energy,Oil & Gas Exploration and Production,Oil & Gas Exploration and Production,608988170.0,18269646.0,0.03,True,,Oil & Gas,,True
MAPS,ProStar Holdings Inc.,MAPS,ProStar Holdings Inc.,TSXV,Technology,Software & IT Services,Application Software,161503100.0,27455528.0,0.17,True,,Technology,,True
PHD,Providence Gold Mines Inc.,PHD,Providence Gold Mines Inc.,TSXV,Materials,Mining,Gold,70850732.0,2834030.0,0.04,True,,Mining,,True
PTX,PTX Metals Inc.,PTX,PTX Metals Inc.,TSXV,Materials,Mining,Gold,174140430.0,15672639.0,0.09,True,,Mining,,True
PLSR,Pulsar Helium Inc.,PLSR,Pulsar Helium Inc.,TSXV,Materials,Mining,Industrial Metals,214240659.0,280655264.0,1.31,True,,Mining,,True
PUL,Pulse Oil Corp.,PUL,Pulse Oil Corp.,TSXV,Energy,Oil & Gas Exploration and Production,Oil & Gas Exploration and Production,623465656.0,6234657.0,0.01,True,,Oil & Gas,,True
PUMA,Puma Exploration Inc.,PUMA,Puma Exploration Inc.,TSXV,Materials,Mining,Gold,202015029.0,25251879.0,0.125,True,,Mining,,True
PE,Pure Energy Minerals Limited,PE,Pure Energy Minerals Limited,TSXV,Materials,Mining,Industrial Metals,35167983.0,10022876.0,0.285,True,,Mining,,True
BRED,Purebread Brands Inc.,BRED,Purebread Brands Inc.,TSXV,Consumer Discretionary,Restaurants & Bars,Restaurants & Bars,43768149.0,5252178.0,0.12,True,,Diversified Industries,,True
PTU,Purepoint Uranium Group Inc.,PTU,Purepoint Uranium Group Inc.,TSXV,Energy,Other Energy Sources,Uranium,79376109.0,28972280.0,0.365,True,,CleanTech,,True
QGR,Q-Gold Resources Ltd.,QGR,Q-Gold Resources Ltd.,TSXV,Materials,Mining,Precious Metals,194055890.0,42692296.0,0.22,True,,Mining,,True
QTWO,Q2 Metals Corp.,QTWO,Q2 Metals Corp.,TSXV,Materials,Mining,Industrial Metals,215655744.0,614618871.0,2.85,True,,Mining,,True
QMC,QMC Quantum Minerals Corp,QMC,QMC Quantum Minerals Corp.,TSXV,Materials,Mining,Industrial Metals,104080824.0,3642829.0,0.035,True,,Mining,,True
QRO,Quadro Resources Ltd.,QRO,Quadro Resources Ltd.,TSXV,Materials,Mining,Gold,35725862.0,1607664.0,0.045,True,,Mining,,True
LEAP,Quantum Critical Metals Corp.,LEAP,Quantum Critical Metals Corp.,TSXV,Materials,Mining,Industrial Metals,119897875.0,7793362.0,0.065,True,,Mining,,True
QNC,Quantum Emotion Corp.,QNC,Quantum Emotion Corp.,TSXV,Technology,Semiconductors and Equipment,Semiconductors,219419670.0,520024618.0,2.37,True,,Technology,,True
QZM,Quartz Mountain Resources Ltd.,QZM,Quartz Mountain Resources Ltd.,TSXV,Materials,Mining,Industrial Metals,74563883.0,32062470.0,0.43,True,,Mining,,True
QPT,Quest Pharmatech Inc.,QPT,Quest PharmaTech Inc.,TSXV,Healthcare,Biotechnology & Life Sciences,Biotechnology,169129247.0,3382585.0,0.02,True,,Life Sciences,,True
QST,Questor Technology Inc.,QST,Questor Technology Inc.,TSXV,Industrials,Industrial Goods,Waste & Pollution Control,27773123.0,9442862.0,0.34,True,,Diversified Industries,,True
QURI,Quri-Mayu Developments Ltd.,QURI,Quri-Mayu Developments Ltd.,TSXV,Materials,Mining,Industrial Metals,84502065.0,4647614.0,0.055,True,,Mining,,True
QYOU,Qyou Media Inc.,QYOU,Qyou Media Inc.,TSXV,Media,Traditional Media,Entertainment,51903674.0,16090139.0,0.31,True,,Diversified Industries,,True
RRR.UN,R&R Real Estate Investment Trust,,,,,,,,,,False,UN,Diversified Industries,suffix:UN,False
RAK,Rackla Metals Inc.,RAK,Rackla Metals Inc.,TSXV,Materials,Mining,Gold,182449947.0,45612487.0,0.25,True,,Mining,,True
RDS,Radisson Mining Resources Inc.,RDS,Radisson Mining Resources Inc.,TSXV,Materials,Mining,Gold,457687123.0,565243597.0,1.235,True,,Mining,,True
RDU,Radius Gold Inc.,RDU,Radius Gold Inc.,TSXV,Materials,Mining,Gold,115754251.0,19678223.0,0.17,True,,Mining,,True
RRCC.P,Raging Rhino Capital Corp.,,,,,,,,,,False,P,Diversified Industries,suffix:P,False
RMO,Rainy Mountain Royalty Corp.,RMO,Rainy Mountain Royalty Corp.,TSXV,Materials,Mining,Industrial Metals,26250178.0,2100015.0,0.08,True,,Mining,,True
RKV,Rakovina Therapeutics Inc.,RKV,Rakovina Therapeutics Inc.,TSXV,Healthcare,Biotechnology & Life Sciences,Biotechnology,24413627.0,5370998.0,0.22,True,,Life Sciences,,True
RAMP,Ramp Metals Inc.,RAMP,Ramp Metals Inc.,TSXV,Materials,Mining,Gold,45789305.0,13049952.0,0.285,True,,Mining,,True
RNCH,Ranchero Gold Corp.,RNCH,Ranchero Gold Corp.,TSXV,Materials,Mining,Gold,70628988.0,2472015.0,0.035,True,,Mining,,True
RTH,Rathdowney Resources Ltd.,RTH,Rathdowney Resources Ltd.,TSXV,Materials,Mining,Industrial Metals,254427450.0,10177098.0,0.04,True,,Mining,,True
RE,RE Royalties Ltd.,RE,RE Royalties Ltd.,TSXV,Energy,Renewable Energy Producers,Diversified Renewable Energy,43521967.0,16755958.0,0.385,True,,CleanTech,,True
XBOT,Realbotix Corp.,XBOT,Realbotix Corp.,TSXV,Technology,Hardware & Equipment,Computer Hardware & Peripheral Equipment,219938433.0,62682454.0,0.285,True,,Technology,,True
RGI,Reco International Group Inc.,RGI,Reco International Group Inc.,TSXV,Industrials,Construction,Engineering & Construction Services,49635635.0,496357.0,0.01,True,,Diversified Industries,,True
RECO,Reconnaissance Energy Africa Ltd.,RECO,Reconnaissance Energy Africa Ltd.,TSXV,Energy,Oil & Gas Exploration and Production,Oil & Gas Exploration and Production,386030450.0,250919793.0,0.65,True,,Oil & Gas,,True
RECO.WT.A,Reconnaissance Energy Africa Ltd wt 17Jun2027,RECO,Reconnaissance Energy Africa Ltd.,TSXV,Energy,Oil & Gas Exploration and Production,Oil & Gas Exploration and Production,386030450.0,250919793.0,0.65,True,WT,Oil & Gas,suffix:WT,False
RECO.WT.B,Reconnaissance Energy Africa Ltd WtB 29Sep2027,RECO,Reconnaissance Energy Africa Ltd.,TSXV,Energy,Oil & Gas Exploration and Production,Oil & Gas Exploration and Production,386030450.0,250919793.0,0.65,True,WT,Oil & Gas,suffix:WT,False
RECO.WT.C,Reconnaissance Energy Africa Ltd WtC 19Jan2029,RECO,Reconnaissance Energy Africa Ltd.,TSXV,Energy,Oil & Gas Exploration and Production,Oil & Gas Exploration and Production,386030450.0,250919793.0,0.65,True,WT,Oil & Gas,suffix:WT,False
REC,Record Resources Inc.,REC,Record Resources Inc.,TSXV,Energy,Oil & Gas Exploration and Production,Oil & Gas Exploration and Production,152896518.0,9173792.0,0.06,True,,Oil & Gas,,True
AMY,RecycLiCo Battery Materials Inc.,AMY,RecycLiCo Battery Materials Inc.,TSXV,Materials,Mining,Industrial Metals,258994127.0,14244677.0,0.055,True,,Mining,,True
RFX,Reeflex Solutions Inc.,RFX,Reeflex Solutions Inc.,TSXV,Energy,Oil & Gas Equipment & Services,Oil & Gas Equipment & Services,46901500.0,9380300.0,0.2,True,,Oil & Gas,,True
REE,ReeXploration Inc.,REE,ReeXploration Inc.,TSXV,Materials,Mining,Industrial Metals,135229107.0,4733019.0,0.035,True,,Mining,,True
GIII,ReGen III Corp.,GIII,ReGen III Corp.,TSXV,Energy,Oil & Gas Refining & Marketing,Oil & Gas Refining & Marketing,154722685.0,27850084.0,0.18,True,,Oil & Gas,,True
RSMX,Regency Silver Corp.,RSMX,Regency Silver Corp.,TSXV,Materials,Mining,Silver,138026099.0,14492741.0,0.105,True,,Mining,,True
RPP,Regent Pacific Properties Inc,RPP,Regent Pacific Properties Inc.,TSXV,Real Estate,Real Estate,Real Estate Services,40039000.0,1201170.0,0.03,True,,Diversified Industries,,True
REG,Regulus Resources Inc.,REG,Regulus Resources Inc.,TSXV,Materials,Mining,Industrial Metals,125683393.0,637214803.0,5.07,True,,Mining,,True
RET,Reitmans (Canada) Limited,RET,Reitmans (Canada) Limited,TSXV,Consumer Discretionary,Retail - Discretionary,Apparel Retail & Accessories,13440000.0,30912000.0,2.3,True,,Diversified Industries,,True
RET.A,Reitmans (Canada) Limited Cl A,RET,Reitmans (Canada) Limited,TSXV,Consumer Discretionary,Retail - Discretionary,Apparel Retail & Accessories,13440000.0,30912000.0,2.3,True,A,Diversified Industries,,True
MYID,Reklaim Ltd.,MYID,Reklaim Ltd.,TSXV,Technology,Software & IT Services,Application Software,130535809.0,28065199.0,0.215,True,,Technology,,True
REKO,Reko International Group Inc,REKO,Reko International Group Inc.,TSXV,Industrials,Industrial Machinery,Industrial Automation & Robotics,5484313.0,24679409.0,4.5,True,,Diversified Industries,,True
RGC,Relevant Gold Corp.,RGC,Relevant Gold Corp.,TSXV,Materials,Mining,Gold,147140107.0,52234738.0,0.355,True,,Mining,,True
RAGE,Renegade Gold Inc.,RAGE,Renegade Gold Inc.,TSXV,Materials,Mining,Gold,42080288.0,14728101.0,0.35,True,,Mining,,True
RW,RenoWorks Software Inc,RW,RenoWorks Software Inc.,TSXV,Technology,Software & IT Services,Application Software,40934634.0,9414966.0,0.23,True,,Technology,,True
RSS,Resaas Services Inc.,RSS,Resaas Services Inc.,TSXV,Technology,Software & IT Services,Application Software,84037002.0,40337761.0,0.48,True,,Technology,,True
RSM,Resouro Strategic Metals Inc.,RSM,Resouro Strategic Metals Inc.,TSXV,Materials,Mining,Gold,108010049.0,25922412.0,0.24,True,,Mining,,True
REH,Responsible Energy Corporation,REH,Responsible Energy Corporation,TSXV,Industrials,Industrial Goods,Waste & Pollution Control,59706495.0,68662470.0,1.15,True,,Diversified Industries,,True
REVX,Rev Exploration Corp.,REVX,Rev Exploration Corp.,TSXV,Materials,Mining,Gold,60360966.0,102613643.0,1.7,True,,Mining,,True
RVG,Revival Gold Inc.,RVG,Revival Gold Inc.,TSXV,Materials,Mining,Gold,319440099.0,293884892.0,0.92,True,,Mining,,True
OWN,Rex Resources Corp.,OWN,Rex Resources Corp.,TSXV,Materials,Mining,Industrial Metals,18173095.0,1362983.0,0.075,True,,Mining,,True
RMD,Richmond Minerals Inc.,RMD,Richmond Minerals Inc.,TSXV,Materials,Mining,Precious Metals,36213387.0,3259205.0,0.09,True,,Mining,,True
RDG,Ridgeline Minerals Corp.,RDG,Ridgeline Minerals Corp.,TSXV,Materials,Mining,Gold,144204267.0,35330046.0,0.245,True,,Mining,,True
RMI,Ridgestone Mining Inc.,RMI,Ridgestone Mining Inc.,TSXV,Materials,Mining,Industrial Metals,15551235.0,1866149.0,0.12,True,,Mining,,True
RLYG,Riley Gold Corp.,RLYG,Riley Gold Corp.,TSXV,Materials,Mining,Precious Metals,48860281.0,37622417.0,0.77,True,,Mining,,True
RYO,Rio Silver Inc.,RYO,Rio Silver Inc.,TSXV,Materials,Mining,Industrial Metals,60257201.0,22596451.0,0.375,True,,Mining,,True
RRRL,River Road Resources Ltd.,RRRL,River Road Resources Ltd.,TSXV,Materials,Mining,Industrial Metals,11483334.0,1722501.0,0.15,True,,Mining,,True
RRI,Riverside Resources Inc.,RRI,Riverside Resources Inc.,TSXV,Materials,Mining,Precious Metals,93723464.0,40301090.0,0.43,True,,Mining,,True
RAC.P,Riverwalk Acquisition Corp.,,,,,,,,,,False,P,Diversified Industries,suffix:P,False
RIWI,RIWI Corp.,RIWI,RIWI Corp.,TSXV,Technology,Software & IT Services,Application Software,26726648.0,3608098.0,0.135,True,,Technology,,True
RJX.A,RJK Explorations Ltd.,,,,,,,,,,False,A,Diversified Industries,no_graphql_quote,False
ROB,Robinson Energy Limited,ROB,Robinson Energy Limited,TSXV,Energy,Oil & Gas Exploration and Production,Oil & Gas Exploration and Production,1733375.0,6933500.0,4.0,True,,Oil & Gas,,True
RCT,Rochester Resources Ltd.,RCT,Rochester Resources Ltd.,TSXV,Materials,Mining,Gold,48044125.0,10569708.0,0.22,True,,Mining,,True
RCK,Rock Tech Lithium Inc.,RCK,Rock Tech Lithium Inc.,TSXV,Materials,Mining,Industrial Metals,120117631.0,79277637.0,0.66,True,,Mining,,True
RK,Rockhaven Resources Ltd,RK,Rockhaven Resources Ltd.,TSXV,Materials,Mining,Precious Metals,292803137.0,54168581.0,0.185,True,,Mining,,True
RSC.P,Rockmount Capital Corporation,,,,,,,,,,False,P,Diversified Industries,suffix:P,False
R.P,Rockport Capital Corp.,,,,,,,,,,False,P,Diversified Industries,suffix:P,False
RUM,Rocky Mountain Liquor Inc.,RUM,Rocky Mountain Liquor Inc.,TSXV,Consumer Discretionary,Retail - Discretionary,Specialty Retailers,47827775.0,3347945.0,0.07,True,,Diversified Industries,,True
ROK,ROK Resources Inc.,ROK,ROK Resources Inc.,TSXV,Energy,Oil & Gas Exploration and Production,Oil & Gas Exploration and Production,218830480.0,88626345.0,0.405,True,,Oil & Gas,,True
RKR,Rokmaster Resources Corp.,RKR,Rokmaster Resources Corp.,TSXV,Materials,Mining,Industrial Metals,199340478.0,7973620.0,0.04,True,,Mining,,True
RME,Roland Mineral Enterprises Corp.,RME,Roland Mineral Enterprises Corp.,TSXV,Materials,Mining,Industrial Metals,159314162.0,37438829.0,0.235,True,,Mining,,True
ROS,Roscan Gold Corporation,ROS,Roscan Gold Corporation,TSXV,Materials,Mining,Gold,438514705.0,92088089.0,0.21,True,,Mining,,True
ROSH.P,Roshni Capital Inc.,,,,,,,,,,False,P,Diversified Industries,suffix:P,False
RTE,Route 109 Resources Inc.,RTE,Route 109 Resources Inc.,TSXV,Materials,Mining,Gold,16759889.0,1340792.0,0.08,True,,Mining,,True
ROI,Route1 Inc.,ROI,Route1 Inc.,TSXV,Technology,Software & IT Services,Application Software,46873821.0,5624859.0,0.12,True,,Technology,,True
RYR,Royal Road Minerals Limited,RYR,Royal Road Minerals Limited,TSXV,Materials,Mining,Gold,331243324.0,66248665.0,0.2,True,,Mining,,True
RPX,RPX Gold Inc.,RPX,RPX Gold Inc.,TSXV,Materials,Mining,Gold,445990025.0,80278205.0,0.18,True,,Mining,,True
RTM,RT Minerals Corp.,RTM,RT Minerals Corp.,TSXV,Materials,Mining,Industrial Metals,11463175.0,401212.0,0.035,True,,Mining,,True
ROMJ,Rubicon Organics Inc.,ROMJ,Rubicon Organics Inc.,TSXV,Healthcare,Pharmaceuticals,Pharmaceutical Manufacturers - Cannabis,67578916.0,33113669.0,0.49,True,,Life Sciences,,True
RMB,Rumbu Holdings Ltd.,RMB,Rumbu Holdings Ltd.,TSXV,Consumer Discretionary,Personal Services,Personal Services,12782500.0,8819925.0,0.69,True,,Diversified Industries,,True
RUCC.P,Rupert's Crossing Capital Inc.,,,,,,,,,,False,P,Diversified Industries,suffix:P,False
RML,Rusoro Mining Ltd,RML,Rusoro Mining Ltd.,TSXV,Materials,Mining,Gold,635174423.0,749505820.0,1.18,True,,Mining,,True
RZL,RZOLV Technologies Inc.,RZL,RZOLV Technologies Inc.,TSXV,Materials,Chemicals,Special Chemicals,62270870.0,19926679.0,0.32,True,,Diversified Industries,,True
SBIO,Sabio Holdings Inc.,SBIO,Sabio Holdings Inc.,TSXV,Media,Interactive Multi-Media,Online Content & Information,50989645.0,6118758.0,0.12,True,,Diversified Industries,,True
SAE,Sable Resources Ltd.,SAE,Sable Resources Ltd.,TSXV,Materials,Mining,Precious Metals,32023156.0,16331810.0,0.51,True,,Mining,,True
SF,Safi Silver Corp.,SF,Safi Silver Corp.,TSXV,Materials,Mining,Silver,55889081.0,17046170.0,0.305,True,,Mining,,True
SAGA,Saga Metals Corp.,SAGA,Saga Metals Corp.,TSXV,Materials,Mining,Industrial Metals,107947758.0,52354663.0,0.485,True,,Mining,,True
SAGE,Sage Potash Corp.,SAGE,Sage Potash Corp.,TSXV,Materials,Mining,Industrial Metals,171238633.0,24829602.0,0.145,True,,Mining,,True
FISH,Sailfish Royalty Corp.,FISH,Sailfish Royalty Corp.,TSXV,Materials,Mining,Gold,78261195.0,441393140.0,5.64,True,,Mining,,True
SRL,Salazar Resources Limited,SRL,Salazar Resources Limited,TSXV,Materials,Mining,Industrial Metals,265083597.0,98080931.0,0.37,True,,Mining,,True
SCAI,SalesCloser Technologies Ltd.,SCAI,SalesCloser Technologies Ltd.,TSXV,Technology,Software & IT Services,Application Software,36187549.0,27140662.0,0.75,True,,Technology,,True
SME,Sama Resources Inc.,SME,Sama Resources Inc.,TSXV,Materials,Mining,Industrial Metals,220068440.0,35210951.0,0.16,True,,Mining,,True
SLG,San Lorenzo Gold Corp.,SLG,San Lorenzo Gold Corp.,TSXV,Materials,Mining,Industrial Metals,108665347.0,655252043.0,6.03,True,,Mining,,True
SFR,Sandfire Resources America Inc.,SFR,Sandfire Resources America Inc.,TSXV,Materials,Mining,Industrial Metals,1023352794.0,225137615.0,0.22,True,,Mining,,True
SCZ,Santacruz Silver Mining Ltd.,SCZ,Santacruz Silver Mining Ltd.,TSXV,Materials,Mining,Industrial Metals,92490699.0,1290245252.0,13.95,True,,Mining,,True
SWA,Sarama Resources Ltd.,SWA,Sarama Resources Ltd.,TSXV,Materials,Mining,Gold,503591948.0,17625719.0,0.035,True,,Mining,,True
SATO,SATO Technologies Corp.,SATO,SATO Technologies Corp.,TSXV,Finance,Capital Markets,Cryptocurrency Exchanges & Trading Platforms,90050785.0,8554825.0,0.095,True,,Diversified Industries,,True
SAC.P,Savanna Capital Corp.,,,,,,,,,,False,P,Diversified Industries,suffix:P,False
SAWC.P,Sayward Capital Corp.,,,,,,,,,,False,P,Diversified Industries,suffix:P,False
SCD,Scandium Canada Ltd.,SCD,Scandium Canada Ltd.,TSXV,Materials,Mining,Industrial Metals,508594836.0,94090045.0,0.185,True,,Mining,,True
SCY,Scandium International Mining Corp.,SCY,Scandium International Mining Corp.,TSXV,Materials,Mining,Industrial Metals,358660813.0,59179035.0,0.165,True,,Mining,,True
SMCD.P,SCD Capital Corp.,,,,,,,,,,False,P,Diversified Industries,suffix:P,False
SGLD,Scorpio Gold Corporation,SGLD,Scorpio Gold Corporation,TSXV,Materials,Mining,Gold,346164194.0,119426647.0,0.345,True,,Mining,,True
SCOT,Scottie Resources Corp.,SCOT,Scottie Resources Corp.,TSXV,Materials,Mining,Precious Metals,77182008.0,231546024.0,3.0,True,,Mining,,True
SMY,Search Minerals Inc.,SMY,Search Minerals Inc.,TSXV,Materials,Mining,Industrial Metals,48165288.0,11078017.0,0.23,True,,Mining,,True
SLX.P,Searchlight Innovations Inc.,,,,,,,,,,False,P,Diversified Industries,suffix:P,False
SCLT,Searchlight Resources Inc.,SCLT,Searchlight Resources Inc.,TSXV,Materials,Mining,Industrial Metals,43111888.0,4526749.0,0.105,True,,Mining,,True
ID,Secure Blockchain Development Corp.,ID,Secure Blockchain Development Corp.,TSXV,Technology,Software & IT Services,Application Software,32590480.0,6518096.0,0.2,True,,Technology,,True
SEGN,Seegnal Inc.,SEGN,Seegnal Inc.,TSXV,Healthcare,Healthcare Providers & Services,Healthcare Information Services,46805531.0,13105549.0,0.28,True,,Life Sciences,,True
SGZ,Sego Resources Inc,SGZ,Sego Resources Inc.,TSXV,Materials,Mining,Industrial Metals,235216316.0,9408653.0,0.04,True,,Mining,,True
SCMI,Selkirk Copper Mines Inc.,SCMI,Selkirk Copper Mines Inc.,TSXV,Materials,Mining,Industrial Metals,132483571.0,239132846.0,1.805,True,,Mining,,True
SEND,Sendero Resources Corp.,SEND,Sendero Resources Corp.,TSXV,Materials,Mining,Industrial Metals,26549623.0,21505195.0,0.81,True,,Mining,,True
SEVA,Seva Mining Corp.,SEVA,Seva Mining Corp.,TSXV,Materials,Mining,Gold,171955285.0,75660326.0,0.44,True,,Mining,,True
SEVN.P,Seven Oaks Capital Corp.,,,,,,,,,,False,P,Diversified Industries,suffix:P,False
SHRX,Sharp Therapeutics Corp.,SHRX,Sharp Therapeutics Corp.,TSXV,Healthcare,Biotechnology & Life Sciences,Biotechnology,31575700.0,28733887.0,0.91,True,,Life Sciences,,True
SHLL.P,Shellron Capital Ltd.,,,,,,,,,,False,P,Diversified Industries,suffix:P,False
SHRP,Sherpa II Holdings Corp.,SHRP,Sherpa II Holdings Corp.,TSXV,Finance,Diversified Financial Services,Other Diversified Financial Services,27578585.0,1930501.0,0.07,True,,Diversified Industries,,True
SSSS.P,Shooting Star Acquisition Corp.,,,,,,,,,,False,P,Diversified Industries,suffix:P,False
SIEN,Sienna Resources Inc.,SIEN,Sienna Resources Inc.,TSXV,Materials,Mining,Industrial Metals,45895390.0,3901109.0,0.085,True,,Mining,,True
SM,Sierra Madre Gold and Silver Ltd.,SM,Sierra Madre Gold and Silver Ltd.,TSXV,Materials,Mining,Gold,258783969.0,403702992.0,1.56,True,,Mining,,True
SGML,Sigma Lithium Corporation,SGML,Sigma Lithium Corporation,TSXV,Materials,Mining,Industrial Metals,112568313.0,1673890815.0,14.87,True,,Mining,,True
SGU,Signature Resources Ltd.,SGU,Signature Resources Ltd.,TSXV,Materials,Mining,Gold,260046127.0,9101615.0,0.035,True,,Mining,,True
SBMI,Silver Bullet Mines Corp.,SBMI,Silver Bullet Mines Corp.,TSXV,Materials,Mining,Precious Metals,148907895.0,20847106.0,0.14,True,,Mining,,True
SVG,Silver Grail Resources Ltd.,SVG,Silver Grail Resources Ltd.,TSXV,Materials,Mining,Precious Metals,43676622.0,7206643.0,0.165,True,,Mining,,True
SNAG,Silver North Resources Ltd.,SNAG,Silver North Resources Ltd.,TSXV,Materials,Mining,Precious Metals,107995873.0,29158886.0,0.27,True,,Mining,,True
SVE,Silver One Resources Inc.,SVE,Silver One Resources Inc.,TSXV,Materials,Mining,Silver,352647340.0,179850144.0,0.51,True,,Mining,,True
SPD,Silver Predator Corp.,SPD,Silver Predator Corp.,TSXV,Materials,Mining,Silver,35390745.0,3008214.0,0.085,True,,Mining,,True
SNG,Silver Range Resources Ltd.,SNG,Silver Range Resources Ltd.,TSXV,Materials,Mining,Precious Metals,99055129.0,12381892.0,0.125,True,,Mining,,True
SSE,Silver Spruce Resources Inc.,SSE,Silver Spruce Resources Inc.,TSXV,Materials,Mining,Industrial Metals,35681607.0,3032937.0,0.085,True,,Mining,,True
SVRS,Silver Storm Mining Ltd.,SVRS,Silver Storm Mining Ltd.,TSXV,Materials,Mining,Silver,870355074.0,448232864.0,0.515,True,,Mining,,True
SILV,Silver Valley Metals Corp.,SILV,Silver Valley Metals Corp.,TSXV,Materials,Mining,Industrial Metals,35957438.0,5213829.0,0.145,True,,Mining,,True
VIPR,Silver Viper Minerals Corp.,VIPR,Silver Viper Minerals Corp.,TSXV,Materials,Mining,Precious Metals,120000000.0,58200000.0,0.485,True,,Mining,,True
SWLF,Silver Wolf Exploration Ltd.,SWLF,Silver Wolf Exploration Ltd.,TSXV,Materials,Mining,Precious Metals,62177286.0,6839502.0,0.11,True,,Mining,,True
AGX,Silver X Mining Corp.,AGX,Silver X Mining Corp.,TSXV,Materials,Mining,Industrial Metals,286736745.0,266665173.0,0.93,True,,Mining,,True
AGA,Silver47 Exploration Corp.,AGA,Silver47 Exploration Corp.,TSXV,Materials,Mining,Precious Metals,209458355.0,163377517.0,0.78,True,,Mining,,True
SICO,Silverco Mining Ltd.,SICO,Silverco Mining Ltd.,TSXV,Materials,Mining,Copper,54799406.0,558953942.0,10.2,True,,Mining,,True
HASH,Simply Solventless Concentrates Ltd.,HASH,Simply Solventless Concentrates Ltd.,TSXV,Healthcare,Pharmaceuticals,Pharmaceutical Manufacturers - Specialty & Generic,115502799.0,6352654.0,0.055,True,,Life Sciences,,True
SEI,Sintana Energy Inc.,SEI,Sintana Energy Inc.,TSXV,Energy,Oil & Gas Exploration and Production,Oil & Gas Exploration and Production,559127494.0,223650998.0,0.4,True,,Oil & Gas,,True
SOI,Sirios Resources Inc.,SOI,Sirios Resources Inc.,TSXV,Materials,Mining,Gold,671818910.0,137722877.0,0.205,True,,Mining,,True
SIG,Sitka Gold Corp.,SIG,Sitka Gold Corp.,TSXV,Materials,Mining,Gold,423329680.0,448729461.0,1.06,True,,Mining,,True
SKEL,Skeleton Coast Uranium Corp.,SKEL,Skeleton Coast Uranium Corp.,TSXV,Materials,Mining,Industrial Metals,47640184.0,6431425.0,0.135,True,,Mining,,True
SKRR,SKRR Exploration Inc.,SKRR,SKRR Exploration Inc.,TSXV,Materials,Mining,Industrial Metals,17250207.0,4312552.0,0.25,True,,Mining,,True
SKYG,Sky Gold Corp.,SKYG,Sky Gold Corp.,TSXV,Materials,Mining,Industrial Metals,97172191.0,2915166.0,0.03,True,,Mining,,True
SYH,Skyharbour Resources Ltd.,SYH,Skyharbour Resources Ltd.,TSXV,Materials,Mining,Industrial Metals,221148210.0,108362623.0,0.49,True,,Mining,,True
SXL,SLAM Exploration Ltd,SXL,SLAM Exploration Ltd.,TSXV,Materials,Mining,Gold,159312530.0,9558752.0,0.06,True,,Mining,,True
SSX,Sleeping Giant Capital Corp.,SSX,Sleeping Giant Capital Corp.,TSXV,Finance,Diversified Financial Services,Other Diversified Financial Services,12795999.0,1087660.0,0.085,True,,Diversified Industries,,True
SMAR.P,Smartset Services Inc.,,,,,,,,,,False,P,Diversified Industries,suffix:P,False
SMWE,Smartwell Technology Corp.,SMWE,Smartwell Technology Corp.,TSXV,Technology,Software & IT Services,Application Software,117477500.0,15859463.0,0.135,True,,Technology,,True
SMRV,Smooth Rock Ventures Corp.,SMRV,Smooth Rock Ventures Corp.,TSXV,Materials,Mining,Industrial Metals,19609087.0,3333545.0,0.17,True,,Mining,,True
SPN,Snipp Interactive Inc.,SPN,Snipp Interactive Inc.,TSXV,Media,Traditional Media,Marketing & Advertising Agencies,287113829.0,11484554.0,0.04,True,,Diversified Industries,,True
SOLI.P,Solid Impact Investments Corp.,,,,,,,,,,False,P,Diversified Industries,suffix:P,False
SGC,Solstice Gold Corp.,SGC,Solstice Gold Corp.,TSXV,Materials,Mining,Gold,262482143.0,28873036.0,0.11,True,,Mining,,True
SOMA,Soma Gold Corp.,SOMA,Soma Gold Corp.,TSXV,Materials,Mining,Gold,151889683.0,107841675.0,0.71,True,,Mining,,True
SNI.PR.A,Sonor Investments Limited 9% cum red 1st prf,,,,,,,,,,False,PR,Diversified Industries,suffix:PR,False
SNV,Sonoro Energy Ltd.,SNV,Sonoro Energy Ltd.,TSXV,Energy,Oil & Gas Exploration and Production,Oil & Gas Exploration and Production,240392602.0,5408834.0,0.0225,True,,Oil & Gas,,True
SGO,Sonoro Gold Corp.,SGO,Sonoro Gold Corp.,TSXV,Materials,Mining,Precious Metals,432141555.0,90749727.0,0.21,True,,Mining,,True
SRR,Source Rock Royalties Ltd.,SRR,Source Rock Royalties Ltd.,TSXV,Energy,Oil & Gas Storage/Transport,Oil & Gas Storage/Transport,45231645.0,46588595.0,1.03,True,,Oil & Gas,,True
SAO,South Atlantic Gold Inc.,SAO,South Atlantic Gold Inc.,TSXV,Materials,Mining,Industrial Metals,209073166.0,14635122.0,0.07,True,,Mining,,True
SPMC,South Pacific Metals Corp.,SPMC,South Pacific Metals Corp.,TSXV,Materials,Mining,Gold,69709355.0,63435514.0,0.91,True,,Mining,,True
STS,South Star Battery Metals Corp.,STS,South Star Battery Metals Corp.,TSXV,Materials,Mining,Industrial Metals,141900511.0,34765626.0,0.245,True,,Mining,,True
SMP,Southern Empire Resources Corp.,SMP,Southern Empire Resources Corp.,TSXV,Materials,Mining,Gold,101000000.0,6060000.0,0.06,True,,Mining,,True
SOU,Southern Energy Corp.,SOU,Southern Energy Corp.,TSXV,Energy,Oil & Gas Exploration and Production,Oil & Gas Exploration and Production,339071672.0,23735018.0,0.07,True,,Oil & Gas,,True
SOU.WT,Southern Energy Corp. wt 08Apr2028,SOU,Southern Energy Corp.,TSXV,Energy,Oil & Gas Exploration and Production,Oil & Gas Exploration and Production,339071672.0,23735018.0,0.07,True,WT,Oil & Gas,suffix:WT,False
SSV,Southern Silver Exploration Corp,SSV,Southern Silver Exploration Corp.,TSXV,Materials,Mining,Precious Metals,414758258.0,269592868.0,0.65,True,,Mining,,True
SGQ,SouthGobi Resources Ltd.,SGQ,SouthGobi Resources Ltd,TSXV,Energy,Thermal Coal,Thermal Coal,370549288.0,148219716.0,0.4,True,,Oil & Gas,,True
SML,Southstone Minerals Limited,SML,Southstone Minerals Limited,TSXV,Materials,Mining,Precious Metals,32041888.0,1602095.0,0.05,True,,Mining,,True
SPSA.P,SP Strategic Acquisition Corp.,,,,,,,,,,False,P,Diversified Industries,suffix:P,False
YSK.P,Space Kingdom Digital Capital Corp.,,,,,,,,,,False,P,Diversified Industries,suffix:P,False
SQG,Spackman Equities Group Inc.,SQG,Spackman Equities Group Inc.,TSXV,Finance,Asset Management Services,Asset Management Services,293756362.0,35250764.0,0.12,True,,Diversified Industries,,True
SPA,Spanish Mountain Gold Ltd,SPA,Spanish Mountain Gold Ltd.,TSXV,Materials,Mining,Gold,527302713.0,187192464.0,0.355,True,,Mining,,True
SPRQ,Sparq Systems Inc.,SPRQ,Sparq Systems Inc.,TSXV,Energy,Renewable Energy Producers,Solar Energy,116735112.0,116735112.0,1.0,True,,CleanTech,,True
SHK.P,Sparrowhawk Opportunity Corp.,,,,,,,,,,False,P,Diversified Industries,suffix:P,False
SPAR,Spartacus Metals Inc.,SPAR,Spartacus Metals Inc.,TSXV,Materials,Mining,Industrial Metals,7934297.0,1110802.0,0.14,True,,Mining,,True
W,Spartan Metals Corp.,W,Spartan Metals Corp.,TSXV,Materials,Mining,Industrial Metals,54145343.0,29238486.0,0.54,True,,Mining,,True
SRI,Sparton Resources Inc.,SRI,Sparton Resources Inc.,TSXV,Materials,Mining,Industrial Metals,181727252.0,2725909.0,0.015,True,,Mining,,True
SPC,SPC Nickel Corp.,SPC,SPC Nickel Corp.,TSXV,Materials,Mining,Industrial Metals,447323825.0,38022526.0,0.085,True,,Mining,,True
SSA,Spectra Products Inc.,SSA,Spectra Products Inc.,TSXV,Consumer Discretionary,Vehicles,Automotive Parts,13055565.0,2480558.0,0.19,True,,Diversified Industries,,True
SOO.P,Spectre Capital Corp.,,,,,,,,,,False,P,Diversified Industries,suffix:P,False
SRQ,SRQ Resources Inc.,SRQ,SRQ Resources Inc.,TSXV,Materials,Mining,Industrial Metals,46095650.0,3687652.0,0.08,True,,Mining,,True
LORD,St. James Gold Corp.,LORD,St. James Gold Corp.,TSXV,Materials,Mining,Gold,39535628.0,2767494.0,0.07,True,,Mining,,True
SRC,Stakeholder Gold Corp.,SRC,Stakeholder Gold Corp.,TSXV,Materials,Mining,Gold,25922662.0,44068526.0,1.7,True,,Mining,,True
STUD,Stallion Uranium Corp.,STUD,Stallion Uranium Corp.,TSXV,Energy,Other Energy Sources,Uranium,150132530.0,21769217.0,0.145,True,,CleanTech,,True
SDI,Stampede Drilling Inc.,SDI,Stampede Drilling Inc.,TSXV,Energy,Oil & Gas Drilling,Oil & Gas Drilling,199941595.0,45986567.0,0.23,True,,Oil & Gas,,True
STMP,Stamper Oil & Gas Corp.,STMP,Stamper Oil & Gas Corp.,TSXV,Energy,Oil & Gas Exploration and Production,Oil & Gas Exploration and Production,120192051.0,8413444.0,0.07,True,,Oil & Gas,,True
SLI,Standard Lithium Ltd.,SLI,Standard Lithium Ltd.,TSXV,Materials,Mining,Industrial Metals,246411248.0,850118806.0,3.45,True,,Mining,,True
STND,Standard Uranium Ltd.,STND,Standard Uranium Ltd.,TSXV,Energy,Other Energy Sources,Uranium,159475607.0,11960671.0,0.075,True,,CleanTech,,True
ZIGY,Stardust Metal Corp.,ZIGY,Stardust Metal Corp.,TSXV,Materials,Mining,Gold,45230783.0,82320026.0,1.82,True,,Mining,,True
SUN,Stardust Solar Energy Inc.,SUN,Stardust Solar Energy Inc.,TSXV,Energy,Renewable Energy Producers,Solar Energy,110793557.0,5539678.0,0.05,True,,CleanTech,,True
SURF.UN,Starlight U.S. Residential Fund (Multi-Family) Investment LP,,,,,,,,,,False,UN,Diversified Industries,suffix:UN,False
STE,Starr Peak Mining Ltd.,STE,Starr Peak Mining Ltd.,TSXV,Materials,Mining,Industrial Metals,60125752.0,21645271.0,0.36,True,,Mining,,True
SPX,Stellar AfricaGold Inc.,SPX,Stellar AfricaGold Inc.,TSXV,Materials,Mining,Gold,64970784.0,7146787.0,0.11,True,,Mining,,True
SAG,Sterling Metals Corp.,SAG,Sterling Metals Corp.,TSXV,Materials,Mining,Industrial Metals,46251162.0,57813953.0,1.25,True,,Mining,,True
PGE,Stillwater Critical Minerals Corp.,PGE,Stillwater Critical Minerals Corp.,TSXV,Materials,Mining,Industrial Metals,312391379.0,142138078.0,0.455,True,,Mining,,True
STW,Stockworks Gold Inc.,STW,Stockworks Gold Inc.,TSXV,Materials,Mining,Gold,21015493.0,1996472.0,0.095,True,,Mining,,True
STRM,Storm Exploration Inc.,STRM,Storm Exploration Inc.,TSXV,Materials,Mining,Precious Metals,28563944.0,14567612.0,0.51,True,,Mining,,True
SGE,Strategem Capital Corporation,SGE,Strategem Capital Corporation,TSXV,Finance,Asset Management Services,Asset Management Services,9114028.0,6835521.0,0.75,True,,Diversified Industries,,True
SMD,Strategic Metals Ltd.,SMD,Strategic Metals Ltd.,TSXV,Materials,Mining,Industrial Metals,111055967.0,38314309.0,0.345,True,,Mining,,True
SR,Strategic Resources Inc.,SR,Strategic Resources Inc.,TSXV,Materials,Mining,Industrial Metals,59027995.0,19479239.0,0.33,True,,Mining,,True
SKP,Strikepoint Gold Inc.,SKP,Strikepoint Gold Inc.,TSXV,Materials,Mining,Precious Metals,62392382.0,10294744.0,0.165,True,,Mining,,True
SKK,Strikewell Energy Corp,SKK,Strikewell Energy Corp.,TSXV,Energy,Oil & Gas Exploration and Production,Oil & Gas Exploration and Production,8626862.0,992090.0,0.115,True,,Oil & Gas,,True
SDR,Stroud Resources Ltd.,SDR,Stroud Resources Ltd.,TSXV,Energy,Oil & Gas Exploration and Production,Oil & Gas Exploration and Production,63623199.0,11452176.0,0.18,True,,Oil & Gas,,True
STUV,Stuve Gold Corp.,STUV,Stuve Gold Corp.,TSXV,Materials,Mining,Industrial Metals,41766159.0,21718403.0,0.52,True,,Mining,,True
SUGR,Sucro Limited,SUGR,Sucro Limited,TSXV,Consumer Staples,Consumer Products - Foods,Sugar & Confectioners,11107999.0,100305231.0,9.03,True,,Diversified Industries,,True
SUM,Summit Royalties Ltd.,SUM,Summit Royalties Ltd.,TSXV,Materials,Mining,Precious Metals,103615699.0,152315078.0,1.47,True,,Mining,,True
PEAK,Sun Peak Metals Corp.,PEAK,Sun Peak Metals Corp.,TSXV,Materials,Mining,Precious Metals,164442196.0,71532356.0,0.435,True,,Mining,,True
SMN,Sun Summit Minerals Corp.,SMN,Sun Summit Minerals Corp.,TSXV,Materials,Mining,Industrial Metals,320560093.0,46481214.0,0.145,True,,Mining,,True
SMN.WT,Sun Summit Minerals Corp. Wt 30May2027,SMN,Sun Summit Minerals Corp.,TSXV,Materials,Mining,Industrial Metals,320560093.0,46481214.0,0.145,True,WT,Mining,suffix:WT,False
SPZ,SuperBuzz Inc.,SPZ,SuperBuzz Inc.,TSXV,Technology,Software & IT Services,Application Software,20146128.0,503654.0,0.025,True,,Technology,,True
SUI,Superior Mining International Corporation,SUI,Superior Mining International Corporatio,TSXV,Materials,Mining,Industrial Metals,78373048.0,2351192.0,0.03,True,,Mining,,True
NILI,Surge Battery Metals Inc.,NILI,Surge Battery Metals Inc.,TSXV,Materials,Mining,Industrial Metals,314176537.0,317318303.0,1.01,True,,Mining,,True
SURG,Surge Copper Corp.,SURG,Surge Copper Corp.,TSXV,Materials,Mining,Industrial Metals,388064483.0,273585461.0,0.705,True,,Mining,,True
SRGE,Surge Digital Inc.,SRGE,Surge Digital Inc.,TSXV,Finance,Capital Markets,Cryptocurrency Exchanges & Trading Platforms,50825831.0,19313816.0,0.38,True,,Diversified Industries,,True
SYG,Sylla Gold Corp.,SYG,Sylla Gold Corp.,TSXV,Materials,Mining,Gold,107297832.0,4828403.0,0.045,True,,Mining,,True
ESAF,Syntholene Energy Corp.,ESAF,Syntholene Energy Corp.,TSXV,Energy,Renewable Energy Producers,Diversified Renewable Energy,82638274.0,31402545.0,0.38,True,,CleanTech,,True
TWO,T2 Metals Corp.,TWO,T2 Metals Corp.,TSXV,Materials,Mining,Copper,62788808.0,23231859.0,0.37,True,,Mining,,True
TAO,TAG Oil Ltd.,TAO,TAG Oil Ltd.,TSXV,Energy,Oil & Gas Exploration and Production,Oil & Gas Exploration and Production,341756692.0,32466886.0,0.095,True,,Oil & Gas,,True
TAJ,Tajiri Resources Corp.,TAJ,Tajiri Resources Corp.,TSXV,Materials,Mining,Gold,264882638.0,50327702.0,0.19,True,,Mining,,True
TRO,Taranis Resources Inc.,TRO,Taranis Resources Inc.,TSXV,Materials,Mining,Industrial Metals,104452053.0,12534247.0,0.12,True,,Mining,,True
TDG,TDG Gold Corp.,TDG,TDG Gold Corp.,TSXV,Materials,Mining,Industrial Metals,280986512.0,137683391.0,0.49,True,,Mining,,True
TECT,Tectonic Metals Inc.,TECT,Tectonic Metals Inc.,TSXV,Materials,Mining,Gold,134734053.0,316625025.0,2.35,True,,Mining,,True
TELO,Telo Genomics Corp.,TELO,Telo Genomics Corp.,TSXV,Healthcare,Medical Diagnostics & Screening,Diagnostics & Screening,100430472.0,4017219.0,0.04,True,,Life Sciences,,True
TNX,TenX Protocols Inc.,TNX,TenX Protocols Inc.,TSXV,Finance,Capital Markets,Cryptocurrency Exchanges & Trading Platforms,63577562.0,6993532.0,0.11,True,,Diversified Industries,,True
TRR,Terra Rossa Gold Ltd.,TRR,Terra Rossa Gold Ltd.,TSXV,Materials,Mining,Gold,73742203.0,25441061.0,0.345,True,,Mining,,True
TES,Tesoro Minerals Corp.,TES,Tesoro Minerals Corp.,TSXV,Materials,Mining,Gold,41444326.0,4558876.0,0.11,True,,Mining,,True
TPL,Tethys Petroleum Limited,TPL,Tethys Petroleum Limited,TSXV,Energy,Oil & Gas Exploration and Production,Oil & Gas Exploration and Production,114857248.0,142422988.0,1.24,True,,Oil & Gas,,True
TUO,Teuton Resources Corp,TUO,Teuton Resources Corp.,TSXV,Materials,Mining,Precious Metals,59871881.0,101782198.0,1.7,True,,Mining,,True
TGX,TGX Energy & Resources Inc.,TGX,TGX Energy & Resources Inc.,TSXV,Materials,Mining,Precious Metals,12392450.0,6320150.0,0.51,True,,Mining,,True
FRSH,The Fresh Factory B.C. Ltd.,FRSH,The Fresh Factory B.C. Ltd.,TSXV,Consumer Staples,Consumer Products - Foods,"Canned, Frozen & Preserved Foods",10480577.0,9432520.0,0.9,True,,Diversified Industries,,True
FTRC,The FUTR Corporation,FTRC,The FUTR Corporation,TSXV,Technology,Software & IT Services,Systems Software,152422120.0,21339097.0,0.14,True,,Technology,,True
WED,The Westaim Corporation,WED,The Westaim Corporation,TSXV,Finance,Asset Management Services,Asset Management Services,33551508.0,637814168.0,19.01,True,,Diversified Industries,,True
WI,The Western Investment Company of Canada Limited,WI,The Western Investment Company of Canada,TSXV,Finance,Asset Management Services,Asset Management Services,167062008.0,178756349.0,1.07,True,,Diversified Industries,,True
TLT,Theralase Technologies Inc.,TLT,Theralase Technologies Inc.,TSXV,Healthcare,Medical Equipment & Supplies,Surgical & Medical Apparatus,257058334.0,48841084.0,0.19,True,,Life Sciences,,True
TLT.WT,Theralase Technologies Inc. wt 2031May20,TLT,Theralase Technologies Inc.,TSXV,Healthcare,Medical Equipment & Supplies,Surgical & Medical Apparatus,257058334.0,48841084.0,0.19,True,WT,Life Sciences,suffix:WT,False
THRM,Therma Bright Inc.,THRM,Therma Bright Inc.,TSXV,Healthcare,Medical Equipment & Supplies,Surgical & Medical Apparatus,61246628.0,2756099.0,0.045,True,,Life Sciences,,True
TMG,Thermal Energy International Inc.,TMG,Thermal Energy International Inc.,TSXV,Industrials,Industrial Goods,Waste & Pollution Control,173114305.0,26832718.0,0.155,True,,Diversified Industries,,True
THY.P,Thermopylae Capital Inc.,,,,,,,,,,False,P,Diversified Industries,suffix:P,False
TAU,Thesis Gold & Silver Inc.,TAU,Thesis Gold & Silver Inc.,TSXV,Materials,Mining,Precious Metals,279569682.0,1009246553.0,3.61,True,,Mining,,True
TTI,"Thiogenesis Therapeutics, Corp.",TTI,Thiogenesis Therapeutics Corp.,TSXV,Healthcare,Biotechnology & Life Sciences,Biotechnology,69979656.0,36389422.0,0.52,True,,Life Sciences,,True
TRCG,Thistle Resources Inc.,TRCG,Thistle Resources Inc.,TSXV,Materials,Mining,Industrial Metals,60658093.0,13648071.0,0.225,True,,Mining,,True
THX,Thor Explorations Ltd,THX,Thor Explorations Ltd.,TSXV,Materials,Mining,Gold,666573136.0,919870928.0,1.38,True,,Mining,,True
TCCM,Three Crowns Critical Metals Inc.,TCCM,Three Crowns Critical Metals Inc.,TSXV,Materials,Mining,Industrial Metals,6581489.0,3027485.0,0.46,True,,Mining,,True
YAY,THS Maple Holdings Ltd.,YAY,THS Maple Holdings Ltd.,TSXV,Consumer Staples,Consumer Products - Foods,"Canned, Frozen & Preserved Foods",60999100.0,7624888.0,0.125,True,,Diversified Industries,,True
TGOL,Thunder Gold Corp.,TGOL,Thunder Gold Corp.,TSXV,Materials,Mining,Industrial Metals,319162121.0,56651277.0,0.1775,True,,Mining,,True
THM,"Thunder Mountain Gold, Inc.",THM,Thunder Mountain Gold Inc.,TSXV,Materials,Mining,Precious Metals,83255579.0,101571807.0,1.22,True,,Mining,,True
BIRD,Thunderbird Minerals Corp.,BIRD,Thunderbird Minerals Corp.,TSXV,Materials,Mining,Precious Metals,54318036.0,9777247.0,0.18,True,,Mining,,True
AWE,Thunderstruck Resources Ltd.,AWE,Thunderstruck Resources Ltd.,TSXV,Materials,Mining,Industrial Metals,71071206.0,10660681.0,0.15,True,,Mining,,True
TSLV,Tier One Silver Inc.,TSLV,Tier One Silver Inc.,TSXV,Materials,Mining,Precious Metals,258732856.0,20698629.0,0.08,True,,Mining,,True
TNGD,Tiernan Gold Corp.,TNGD,Tiernan Gold Corp.,TSXV,Materials,Mining,Gold,48215944.0,384281074.0,7.97,True,,Mining,,True
TIGR,Tiger Gold Corp.,TIGR,Tiger Gold Corp.,TSXV,Materials,Mining,Gold,105676498.0,94052084.0,0.89,True,,Mining,,True
TLC.P,Timeless Capital Corp.,,,,,,,,,,False,P,Diversified Industries,suffix:P,False
TK,Tinka Resources Limited,TK,Tinka Resources Limited,TSXV,Materials,Mining,Industrial Metals,133772553.0,65548551.0,0.49,True,,Mining,,True
TORC,Tinone Resources Inc.,TORC,TinOne Resources Inc.,TSXV,Materials,Mining,Industrial Metals,21890585.0,1094530.0,0.05,True,,Mining,,True
TTS,Tintina Mines Ltd.,TTS,Tintina Mines Ltd.,TSXV,Materials,Mining,Industrial Metals,149644251.0,404039478.0,2.7,True,,Mining,,True
TLA,Titan Logix Corp.,TLA,Titan Logix Corp.,TSXV,Industrials,Industrial Goods,Specialized Industrial Machinery,26794724.0,13933257.0,0.52,True,,Diversified Industries,,True
TITI,Titiminas Silver Inc.,TITI,Titiminas Silver Inc.,TSXV,Materials,Mining,Silver,37340773.0,31739658.0,0.85,True,,Mining,,True
TNR,TNR Gold Corp.,TNR,TNR Gold Corp.,TSXV,Materials,Mining,Industrial Metals,243981780.0,70754717.0,0.29,True,,Mining,,True
LOT,TomaGold Corporation,LOT,TomaGold Corporation,TSXV,Materials,Mining,Gold,312299193.0,10930472.0,0.035,True,,Mining,,True
TBLL,Tombill Mines Limited,TBLL,Tombill Mines Limited,TSXV,Materials,Mining,Gold,292453997.0,16084970.0,0.055,True,,Mining,,True
TGC,TooGood Gold Corp.,TGC,TooGood Gold Corp.,TSXV,Materials,Mining,Gold,87554678.0,8755468.0,0.1,True,,Mining,,True
TOI,Topicus.com Inc.,TOI,Topicus.com Inc.,TSXV,Technology,Software & IT Services,Systems Software,83528873.0,7975336795.0,95.48,True,,Technology,,True
TORQ,Torq Resources Inc.,TORQ,Torq Resources Inc.,TSXV,Materials,Mining,Industrial Metals,185897146.0,11153829.0,0.06,True,,Mining,,True
TMET,Torr Metals Inc.,TMET,Torr Metals Inc.,TSXV,Materials,Mining,Industrial Metals,84024953.0,11343369.0,0.135,True,,Mining,,True
TORR,Torrent Capital Ltd.,TORR,Torrent Capital Ltd.,TSXV,Finance,Asset Management Services,Asset Management Services,38090224.0,23615939.0,0.62,True,,Diversified Industries,,True
TT,Total Metals Corp.,TT,Total Metals Corp.,TSXV,Materials,Mining,Gold,59315766.0,12159733.0,0.205,True,,Mining,,True
TTZ,Total Telcom Inc.,TTZ,Total Telcom Inc.,TSXV,Technology,Hardware & Equipment,Communications Equipment,26563015.0,14609659.0,0.55,True,,Technology,,True
TOTC,Totec Resources Ltd.,TOTC,Totec Resources Ltd.,TSXV,Materials,Mining,Industrial Metals,38645525.0,23187315.0,0.6,True,,Mining,,True
TWR,Tower Resources Ltd.,TWR,Tower Resources Ltd.,TSXV,Materials,Mining,Industrial Metals,183282352.0,27492353.0,0.15,True,,Mining,,True
TBLZ.P,Trail Blazer Capital Corp.,,,,,,,,,,False,P,Diversified Industries,suffix:P,False
TBK,Trailbreaker Resources Ltd.,TBK,Trailbreaker Resources Ltd.,TSXV,Materials,Mining,Gold,53339834.0,25603121.0,0.48,True,,Mining,,True
TTG,Trans Canada Gold Corp.,TTG,Trans Canada Gold Corp.,TSXV,Energy,Oil & Gas Exploration and Production,Oil & Gas Exploration and Production,58729839.0,12333267.0,0.21,True,,Oil & Gas,,True
TCO,Transatlantic Mining Corp.,TCO,Transatlantic Mining Corp.,TSXV,Materials,Mining,Industrial Metals,86639916.0,4331996.0,0.05,True,,Mining,,True
TCG.P,Transcontinental Gold Corp.,,,,,,,,,,False,P,Diversified Industries,suffix:P,False
XTM,Transition Metals Corp.,XTM,Transition Metals Corp.,TSXV,Materials,Mining,Industrial Metals,87466826.0,5248010.0,0.06,True,,Mining,,True
TOP.P,Transition Opportunities Corp.,,,,,,,,,,False,P,Diversified Industries,suffix:P,False
OCEN,Transoceanic Investments Inc.,OCEN,Transoceanic Investments Inc.,TSXV,Materials,Mining,Industrial Metals,169292585.0,10157556.0,0.06,True,,Mining,,True
TRS,Tres-Or Resources Ltd.,TRS,Tres-Or Resources Ltd.,TSXV,Materials,Mining,Precious Metals,25233863.0,1387863.0,0.055,True,,Mining,,True
TRV.P,Treviso Capital Corp.,,,,,,,,,,False,P,Diversified Industries,suffix:P,False
TRBE,Tribe Property Technologies Inc.,TRBE,Tribe Property Technologies Inc.,TSXV,Real Estate,Real Estate,Real Estate Services,50020740.0,10004148.0,0.2,True,,Diversified Industries,,True
TRBE.WT,Tribe Property Technologies Inc. wt 07Jul2028,TRBE,Tribe Property Technologies Inc.,TSXV,Real Estate,Real Estate,Real Estate Services,50020740.0,10004148.0,0.2,True,WT,Diversified Industries,suffix:WT,False
TRBC,Tribeca Resources Corporation,TRBC,Tribeca Resources Corporation,TSXV,Materials,Mining,Copper,97437779.0,22897879.0,0.235,True,,Mining,,True
ROCK,Trident Resources Corp.,ROCK,Trident Resources Corp.,TSXV,Materials,Mining,Industrial Metals,39889873.0,182296720.0,4.57,True,,Mining,,True
TG,Trifecta Gold Ltd.,TG,Trifecta Gold Ltd.,TSXV,Materials,Mining,Gold,56451721.0,9879052.0,0.175,True,,Mining,,True
TCK.P,Trillium Acquisition Corp.,,,,,,,,,,False,P,Diversified Industries,suffix:P,False
TOM,Trinity One Metals Ltd.,TOM,Trinity One Metals Ltd.,TSXV,Materials,Mining,Copper,67234879.0,12774628.0,0.19,True,,Mining,,True
TSG,TriStar Gold Inc.,TSG,TriStar Gold Inc.,TSXV,Materials,Mining,Gold,397541940.0,83483808.0,0.21,True,,Mining,,True
TIG,Triumph Gold Corp.,TIG,Triumph Gold Corp.,TSXV,Materials,Mining,Industrial Metals,72128762.0,54096572.0,0.75,True,,Mining,,True
TR,Troubadour Resources Inc.,TR,Troubadour Resources Inc.,TSXV,Materials,Mining,Industrial Metals,7006857.0,840823.0,0.12,True,,Mining,,True
TRU,TRU Precious Metals Corp.,TRU,TRU Precious Metals Corp.,TSXV,Materials,Mining,Gold,164421818.0,6576873.0,0.04,True,,Mining,,True
TBIX,Trustbix Inc.,TBIX,TrustBIX Inc.,TSXV,Technology,Software & IT Services,Application Software,139209330.0,696047.0,0.005,True,,Technology,,True
TSD,Tsodilo Resources Limited,TSD,Tsodilo Resources Limited,TSXV,Materials,Mining,Precious Metals,66678963.0,5334318.0,0.08,True,,Mining,,True
TUD,Tudor Gold Corp.,TUD,Tudor Gold Corp.,TSXV,Materials,Mining,Gold,412304158.0,408181117.0,0.99,True,,Mining,,True
TUK,Tuktu Resources Ltd.,TUK,Tuktu Resources Ltd.,TSXV,Energy,Oil & Gas Exploration and Production,Oil & Gas Exploration and Production,265563548.0,5311271.0,0.02,True,,Oil & Gas,,True
TUK.WT,TUKTU RESOURCES LTD wt23Nov2026,TUK,Tuktu Resources Ltd.,TSXV,Energy,Oil & Gas Exploration and Production,Oil & Gas Exploration and Production,265563548.0,5311271.0,0.02,True,WT,Oil & Gas,suffix:WT,False
TTGI,Turnium Technology Group Inc.,TTGI,Turnium Technology Group Inc.,TSXV,Technology,Software & IT Services,Systems Software,213105657.0,8524227.0,0.04,True,,Technology,,True
TVI,Tvi Pacific Inc.,TVI,Tvi Pacific Inc.,TSXV,Materials,Mining,Industrial Metals,728587039.0,32786417.0,0.045,True,,Mining,,True
MILE,Twenty Mile Metals Inc.,MILE,Twenty Mile Metals Inc.,TSXV,Materials,Mining,Industrial Metals,10200000.0,1224000.0,0.12,True,,Mining,,True
UTWO,U92 Energy Corp.,UTWO,U92 Energy Corp.,TSXV,Energy,Other Energy Sources,Uranium,44891418.0,17507654.0,0.39,True,,CleanTech,,True
UCU,Ucore Rare Metals Inc.,UCU,Ucore Rare Metals Inc.,TSXV,Materials,Mining,Industrial Metals,117117586.0,302163372.0,2.58,True,,Mining,,True
UGD,Unigold Inc.,UGD,Unigold Inc.,TSXV,Materials,Mining,Gold,339303817.0,81432917.0,0.24,True,,Mining,,True
USS,Uniserve Communications Corporation,USS,Uniserve Communications Corporation,TSXV,Media,Telecommunications,Telecommunication Services,42086517.0,31564888.0,0.75,True,,Diversified Industries,,True
UPT.P,Upstart Investments Inc.,,,,,,,,,,False,P,Diversified Industries,suffix:P,False
UIG,Urban Infrastructure Group Inc.,UIG,Urban Infrastructure Group Inc.,TSXV,Industrials,Construction,Engineering & Construction Services,104512917.0,3135388.0,0.03,True,,Diversified Industries,,True
UFC,Urbanfund Corp.,UFC,Urbanfund Corp.,TSXV,Real Estate,Real Estate,Diversified Real Estate Activities,53960669.0,46945783.0,0.87,True,,Diversified Industries,,True
URZ,URZ3 Energy Corp.,URZ,URZ3 Energy Corp.,TSXV,Energy,Other Energy Sources,Uranium,52327795.0,10727198.0,0.205,True,,CleanTech,,True
USCU,US Copper Corp.,USCU,US Copper Corp.,TSXV,Materials,Mining,Copper,160327961.0,21644275.0,0.135,True,,Mining,,True
USHA,Usha Resources Ltd.,USHA,Usha Resources Ltd.,TSXV,Materials,Mining,Industrial Metals,92231586.0,4150422.0,0.045,True,,Mining,,True
VTEN,V Ten Metals Corp.,VTEN,V Ten Metals Corp.,TSXV,Materials,Mining,Industrial Metals,25609138.0,20999494.0,0.82,True,,Mining,,True
VZZ,Val-d'Or Mining Corporation,VZZ,Val-d'Or Mining Corporation,TSXV,Materials,Mining,Industrial Metals,108390738.0,26555731.0,0.245,True,,Mining,,True
VAL.P,Valencia Capital Inc.,,,,,,,,,,False,P,Diversified Industries,suffix:P,False
VMXX,Valhalla Metals Inc.,VMXX,Valhalla Metals Inc.,TSXV,Materials,Mining,Industrial Metals,151140901.0,114867085.0,0.76,True,,Mining,,True
OZ,Valkea Resources Corp.,OZ,Valkea Resources Corp.,TSXV,Materials,Mining,Gold,85990967.0,28377020.0,0.33,True,,Mining,,True
VO,Valore Metals Corp.,VO,Valore Metals Corp.,TSXV,Energy,Other Energy Sources,Uranium,254954066.0,17846785.0,0.07,True,,CleanTech,,True
VRB,Vanadiumcorp Resource Inc.,VRB,Vanadiumcorp Resource Inc.,TSXV,Materials,Mining,Industrial Metals,26414878.0,2113191.0,0.08,True,,Mining,,True
VCV,Vatic Ventures Corp,VCV,Vatic Ventures Corp.,TSXV,Materials,Mining,Industrial Metals,41351394.0,3101355.0,0.075,True,,Mining,,True
KNOX,Vault Strategic Mining Corp.,KNOX,Vault Strategic Mining Corp.,TSXV,Materials,Mining,Precious Metals,15428495.0,3857124.0,0.25,True,,Mining,,True
VXL,Vaxil Bio Ltd.,VXL,Vaxil Bio Ltd.,TSXV,Healthcare,Biotechnology & Life Sciences,Biotechnology,3984021.0,637444.0,0.16,True,,Life Sciences,,True
PAIN,Vector Science and Therapeutics Corp.,PAIN,Vector Science and Therapeutics Corp.,TSXV,Healthcare,Biotechnology & Life Sciences,Biotechnology,156364180.0,323673853.0,2.07,True,,Life Sciences,,True
VLC,Velocity Minerals Ltd.,VLC,Velocity Minerals Ltd.,TSXV,Materials,Mining,Gold,204632857.0,38880243.0,0.19,True,,Mining,,True
VLX,Velox Energy Materials Inc.,VLX,Velox Energy Materials Inc.,TSXV,Materials,Mining,Industrial Metals,178592544.0,4464814.0,0.025,True,,Mining,,True
VTT,Vendetta Mining Corp,VTT,Vendetta Mining Corp.,TSXV,Materials,Mining,Industrial Metals,362689057.0,5440336.0,0.015,True,,Mining,,True
VENT,Ventra Metals Corp.,VENT,Ventra Metals Corp.,TSXV,Materials,Mining,Industrial Metals,16172328.0,2911020.0,0.18,True,,Mining,,True
VPT,VentriPoint Diagnostics Ltd.,VPT,VentriPoint Diagnostics Ltd.,TSXV,Healthcare,Medical Equipment & Supplies,Surgical & Medical Apparatus,192777941.0,19277795.0,0.1,True,,Life Sciences,,True
V,Verdera Energy Corp.,V,Verdera Energy Corp.,TSXV,Energy,Other Energy Sources,Uranium,75757993.0,29166828.0,0.385,True,,CleanTech,,True
VTX,Vertex Resource Group Ltd.,VTX,Vertex Resource Group Ltd.,TSXV,Industrials,Waste Management,Waste Management,112026890.0,19044572.0,0.17,True,,Diversified Industries,,True
VERT,Vertical Exploration Inc.,VERT,Vertical Exploration Inc.,TSXV,Materials,Mining,Industrial Metals,152904053.0,3822602.0,0.025,True,,Mining,,True
VCC.P,Veteran Capital Corp.,,,,,,,,,,False,P,Diversified Industries,suffix:P,False
VLD,Vinland Lithium Inc.,VLD,Vinland Lithium Inc.,TSXV,Materials,Mining,Industrial Metals,10055252.0,4424311.0,0.44,True,,Mining,,True
VIO,Vior Gold Corporation Inc.,VIO,Vior Gold Corporation Inc.,TSXV,Materials,Mining,Gold,416229979.0,41622998.0,0.1,True,,Mining,,True
VQS,VIQ Solutions Inc.,VQS,VIQ Solutions Inc.,TSXV,Technology,Software & IT Services,Application Software,70462155.0,8807770.0,0.125,True,,Technology,,True
VML,Viscount Mining Corp.,VML,Viscount Mining Corp.,TSXV,Materials,Mining,Precious Metals,134898623.0,65425833.0,0.485,True,,Mining,,True
VGD,Visible Gold Mines Inc.,VGD,Visible Gold Mines Inc.,TSXV,Materials,Mining,Gold,38655164.0,6378103.0,0.165,True,,Mining,,True
VLI,Vision Lithium Inc.,VLI,Vision Lithium Inc.,TSXV,Materials,Mining,Industrial Metals,293019151.0,4395288.0,0.015,True,,Mining,,True
VCG,Visionary Copper and Gold Mines Inc.,VCG,Visionary Copper and Gold Mines Inc.,TSXV,Materials,Mining,Industrial Metals,23788839.0,37110589.0,1.56,True,,Mining,,True
VIZ,Visionary Metals Corp.,VIZ,Visionary Metals Corp.,TSXV,Materials,Mining,Precious Metals,68301176.0,14343247.0,0.21,True,,Mining,,True
VIS,Visionstate Corp.,VIS,Visionstate Corp.,TSXV,Technology,Software & IT Services,IT Services,258326335.0,5166527.0,0.02,True,,Technology,,True
VUX,Vital Energy Inc.,VUX,Vital Energy Inc.,TSXV,Energy,Oil & Gas Exploration and Production,Oil & Gas Exploration and Production,82699971.0,9923997.0,0.12,True,,Oil & Gas,,True
VITA,Vitalist Inc.,VITA,Vitalist Inc.,TSXV,Technology,Hardware & Equipment,Consumer Electronics,66763533.0,38722850.0,0.58,True,,Technology,,True
VPI,Vitality Products Inc.,VPI,Vitality Products Inc.,TSXV,Consumer Staples,Consumer Products - Healthcare,Consumer Healthcare Products,41411285.0,828226.0,0.02,True,,Life Sciences,,True
VCI,Vitreous Glass Inc,VCI,Vitreous Glass Inc.,TSXV,Industrials,Waste Management,Waste Management,6356050.0,44174548.0,6.95,True,,Diversified Industries,,True
VAU,Viva Gold Corp.,VAU,Viva Gold Corp.,TSXV,Materials,Mining,Gold,172107102.0,38724098.0,0.225,True,,Mining,,True
VCU,Vizsla Copper Corp.,VCU,Vizsla Copper Corp.,TSXV,Materials,Mining,Copper,90129468.0,141503265.0,1.57,True,,Mining,,True
VROY,Vizsla Royalties Corp.,VROY,Vizsla Royalties Corp.,TSXV,Materials,Mining,Precious Metals,71158498.0,307404712.0,4.32,True,,Mining,,True
VG,Volcanic Gold Mines Inc.,VG,Volcanic Gold Mines Inc,TSXV,Materials,Mining,Gold,59419542.0,6239052.0,0.105,True,,Mining,,True
VCT,Volt Carbon Technologies Inc.,VCT,Volt Carbon Technologies Inc.,TSXV,Materials,Mining,Industrial Metals,303702222.0,18222134.0,0.06,True,,Mining,,True
VMS,Vortex Metals Inc.,VMS,Vortex Metals Inc.,TSXV,Materials,Mining,Precious Metals,135359168.0,5414367.0,0.04,True,,Mining,,True
VM,Voyageur Pharmaceuticals Ltd.,VM,Voyageur Pharmaceuticals Ltd.,TSXV,Healthcare,Pharmaceuticals,Pharmaceutical Manufacturers - Specialty & Generic,226342352.0,37346489.0,0.165,True,,Life Sciences,,True
VRR,VR Resources Ltd.,VRR,VR Resources Ltd.,TSXV,Materials,Mining,Industrial Metals,39785279.0,16908744.0,0.425,True,,Mining,,True
VUL,Vulcan Minerals Inc,VUL,Vulcan Minerals Inc.,TSXV,Materials,Mining,Industrial Metals,129902398.0,53259984.0,0.41,True,,Mining,,True
VVTM,VVT Med Inc.,VVTM,VVT Med Inc.,TSXV,Healthcare,Medical Equipment & Supplies,Surgical & Medical Apparatus,72687346.0,13810596.0,0.19,True,,Life Sciences,,True
WRR,Walker River Resources Corp.,WRR,Walker River Resources Corp.,TSXV,Materials,Mining,Gold,62782862.0,19462688.0,0.31,True,,Mining,,True
WWT,Water Ways Technologies Inc.,WWT,Water Ways Technologies Inc.,TSXV,Industrials,Industrial Machinery,Agricultural & Heavy Equipment,14878533.0,371964.0,0.025,True,,Diversified Industries,,True
WAVE,Waverley Pharma Inc.,WAVE,Waverley Pharma Inc.,TSXV,Healthcare,Biotechnology & Life Sciences,Biotechnology,54000000.0,810000.0,0.015,True,,Life Sciences,,True
WML,Wealth Minerals Ltd,WML,Wealth Minerals Ltd.,TSXV,Materials,Mining,Industrial Metals,381938191.0,30555056.0,0.08,True,,Mining,,True
WCE,Wescan Energy Corp.,WCE,Wescan Energy Corp.,TSXV,Energy,Oil & Gas Exploration and Production,Oil & Gas Exploration and Production,45147958.0,5869235.0,0.13,True,,Oil & Gas,,True
WGF,Wescan Goldfields Inc.,WGF,Wescan Goldfields Inc.,TSXV,Materials,Mining,Gold,77118557.0,13110155.0,0.17,True,,Mining,,True
WHY,West High Yield (W.H.Y.) Resources Ltd,WHY,West High Yield (W.H.Y.) Resources Ltd.,TSXV,Materials,Mining,Industrial Metals,124961789.0,37488537.0,0.3,True,,Mining,,True
WPG,West Point Gold Corp.,WPG,West Point Gold Corp.,TSXV,Materials,Mining,Precious Metals,137475762.0,204838886.0,1.49,True,,Mining,,True
WRLG,West Red Lake Gold Mines Ltd.,WRLG,West Red Lake Gold Mines Ltd.,TSXV,Materials,Mining,Gold,413947977.0,360134740.0,0.87,True,,Mining,,True
WRLG.NT.U,West Red Lake Gold Mines Ltd. nt 31Dec2029,WRLG,West Red Lake Gold Mines Ltd.,TSXV,Materials,Mining,Gold,413947977.0,360134740.0,0.87,True,NT,Mining,suffix:NT,False
WRLG.WT.A,West Red Lake Gold Mines wt 19Mar2029,WRLG,West Red Lake Gold Mines Ltd.,TSXV,Materials,Mining,Gold,413947977.0,360134740.0,0.87,True,WT,Mining,suffix:WT,False
WRLG.WT.B,West Red Lake Gold Mines Ltd. wt 24Oct2027,WRLG,West Red Lake Gold Mines Ltd.,TSXV,Materials,Mining,Gold,413947977.0,360134740.0,0.87,True,WT,Mining,suffix:WT,False
WRLG.WT.C,West Red Lake Gold Mines Ltd. wt 25Feb2028,WRLG,West Red Lake Gold Mines Ltd.,TSXV,Materials,Mining,Gold,413947977.0,360134740.0,0.87,True,WT,Mining,suffix:WT,False
WVM,West Vault Mining Inc.,WVM,West Vault Mining Inc.,TSXV,Materials,Mining,Gold,58075566.0,112085843.0,1.93,True,,Mining,,True
WBE,WestBond Enterprises Corporation,WBE,WestBond Enterprises Corporation,TSXV,Materials,Forestry,Paper Products,35625800.0,9262708.0,0.26,True,,Diversified Industries,,True
WEB,Westbridge Renewable Energy Corp.,WEB,Westbridge Renewable Energy Corp.,TSXV,Utilities,Independent Power Producers,Independent Power Producers,26297463.0,28664235.0,1.09,True,,Diversified Industries,,True
WEX,Western Exploration Inc.,WEX,Western Exploration Inc.,TSXV,Materials,Mining,Precious Metals,62427269.0,36832089.0,0.59,True,,Mining,,True
WGLD,Western Gold Exploration Ltd.,WGLD,Western Gold Exploration Ltd.,TSXV,Materials,Mining,Gold,42481573.0,5097789.0,0.12,True,,Mining,,True
WMS,Western Metallica Resources Corp.,WMS,Western Metallica Resources Corp.,TSXV,Materials,Mining,Gold,2812060.0,351508.0,0.125,True,,Mining,,True
WP,Western Pacific Trust Company,WP,Western Pacific Trust Company,TSXV,Finance,Asset Management Services,Asset Management Services,26293558.0,3812566.0,0.145,True,,Diversified Industries,,True
WGT,Westgate Energy Inc.,WGT,Westgate Energy Inc.,TSXV,Energy,Oil & Gas Exploration and Production,Oil & Gas Exploration and Production,79315702.0,20622083.0,0.26,True,,Oil & Gas,,True
WHN,Westhaven Gold Corp.,WHN,Westhaven Gold Corp.,TSXV,Materials,Mining,Gold,261489718.0,100673542.0,0.385,True,,Mining,,True
WAT.P,Whatcom Capital II Corp.,,,,,,,,,,False,P,Diversified Industries,suffix:P,False
WGO,White Gold Corp.,WGO,White Gold Corp.,TSXV,Materials,Mining,Gold,223007988.0,508458213.0,2.28,True,,Mining,,True
WMK,Whitemud Resources Inc,WMK,Whitemud Resources Inc.,TSXV,Materials,Mining,Industrial Metals,34026300.0,4933814.0,0.145,True,,Mining,,True
WWA.P,Whitewater Acquisition Corp.,,,,,,,,,,False,P,Diversified Industries,suffix:P,False
YTY,Wi2Wi Corporation,YTY,Wi2Wi Corporation,TSXV,Technology,Hardware & Equipment,Communications Equipment,198233013.0,17840972.0,0.09,True,,Technology,,True
WSK,Wildsky Resources Inc.,WSK,Wildsky Resources Inc.,TSXV,Materials,Mining,Gold,56243141.0,7874040.0,0.14,True,,Mining,,True
WIL,Wilton Resources Inc,WIL,Wilton Resources Inc.,TSXV,Energy,Oil & Gas Exploration and Production,Oil & Gas Exploration and Production,81770679.0,19624963.0,0.24,True,,Oil & Gas,,True
WEC,Winchester Equity Corporation,WEC,Winchester Equity Corporation,TSXV,Finance,Asset Management Services,Asset Management Services,112463854.0,1686958.0,0.015,True,,Diversified Industries,,True
WINS,Winshear Metals Corp.,WINS,Winshear Metals Corp.,TSXV,Materials,Mining,Gold,69451965.0,6945197.0,0.1,True,,Mining,,True
WISH,Wishpond Technologies Ltd.,WISH,Wishpond Technologies Ltd.,TSXV,Technology,Software & IT Services,Application Software,54976149.0,7696661.0,0.14,True,,Technology,,True
WLF,Wolfden Resources Corporation,WLF,Wolfden Resources Corporation,TSXV,Materials,Mining,Industrial Metals,189817648.0,13287236.0,0.07,True,,Mining,,True
WOOD.P,Woodbridge Ventures II Inc.,,,,,,,,,,False,P,Diversified Industries,suffix:P,False
WCU,World Copper Ltd.,WCU,World Copper Ltd.,TSXV,Materials,Mining,Copper,13151545.0,2367279.0,0.18,True,,Mining,,True
XGC,Xali Gold Corp.,XGC,Xali Gold Corp.,TSXV,Materials,Mining,Precious Metals,169316474.0,38096207.0,0.225,True,,Mining,,True
GIG,XAU Resources Inc.,GIG,XAU Resources Inc.,TSXV,Materials,Mining,Gold,16761500.0,8380750.0,0.5,True,,Mining,,True
XIM,Ximen Mining Corp.,XIM,Ximen Mining Corp.,TSXV,Materials,Mining,Gold,70466465.0,5284985.0,0.075,True,,Mining,,True
XPLR,Xplore Resources Corp.,XPLR,Xplore Resources Corp.,TSXV,Materials,Mining,Industrial Metals,52601505.0,1315038.0,0.025,True,,Mining,,True
XTAO.U,XTAO Inc.,,,,,,,,,,False,U,Diversified Industries,suffix:U,False
XXIX,XXIX Metal Corp.,XXIX,XXIX Metal Corp.,TSXV,Materials,Mining,Copper,419033481.0,77521194.0,0.185,True,,Mining,,True
XL,XXL Energy Corp,XL,XXL Energy Corp.,TSXV,Energy,Oil & Gas Exploration and Production,Oil & Gas Exploration and Production,7252943.0,1015413.0,0.14,True,,Oil & Gas,,True
YOO,Yangaroo Inc.,YOO,Yangaroo Inc.,TSXV,Media,Interactive Multi-Media,Online Content & Information,63576462.0,6357647.0,0.1,True,,Diversified Industries,,True
YNV,Ynvisible Interactive Inc.,YNV,Ynvisible Interactive Inc.,TSXV,Technology,Hardware & Equipment,Electronic Parts & Equipment Manufacture,164506317.0,12337974.0,0.075,True,,Technology,,True
YEG,Yorkton Equity Group Inc.,YEG,Yorkton Equity Group Inc.,TSXV,Real Estate,Real Estate,Diversified Real Estate Activities,112628074.0,11825948.0,0.105,True,,Diversified Industries,,True
ZAC,Zacatecas Silver Corp.,ZAC,Zacatecas Silver Corp.,TSXV,Materials,Mining,Silver,218898476.0,14228401.0,0.065,True,,Mining,,True
ZBNI,ZEB Nickel Corp.,ZBNI,Zeb Nickel Corp.,TSXV,Materials,Mining,Industrial Metals,55653930.0,4452315.0,0.08,True,,Mining,,True
ZDC,Zedcor Inc.,ZDC,Zedcor Inc.,TSXV,Industrials,Corporate Services,Security Services,112789397.0,554923834.0,4.92,True,,Diversified Industries,,True
ZENI.P,Zenith Capital Corporation,,,,,,,,,,False,P,Diversified Industries,suffix:P,False
ZEN,Zentek Ltd.,ZEN,Zentek Ltd.,TSXV,Healthcare,Medical Equipment & Supplies,Medical  Supplies,126619532.0,98763235.0,0.78,True,,Life Sciences,,True
ZFR,Zephyr Minerals Ltd.,ZFR,Zephyr Minerals Ltd.,TSXV,Materials,Mining,Gold,92836985.0,4641850.0,0.05,True,,Mining,,True
ZCT,Zero Candida Technologies Inc.,ZCT,Zero Candida Technologies Inc.,TSXV,Healthcare,Medical Equipment & Supplies,Surgical & Medical Apparatus,19627856.0,2944179.0,0.15,True,,Life Sciences,,True
ZC,Zimtu Capital Corp.,ZC,Zimtu Capital Corp.,TSXV,Finance,Asset Management Services,Asset Management Services,17119873.0,7532745.0,0.44,True,,Diversified Industries,,True
ZNX,Zincx Resources Corp.,ZNX,Zincx Resources Corp.,TSXV,Materials,Mining,Industrial Metals,187896141.0,44155594.0,0.235,True,,Mining,,True
ZAU,Zodiac Gold Inc.,ZAU,Zodiac Gold Inc.,TSXV,Materials,Mining,Gold,184530826.0,60895173.0,0.33,True,,Mining,,True
ZONE,Zonetail Inc.,ZONE,Zonetail Inc.,TSXV,Technology,Software & IT Services,Application Software,327565907.0,3275660.0,0.01,True,,Technology,,True
ZON,Zonte Metals Inc.,ZON,Zonte Metals Inc.,TSXV,Materials,Mining,Gold,85104105.0,11063534.0,0.13,True,,Mining,,True
ZMA,ZoomAway Technologies Inc.,ZMA,ZoomAway Technologies Inc.,TSXV,Consumer Discretionary,"Hotels, Lodging & Leisure",Travel & Tourism,19331032.0,1353173.0,0.07,True,,Diversified Industries,,True
ZOMD,Zoomd Technologies Ltd.,ZOMD,Zoomd Technologies Ltd.,TSXV,Technology,Software & IT Services,Application Software,101153059.0,44507346.0,0.44,True,,Technology,,True
