ticker,name,tsxv_sector,gics_sector,industry,qm,shares_outstanding,market_cap,price
ONE,01 Quantum Inc.,Technology,Technology,Software & IT Services,Application Software,109536386.0,53672830.0,0.49
EFF,1844 Resources Inc.,Mining,Materials,Mining,Industrial Metals,142359442.0,4270784.0,0.03
AUMB,1911 Gold Corporation,Mining,Materials,Mining,Gold,310788888.0,261062666.0,0.84
FNR,49 North Resources Inc.,Diversified Industries,Finance,Asset Management Services,Asset Management Services,166238310.0,4155958.0,0.025
ACL,A.C.L. Construction Ltd.,Diversified Industries,Industrials,Construction,Engineering & Construction Services,73522074.0,11395922.0,0.155
AIS,A.I.S. Resources Limited,Mining,Materials,Mining,Gold,49242958.0,5909155.0,0.12
AUAU,A2 Gold Corp.,Mining,Materials,Mining,Gold,123901961.0,90448432.0,0.73
AME,Abacus Mining & Exploration Corporation,Mining,Materials,Mining,Industrial Metals,187456263.0,3749126.0,0.02
ABA,Abasca Resources Inc.,Mining,Materials,Mining,Industrial Metals,142439512.0,12107359.0,0.085
ABI,Abcourt Mines Inc.,Mining,Materials,Mining,Gold,1218942840.0,103610142.0,0.085
ABM,Aben Gold Corp.,Mining,Materials,Mining,Gold,35646022.0,7307435.0,0.205
ABC,Absolutely Critical Resources Corp.,Mining,Materials,Mining,Industrial Metals,37810111.0,945253.0,0.025
ACDC,AC/DC Battery Metals Inc.,Mining,Materials,Mining,Industrial Metals,51885044.0,1556552.0,0.03
AXE,Acceleware Ltd.,Technology,Technology,Software & IT Services,Application Software,143128849.0,13597241.0,0.095
ADZ,Adamera Minerals Corp.,Mining,Materials,Mining,Precious Metals,58447572.0,12273991.0,0.21
ADE,Adex Mining Inc,Mining,Materials,Mining,Industrial Metals,677211441.0,64335087.0,0.095
AWI,Advent-AWI Holdings Inc.,Diversified Industries,Consumer Discretionary,Retail - Discretionary,Specialty Retailers,11935513.0,8593570.0,0.72
ADY,Adyton Resources Corporation,Mining,Materials,Mining,Precious Metals,315041885.0,99238194.0,0.315
AEF,AE Fuels Corporation,Mining,Materials,Mining,Industrial Metals,42476376.0,6159075.0,0.145
ALTN,Aeonian Resources Corp.,Mining,Materials,Mining,Industrial Metals,70639100.0,5651128.0,0.08
AFE,Africa Energy Corp.,Oil & Gas,Energy,Oil & Gas Exploration and Production,Oil & Gas Exploration and Production,526162450.0,107863303.0,0.205
AAG,Aftermath Silver Ltd.,Mining,Materials,Mining,Industrial Metals,342131113.0,260019646.0,0.76
AGET,AGEDB Technology Ltd.,Technology,Technology,Software & IT Services,Systems Software,12736500.0,1655745.0,0.13
AUTO,Agereh Technologies Inc.,Technology,Technology,Software & IT Services,Application Software,115341541.0,4613662.0,0.04
AIVC,AI Artificial Intelligence Ventures Inc.,Diversified Industries,Finance,Asset Management Services,Asset Management Services,32025453.0,6244964.0,0.195
IQ,AirIQ Inc,Technology,Technology,Software & IT Services,Application Software,29534074.0,13881015.0,0.47
AISX,Aisix Solutions Inc.,Technology,Technology,Software & IT Services,Application Software,185750858.0,3715018.0,0.02
AML,Akwaaba Mining Ltd.,Mining,Materials,Mining,Gold,14623092.0,1974118.0,0.135
AEMC,Alaska Energy Metals Corporation,Mining,Materials,Mining,Precious Metals,227986360.0,12539250.0,0.055
WAM,Alaska Silver Corp.,Mining,Materials,Mining,Precious Metals,89069150.0,61457714.0,0.69
ALCH,Alchemy Labs Inc.,Diversified Industries,Materials,Chemicals,Special Chemicals,54549120.0,50730682.0,0.93
ALDE,Aldebaran Resources Inc.,Mining,Materials,Mining,Industrial Metals,185442834.0,584144928.0,3.15
ALGR,Algo Grande Copper Corp.,Mining,Materials,Mining,Gold,42339746.0,24557053.0,0.58
ALM,Alliance Mining Corp.,Mining,Materials,Mining,Gold,9174316.0,2844038.0,0.31
AMM,Almaden Minerals Ltd.,Mining,Materials,Mining,Gold,137363181.0,34340796.0,0.25
DEX,Almadex Minerals Ltd.,Mining,Materials,Mining,Gold,61310898.0,26057132.0,0.425
AORO,Aloro Mining Corp.,Mining,Materials,Mining,Gold,57729263.0,577293.0,0.01
ALEX,Alpha Exploration Ltd.,Mining,Materials,Mining,Precious Metals,107760731.0,50108740.0,0.465
AFM,Alphamin Resources Corp.,Mining,Materials,Mining,Industrial Metals,1287774479.0,1918783974.0,1.49
GPUS,Alset AI Ventures Inc.,Technology,Technology,Software & IT Services,Application Software,21280384.0,6916125.0,0.325
AVX,Altair Resources Inc.,Mining,Materials,Mining,Industrial Metals,57266624.0,286334.0,0.005
ALTA,Altamira Gold Corp.,Mining,Materials,Mining,Gold,296658052.0,78614384.0,0.265
APN,Altiplano Metals Inc.,Mining,Materials,Mining,Industrial Metals,177561844.0,2663428.0,0.015
ALTU,Altura Energy Corp.,Oil & Gas,Energy,Oil & Gas Exploration and Production,Oil & Gas Exploration and Production,74396613.0,16739238.0,0.225
ALT,Alturas Minerals Corp,Mining,Materials,Mining,Industrial Metals,145632143.0,2912643.0,0.02
AUUA,Aluula Composites Inc.,Diversified Industries,Consumer Discretionary,Apparel & Luxury,Fabricated Textile Products,30891911.0,108121689.0,3.5
ALV,Alvopetro Energy Ltd.,Oil & Gas,Energy,Oil & Gas Exploration and Production,Oil & Gas Exploration and Production,37302617.0,393542610.0,10.55
ALZI,Alzai Health Corp.,Life Sciences,Healthcare,Healthcare Providers & Services,Healthcare Information Services,65647682.0,24289643.0,0.37
AHR,Amarc Resources Ltd.,Mining,Materials,Mining,Industrial Metals,225567364.0,230078712.0,1.02
AE,American Eagle Gold Corp.,Mining,Materials,Mining,Gold,204922630.0,245907156.0,1.2
LI,American Lithium Corp.,Mining,Materials,Mining,Industrial Metals,255664646.0,120162384.0,0.47
TUNG,American Tungsten Corp,Mining,Materials,Mining,Industrial Metals,63460612.0,122478982.0,1.93
AMCO,Americore Resources Corp.,Mining,Materials,Mining,Industrial Metals,25784151.0,7864167.0,0.305
AMT,AmeriTrust Financial Technologies Inc.,Technology,Technology,Software & IT Services,Application Software,1067664585.0,229547886.0,0.215
AMX,Amex Gold Mining Inc.,Mining,Materials,Mining,Gold,160621324.0,735645664.0,4.58
ANDC,Andina Copper Corporation,Mining,Materials,Mining,Industrial Metals,275273780.0,352350439.0,1.28
AEC,Anfield Energy Inc.,CleanTech,Energy,Other Energy Sources,Uranium,19949976.0,117704859.0,5.9
AWM,Angel Wing Metals Inc.,Mining,Materials,Mining,Precious Metals,107932595.0,3237978.0,0.03
ANK,Angkor Resources Corp.,Mining,Materials,Mining,Gold,206129782.0,80390615.0,0.39
ANOR,AnorTech Inc.,Mining,Materials,Mining,Industrial Metals,201601041.0,16128084.0,0.08
ANTL,Antler Gold Inc.,Mining,Materials,Mining,Gold,90830935.0,2724929.0,0.03
APX,Apex Resources Inc.,Mining,Materials,Mining,Industrial Metals,83263874.0,8742707.0,0.105
APMI,Apogee Minerals Ltd.,Mining,Materials,Mining,Gold,76805001.0,7680501.0,0.1
APGO,Apollo Silver Corp.,Mining,Materials,Mining,Silver,63593793.0,204136076.0,3.21
APL,Appulse Corporation,Diversified Industries,Industrials,Industrial Goods,Specialized Industrial Machinery,14772304.0,3176046.0,0.215
ABR,Arbor Metals Corp.,Mining,Materials,Mining,Industrial Metals,101248236.0,9618583.0,0.095
ARO,Arc Mineral Royalties Ltd.,Mining,Materials,Mining,Industrial Metals,65647427.0,59082685.0,0.9
ARCH,Arch Biopartners Inc.,Life Sciences,Healthcare,Biotechnology & Life Sciences,Biotechnology,67933289.0,70650621.0,1.04
ACS,Archon Minerals Ltd.,Mining,Materials,Mining,Precious Metals,54416758.0,4625425.0,0.085
ADG,Arcus Development Group Inc.,Mining,Materials,Mining,Gold,21221140.0,10610570.0,0.5
AWX,Arcwest Exploration Inc.,Mining,Materials,Mining,Industrial Metals,83506707.0,7515604.0,0.09
AGAG,Argenta Silver Corp.,Mining,Materials,Mining,Silver,290337502.0,165492377.0,0.57
LIT,Argentina Lithium & Energy Corp.,Mining,Materials,Mining,Industrial Metals,137567270.0,12381055.0,0.09
VLLC,Argentina Metals Corp.,Mining,Materials,Mining,Copper,73298343.0,27120387.0,0.37
ASL,Argentum Silver Corp,Mining,Materials,Mining,Industrial Metals,51598543.0,4385877.0,0.085
ARGH,Argo Corporation,Diversified Industries,Industrials,Transportation,Road Transportation - Passengers,276181895.0,77330931.0,0.28
DAN,Arianne Phosphate Inc.,Mining,Materials,Mining,Industrial Metals,231294326.0,80953015.0,0.35
AZEM,Arizona Eagle Mining Corp.,Mining,Materials,Mining,Industrial Metals,56858105.0,41506417.0,0.73
AZS,Arizona Gold & Silver Inc.,Mining,Materials,Mining,Precious Metals,152485851.0,125038398.0,0.82
ARK,Arras Minerals Corp.,Mining,Materials,Mining,Precious Metals,143514174.0,225317254.0,1.57
AXL,Arrow Exploration Corp.,Oil & Gas,Energy,Oil & Gas Exploration and Production,Oil & Gas Exploration and Production,285864348.0,171518609.0,0.6
ARTG,Artemis Gold Inc.,Mining,Materials,Mining,Gold,233215778.0,9774073256.0,41.91
RBZ,Arya Resources Ltd.,Mining,Materials,Mining,Industrial Metals,50063779.0,16771366.0,0.335
ASE,Asante Gold Corporation,Mining,Materials,Mining,Gold,904549178.0,927162908.0,1.025
ABZ,ASIABASEMETALS INC.,Mining,Materials,Mining,Industrial Metals,50202871.0,4267245.0,0.085
SAT,Asian Television Network International Ltd.,Diversified Industries,Media,Traditional Media,Broadcasting,24402914.0,976117.0,0.04
ATOI,Asiatel Outsourcing Inc.,Diversified Industries,Industrials,Corporate Services,Specialized Business Services,49618500.0,6202313.0,0.125
BAY,Aston Bay Holdings Ltd.,Mining,Materials,Mining,Industrial Metals,252949635.0,11382734.0,0.045
ASTR,Astra Exploration Inc.,Mining,Materials,Mining,Precious Metals,137435050.0,57722721.0,0.42
AST,Astron Connect Inc.,Diversified Industries,Consumer Staples,Consumer Products - Foods,"Canned, Frozen & Preserved Foods",30271240.0,908138.0,0.03
SASK,Atha Energy Corp.,CleanTech,Energy,Other Energy Sources,Uranium,352142434.0,426092346.0,1.21
ATY,Atico Mining Corporation,Mining,Materials,Mining,Industrial Metals,181380750.0,39903765.0,0.22
ATLE,Atlas Energy Corp.,Oil & Gas,Energy,Oil & Gas Exploration and Production,Oil & Gas Exploration and Production,629439353.0,69238329.0,0.11
AEP,Atlas Engineered Products Ltd.,Diversified Industries,Industrials,Construction,Building Products & Equipment,71642701.0,44418475.0,0.62
SALT,Atlas Salt Inc.,Mining,Materials,Mining,Industrial Metals,124801426.0,212162425.0,1.7
ATOM,Atomic Minerals Corporation,Mining,Materials,Mining,Industrial Metals,87393302.0,2621800.0,0.03
AAN,Aton Resources Inc.,Mining,Materials,Mining,Gold,98754350.0,49377175.0,0.5
AUGC,Au Gold Corp.,Mining,Materials,Mining,Gold,58539157.0,11122440.0,0.19
AUM,AuMega Metals Ltd.,Mining,Materials,Mining,Gold,957882291.0,38315292.0,0.04
AUQ,AuQ Gold Mining Inc.,Mining,Materials,Mining,Gold,22705012.0,7946755.0,0.35
ARU,Aurania Resources Ltd.,Mining,Materials,Mining,Precious Metals,140227603.0,27344383.0,0.195
AURA,Auranova Resources Inc.,Mining,Materials,Mining,Gold,77089282.0,18501428.0,0.24
RES,Auric Resources Corp.,Mining,Materials,Mining,Industrial Metals,45032867.0,1350987.0,0.03
AUME,Auriginal Mining Corp.,Mining,Materials,Mining,Industrial Metals,264664737.0,17203208.0,0.065
AURO,Auro Metals Inc.,Mining,Materials,Mining,Gold,132192701.0,228693373.0,1.73
ACU,Aurora Solar Technologies Inc.,CleanTech,Energy,Renewable Energy Producers,Solar Energy,145074725.0,725374.0,0.005
ASG,Aurora Spine Corporation,Life Sciences,Healthcare,Medical Equipment & Supplies,Surgical & Medical Apparatus,77219784.0,13899562.0,0.18
ARL,Aurum Lake Mining Corporation.,Diversified Industries,Finance,Diversified Financial Services,Other Diversified Financial Services,23382500.0,1286038.0,0.055
AGLD,Austral Gold Limited,Mining,Materials,Mining,Precious Metals,668103679.0,113577626.0,0.17
XX,Avante Corp.,Diversified Industries,Industrials,Corporate Services,Security Services,26648739.0,46102319.0,1.73
AVN,Avanti Helium Corp.,Oil & Gas,Energy,Oil & Gas Exploration and Production,Oil & Gas Exploration and Production,128754916.0,57939713.0,0.45
AVR,Avaron Mining Corp.,Diversified Industries,Finance,Diversified Financial Services,Other Diversified Financial Services,15046497.0,827558.0,0.055
AVG,Avidian Gold Corp.,Mining,Materials,Mining,Gold,18973408.0,2751145.0,0.145
AVCR,Avricore Health Inc.,Life Sciences,Healthcare,Medical Diagnostics & Screening,Diagnostics & Screening,126369664.0,9477725.0,0.075
AVU,Avrupa Minerals Ltd.,Mining,Materials,Mining,Industrial Metals,86274754.0,3450991.0,0.04
ARIC,Awale Resources Limited,Mining,Materials,Mining,Gold,143317133.0,111787364.0,0.78
AXO,Axo Metals Corp.,Mining,Materials,Mining,Copper,216355353.0,205537586.0,0.95
AZR,Azarga Metals Corp.,Mining,Materials,Mining,Industrial Metals,91405945.0,15996041.0,0.175
AZM,Azimut Exploration Inc.,Mining,Materials,Mining,Industrial Metals,100939310.0,59554193.0,0.59
AAZ,Azincourt Energy Corp.,CleanTech,Energy,Other Energy Sources,Uranium,153694652.0,6147787.0,0.04
AZT,Aztec Minerals Corp.,Mining,Materials,Mining,Industrial Metals,189711309.0,73038854.0,0.385
BLDS,Badlands Resources Inc.,Mining,Materials,Mining,Gold,3230647.0,904582.0,0.28
BYN,Banyan Gold Corp.,Mining,Materials,Mining,Gold,430954172.0,864063115.0,2.005
BRO,Barksdale Resources Corp.,Mining,Materials,Mining,Industrial Metals,225417510.0,36066802.0,0.16
BARU,Baru Gold Corp.,Mining,Materials,Mining,Gold,389350089.0,25307756.0,0.065
BAT,Batero Gold Corp,Mining,Materials,Mining,Precious Metals,115182383.0,10942327.0,0.095
BMV,Bathurst Metals Corp.,Mining,Materials,Mining,Industrial Metals,49823694.0,3736778.0,0.075
BMR,Battery Mineral Resources Corp.,Mining,Materials,Mining,Industrial Metals,417928349.0,71047820.0,0.17
BHS,Bayhorse Silver Inc.,Mining,Materials,Mining,Industrial Metals,417654900.0,27147569.0,0.065
BM,BC Moly Ltd.,Mining,Materials,Mining,Industrial Metals,31606249.0,4266844.0,0.135
B,BCM Resources Corporation,Mining,Materials,Mining,Industrial Metals,245487115.0,186570208.0,0.76
BECN,Beacn Wizardry & Magic Inc.,Technology,Technology,Hardware & Equipment,Consumer Electronics,62757702.0,1882732.0,0.03
BGF,Beauce Gold Fields Inc.,Mining,Materials,Mining,Gold,138684193.0,4853947.0,0.035
BFM,Bedford Metals Corp.,Mining,Materials,Mining,Gold,93897845.0,11267742.0,0.12
BCU,Bell Copper Corporation,Mining,Materials,Mining,Copper,144760364.0,9409424.0,0.065
BEA,Belmont Resources Inc.,Mining,Materials,Mining,Industrial Metals,106183272.0,3716415.0,0.035
BEX,Benton Resources Inc.,Mining,Materials,Mining,Industrial Metals,291270254.0,34952431.0,0.12
BZ,Benz Mining Corp.,Mining,Materials,Mining,Gold,338895063.0,1355580252.0,4.0
BST,Bessor Minerals Inc.,Mining,Materials,Mining,Industrial Metals,31285623.0,469285.0,0.015
BEW,BeWhere Holdings Inc.,Technology,Technology,Hardware & Equipment,Communications Equipment,97108502.0,68947037.0,0.71
BEAR,Big Bear Gold Corp.,Mining,Materials,Mining,Gold,35567487.0,2489725.0,0.07
BRAU,Big Ridge Gold Corp.,Mining,Materials,Mining,Gold,318142789.0,181341390.0,0.57
BIGT,Big Tree Carbon Inc.,Mining,Materials,Mining,Gold,119319856.0,1789798.0,0.015
BRM,Biorem Inc.,Diversified Industries,Industrials,Industrial Goods,Waste & Pollution Control,16307027.0,58705298.0,3.6
RX,BioSyent Inc.,Life Sciences,Healthcare,Pharmaceuticals,Pharmaceutical Manufacturers - Specialty & Generic,11494249.0,183333272.0,15.95
BTCT,Bitcoin Treasury Corporation,Diversified Industries,Finance,Capital Markets,Cryptocurrency Exchanges & Trading Platforms,9538680.0,34148475.0,3.58
BTCW,Bitcoin Well Inc.,Diversified Industries,Finance,Capital Markets,Cryptocurrency Exchanges & Trading Platforms,367008888.0,12845312.0,0.035
BTT,Bitterroot Resources Ltd.,Mining,Materials,Mining,Industrial Metals,126763556.0,8873449.0,0.07
BMM,Black Mammoth Metals Corporation,Mining,Materials,Mining,Industrial Metals,54001371.0,210605347.0,3.9
BPR,Black Pine Resources Corp.,Mining,Materials,Mining,Copper,38131729.0,3622515.0,0.095
BARK,Black Spruce Exploration Inc.,Mining,Materials,Mining,Industrial Metals,27630371.0,1243367.0,0.045
SWAN,Black Swan Graphene Inc.,Diversified Industries,Materials,Chemicals,Chemicals & Allied Products,56335632.0,54645564.0,0.97
BRC,Blackrock Silver Corp.,Mining,Materials,Mining,Precious Metals,375295989.0,472872947.0,1.26
BAG,Blende Silver Corp.,Mining,Materials,Mining,Industrial Metals,86783120.0,17356624.0,0.2
BITK,Blockchaink2 Corp.,Diversified Industries,Finance,Capital Markets,Cryptocurrency Exchanges & Trading Platforms,39007834.0,1170236.0,0.03
MATE,Blockmate Ventures Inc.,Diversified Industries,Finance,Capital Markets,Cryptocurrency Exchanges & Trading Platforms,171570601.0,6004972.0,0.035
BKMT,Blockmint Technologies Inc.,Diversified Industries,Finance,Capital Markets,Cryptocurrency Exchanges & Trading Platforms,48242605.0,1447279.0,0.03
JAY,Blue Jay Gold Corp.,Mining,Materials,Mining,Gold,47583734.0,34260289.0,0.72
MOON,Blue Moon Metals Inc.,Mining,Materials,Mining,Industrial Metals,99863001.0,838849209.0,8.4
BSK,Blue Sky Uranium Corp.,CleanTech,Energy,Other Energy Sources,Uranium,434231166.0,21711559.0,0.05
BAU,Blue Star Gold Corp.,Mining,Materials,Mining,Gold,185035037.0,36081833.0,0.195
BLU,BluEnergies Ltd.,Oil & Gas,Energy,Oil & Gas Exploration and Production,Oil & Gas Exploration and Production,82154849.0,184848411.0,2.25
BLM,BluMetric Environmental Inc.,Diversified Industries,Industrials,Waste Management,Waste Management,55094239.0,54543297.0,0.99
BWLK,Boardwalktech Software Corp.,Technology,Technology,Software & IT Services,Application Software,113220832.0,3396625.0,0.03
BOCA,Bocana Resources Corp.,Mining,Materials,Mining,Industrial Metals,103112261.0,7733420.0,0.075
BOL,Bold Ventures Inc.,Mining,Materials,Mining,Industrial Metals,105823985.0,7407679.0,0.07
BNZ,Bonanza Mining Corporation,Mining,Materials,Mining,Precious Metals,23752066.0,1662645.0,0.07
BTR,Bonterra Resources Inc.,Mining,Materials,Mining,Gold,212692988.0,29777019.0,0.14
BOGO,Borealis Mining Company Limited,Mining,Materials,Mining,Gold,147592227.0,165303295.0,1.12
BONE,Boron One Holdings Inc.,Mining,Materials,Mining,Industrial Metals,298652206.0,11946089.0,0.04
BPAG,BP Silver Corp.,Mining,Materials,Mining,Silver,65045182.0,67646990.0,1.04
BQE,BQE Water Inc.,Diversified Industries,Industrials,Waste Management,Waste Management,1300968.0,91067760.0,70.0
BES,Braille Energy Systems Inc.,Diversified Industries,Industrials,Industrial Goods,Electrical Equipment,117243252.0,4103514.0,0.035
BEM,Brasnova Energy Materials Inc.,Mining,Materials,Mining,Industrial Metals,46580263.0,3726422.0,0.08
BVA,Bravada Gold Corporation,Mining,Materials,Mining,Precious Metals,29180236.0,36767098.0,1.26
BRVO,Bravo Mining Corp.,Mining,Materials,Mining,Precious Metals,137056988.0,463252620.0,3.38
BBB,Brixton Metals Corporation,Mining,Materials,Mining,Precious Metals,74204658.0,49717121.0,0.67
BRON,Bronco Resources Corp.,Mining,Materials,Mining,Gold,35971817.0,1978450.0,0.055
BRW,Brunswick Exploration Inc.,Mining,Materials,Mining,Gold,282392131.0,38122938.0,0.135
BTU,BTU Metals Corp.,Mining,Materials,Mining,Gold,178586014.0,8036371.0,0.045
BUFF,Buffalo Potash Corporation,Mining,Materials,Agriculture,Agricultural Supplies,109652650.0,84432541.0,0.77
BILD,BuildDirect.Com Technologies Inc.,Diversified Industries,Consumer Discretionary,Retail - Discretionary,Home Improvement Retail,48351741.0,120879353.0,2.5
BCF,Builders Capital Mortgage Corp.,Diversified Industries,Finance,Banking,Thrifts & Mortgage Financing,2246824.0,22131217.0,9.85
ZLTO,BULGOLD Inc.,Mining,Materials,Mining,Gold,72626013.0,3631301.0,0.05
FROG,Bullfrog Gold Corporation,Mining,Materials,Mining,Industrial Metals,84344901.0,21086226.0,0.25
BGD,Bullion Gold Discoveries Corp.,Mining,Materials,Mining,Gold,126109042.0,10719269.0,0.085
BWR,BWR Exploration Inc.,Mining,Materials,Mining,Industrial Metals,110510461.0,1105105.0,0.01
CMI,C-COM Satellite Systems Inc.,Technology,Technology,Hardware & Equipment,Communications Equipment,42256500.0,38030850.0,0.9
CCCM,C3 Metals Inc.,Mining,Materials,Mining,Industrial Metals,125284856.0,87699400.0,0.7
CBR,Cabral Gold Inc.,Mining,Materials,Mining,Gold,311169116.0,463641983.0,1.49
CNO,California Nanotechnologies Corp,Diversified Industries,Materials,Chemicals,Special Chemicals,53371815.0,16545263.0,0.31
CAMB,Cambria Gold Mines Inc.,Mining,Materials,Mining,Gold,343806929.0,340368860.0,0.99
COR,Camino Minerals Corporation,Mining,Materials,Mining,Industrial Metals,89266367.0,35706547.0,0.4
CNC,Canada Nickel Company Inc.,Mining,Materials,Mining,Industrial Metals,244715838.0,357285124.0,1.46
CONE,Canada One Mining Corp.,Mining,Materials,Mining,Industrial Metals,45826786.0,2749608.0,0.06
CCMI,Canadian Critical Minerals Inc.,Mining,Materials,Mining,Precious Metals,337679477.0,11818782.0,0.035
CAN,Canadian Gold Resources Ltd.,Mining,Materials,Mining,Gold,54868876.0,4389511.0,0.08
CGM,Canadian Goldfields Discovery Corp.,Mining,Materials,Mining,Gold,107520428.0,21504086.0,0.2
CNRI,Canadian North Resources Inc.,Mining,Materials,Mining,Industrial Metals,114325317.0,19435304.0,0.17
CPS,Canadian Premium Sand Inc.,Mining,Materials,Mining,Industrial Metals,92627156.0,6947037.0,0.075
SPI,Canadian Spirit Resources Inc.,Oil & Gas,Energy,Oil & Gas Exploration and Production,Oil & Gas Exploration and Production,288177583.0,4322664.0,0.015
CAF,Canaf Investments Inc.,Mining,Materials,Steel,Metallurgical Coal,47426195.0,15887776.0,0.335
CVV,Canalaska Uranium Ltd.,Mining,Materials,Mining,Industrial Metals,220990341.0,86186233.0,0.39
CEC,Canasia Energy Corp.,Oil & Gas,Energy,Oil & Gas Exploration and Production,Oil & Gas Exploration and Production,113493907.0,42560216.0,0.375
CLZ,Canasil Resources Inc.,Mining,Materials,Mining,Industrial Metals,155814280.0,7011643.0,0.045
CCEC,CanCambria Energy Corp.,Oil & Gas,Energy,Oil & Gas Exploration and Production,Oil & Gas Exploration and Production,130716475.0,40522108.0,0.31
CANX,Canex Metals Inc.,Mining,Materials,Mining,Gold,229543347.0,96408206.0,0.42
CLV,Canoe Mining Ventures Corp.,Mining,Materials,Mining,Gold,35640316.0,4276838.0,0.12
WPR,CANPR Technology Ltd.,Diversified Industries,Consumer Discretionary,Personal Services,Personal Services,52090343.0,2344066.0,0.045
ROX,Canstar Resources Inc.,Mining,Materials,Mining,Industrial Metals,200773895.0,11042565.0,0.055
CTM,Canterra Minerals Corporation,Mining,Materials,Mining,Precious Metals,397020576.0,53597778.0,0.135
CD,Cantex Mine Development Corp.,Mining,Materials,Mining,Industrial Metals,159231332.0,47769400.0,0.3
CDA,Canuc Resources Corporation,Oil & Gas,Energy,Oil & Gas Exploration and Production,Oil & Gas Exploration and Production,29178563.0,26844278.0,0.92
CYF,Canyon Creek Food Company Ltd.,Diversified Industries,Consumer Staples,Consumer Products - Foods,"Canned, Frozen & Preserved Foods",35148902.0,878723.0,0.025
CMIL,Capella Minerals Limited,Mining,Materials,Mining,Precious Metals,75986317.0,4939111.0,0.065
CAI,Capitan Investment Ltd.,Oil & Gas,Energy,Oil & Gas Exploration and Production,Oil & Gas Exploration and Production,289684072.0,4345262.0,0.015
CAPT,Capitan Silver Corp.,Mining,Materials,Mining,Precious Metals,128724521.0,261310778.0,2.03
EKG,"CardioComm Solutions, Inc.",Life Sciences,Healthcare,Healthcare Providers & Services,Healthcare Information Services,197582106.0,987911.0,0.005
CRB,Cariboo Rose Resources Ltd,Mining,Materials,Mining,Precious Metals,72526174.0,3988940.0,0.055
CGD,Carlin Gold Corporation,Mining,Materials,Mining,Gold,26820798.0,40499405.0,1.51
CPI,Carlton Precious Inc.,Mining,Materials,Mining,Industrial Metals,88741344.0,10648962.0,0.12
RUSH,Carolina Rush Corporation,Mining,Materials,Mining,Gold,90799482.0,14981915.0,0.165
CCDS,Carrier Connect Data Solutions Inc.,Technology,Technology,Software & IT Services,IT Services,33789901.0,42913175.0,1.27
ECR,Cartier Resources Inc,Mining,Materials,Mining,Gold,446160140.0,138309644.0,0.31
CASA,CASA Minerals Inc.,Mining,Materials,Mining,Industrial Metals,90563698.0,6792278.0,0.075
CCD,Cascadero Copper Corporation,Mining,Materials,Mining,Industrial Metals,300129874.0,6002598.0,0.02
CAM,Cascadia Minerals Ltd.,Mining,Materials,Mining,Industrial Metals,212970874.0,94772039.0,0.445
GLDC,Cassiar Gold Corp.,Mining,Materials,Mining,Gold,161502645.0,74291217.0,0.46
CBLT,CBLT Inc.,Mining,Materials,Mining,Industrial Metals,77177073.0,3858854.0,0.05
CENT,Centauri Minerals Inc.,Mining,Materials,Mining,Precious Metals,76866001.0,119142302.0,1.55
CTA,Centaurus Energy Inc.,Oil & Gas,Energy,Oil & Gas Exploration and Production,Oil & Gas Exploration and Production,1142473.0,1428092.0,1.25
CIO,Central Iron Ore Limited,Mining,Materials,Mining,Gold,70382203.0,3871022.0,0.055
CTN,Centurion Minerals Ltd.,Mining,Materials,Mining,Industrial Metals,58398303.0,2627924.0,0.045
LCE,Century Lithium Corp.,Mining,Materials,Mining,Industrial Metals,180528497.0,43326840.0,0.24
CERT,Cerrado Gold Inc.,Mining,Materials,Mining,Gold,138405339.0,377846576.0,2.73
CDPR,Cerro De Pasco Resources Inc.,Mining,Materials,Mining,Industrial Metals,664267770.0,528092878.0,0.795
CFY,CF Energy Corp.,Diversified Industries,Utilities,Regulated Utilities,Regulated Gas Utilities,65885155.0,5600239.0,0.085
OYL,CGX Energy Inc.,Oil & Gas,Energy,Oil & Gas Exploration and Production,Oil & Gas Exploration and Production,287588662.0,53203903.0,0.185
PERU,Chakana Copper Corp.,Mining,Materials,Mining,Precious Metals,51628910.0,4130313.0,0.08
CBA,Champion Bear Resources Ltd.,Mining,Materials,Mining,Industrial Metals,75244773.0,4890911.0,0.065
YES,Char Technologies Ltd.,Diversified Industries,Industrials,Waste Management,Waste Management,151157602.0,39300977.0,0.26
CH,Charbone Corporation,CleanTech,Energy,Renewable Energy Producers,Hydro Energy,289893226.0,44208717.0,0.1525
CHER,Cheelcare Inc.,Life Sciences,Healthcare,Medical Equipment & Supplies,Surgical & Medical Apparatus,22730839.0,32959717.0,1.45
CKG,Chesapeake Gold Corp.,Mining,Materials,Mining,Precious Metals,76885609.0,266793064.0,3.47
CBG,Chibougamau Independent Mines Inc.,Mining,Materials,Mining,Precious Metals,61755191.0,18526558.0,0.3
CMCG,Chilean Metals Inc.,Mining,Materials,Mining,Industrial Metals,21331799.0,6612858.0,0.31
CRI,Churchill Resources Inc.,Mining,Materials,Mining,Industrial Metals,320681940.0,16034097.0,0.05
CMC,Cielo Waste Solutions Corp.,Diversified Industries,Industrials,Waste Management,Waste Management,210783253.0,13700912.0,0.065
AIR,Clean Air Metals Inc.,Mining,Materials,Mining,Precious Metals,250556784.0,16286191.0,0.065
TRAN,Clean Energy Transition Inc.,Mining,Materials,Mining,Industrial Metals,41743850.0,1252316.0,0.03
CSX,Clean Seed Capital Group Ltd.,Diversified Industries,Industrials,Industrial Machinery,Agricultural & Heavy Equipment,123600978.0,8652069.0,0.07
CTV,CleanTech Vanadium Mining Corp.,Mining,Materials,Mining,Industrial Metals,155349294.0,18641916.0,0.12
CTEK,Cleantek Industries Inc.,Diversified Industries,Industrials,Industrial Goods,Specialized Industrial Machinery,29485376.0,18870641.0,0.64
CBLU,Clear Blue Technologies International Inc.,CleanTech,Energy,Renewable Energy Producers,Solar Energy,100635919.0,5031796.0,0.05
CZZ,Cleghorn Minerals Ltd,Mining,Materials,Mining,Industrial Metals,47443854.0,4981605.0,0.105
CLIP,Clip Money Inc.,Technology,Technology,Software & IT Services,Systems Software,113517420.0,15892439.0,0.14
COCO,Coast Copper Corp.,Mining,Materials,Mining,Industrial Metals,84226690.0,26952541.0,0.32
CEI,Coelacanth Energy Inc.,Oil & Gas,Energy,Oil & Gas Exploration and Production,Oil & Gas Exploration and Production,633870913.0,450048349.0,0.71
CBI,Colibri Resource Corporation,Mining,Materials,Mining,Industrial Metals,36876500.0,4240798.0,0.115
CAD,Colonial Coal International Corp,Mining,Materials,Steel,Metallurgical Coal,185283051.0,416886865.0,2.25
CLUS,Colossus Resources Corp.,Mining,Materials,Mining,Precious Metals,21045750.0,1157517.0,0.055
TIE,Coloured Ties Capital Inc.,Diversified Industries,Finance,Asset Management Services,Asset Management Services,7295645.0,5544691.0,0.76
CMU,Comet Industries Ltd.,Diversified Industries,Real Estate,Real Estate,Real Estate Services,5136095.0,28248523.0,5.5
CLIC,Comet Lithium Corporation,Mining,Materials,Mining,Industrial Metals,29710953.0,10695944.0,0.36
CVB,Compass Gold Corporation,Mining,Materials,Mining,Gold,154235621.0,23906522.0,0.155
CAG,Composite Alliance Group Inc.,Diversified Industries,Industrials,Industrial Goods,Specialized Industrial Machinery,110233610.0,1102337.0,0.01
CHS,Comprehensive Healthcare Systems Inc.,Life Sciences,Healthcare,Healthcare Providers & Services,Healthcare Information Services,30176581.0,13428579.0,0.445
CNVI,Conavi Medical Corp.,Life Sciences,Healthcare,Medical Equipment & Supplies,Surgical & Medical Apparatus,103491756.0,17593599.0,0.17
CN,Condor Resources Inc,Mining,Materials,Mining,Precious Metals,151935474.0,25069354.0,0.165
COS,Coniagas Battery Metals Inc.,Mining,Materials,Mining,Industrial Metals,34395546.0,1891756.0,0.055
CQR,Conquest Resources Limited,Mining,Materials,Mining,Gold,154777106.0,7738856.0,0.05
FFP,Cons Firstfund Capital Corp.,Diversified Industries,Finance,Asset Management Services,Asset Management Services,6171703.0,1728077.0,0.28
CNS,Contagious Gaming Inc.,Diversified Industries,Media,Interactive Multi-Media,Gaming & Multimedia,94220745.0,942208.0,0.01
CPAU,Copaur Minerals Inc.,Mining,Materials,Mining,Industrial Metals,120509609.0,15666250.0,0.13
CUU,Copper Fox Metals Inc.,Mining,Materials,Mining,Copper,586249986.0,392787491.0,0.67
CGNT,Copper Giant Resources Corp.,Mining,Materials,Mining,Industrial Metals,212811698.0,304320729.0,1.43
CPL,Copper Lake Resources Ltd.,Mining,Materials,Mining,Industrial Metals,14050103.0,3091023.0,0.22
CRD,Copper Road Resources Inc.,Mining,Materials,Mining,Industrial Metals,101513271.0,5583230.0,0.055
CPER,CopperCorp Resources Inc.,Mining,Materials,Mining,Copper,118957146.0,4163501.0,0.035
CUEX,CopperEx Resources Corporation,Mining,Materials,Mining,Industrial Metals,31833014.0,2228311.0,0.07
CDB,Cordoba Minerals Corp.,Mining,Materials,Mining,Industrial Metals,97548595.0,24387149.0,0.25
CCMC,Core Critical Metals Corp.,Mining,Materials,Mining,Industrial Metals,42703731.0,29892612.0,0.7
COSA,Cosa Resources Corp.,Mining,Materials,Mining,Industrial Metals,133902358.0,69629227.0,0.52
CSG,Cosigo Resources Ltd.,Mining,Materials,Mining,Gold,112222512.0,6172239.0,0.055
CTH,CoTec Holdings Corp.,Mining,Materials,Mining,Industrial Metals,120405192.0,157730802.0,1.31
COV,Covalon Technologies Ltd.,Life Sciences,Healthcare,Biotechnology & Life Sciences,Biotechnology,27618077.0,96663270.0,3.5
CCMM,Coyote Copper Mines Inc.,Mining,Materials,Mining,Copper,131432984.0,81488451.0,0.62
CEQ,Criterium Energy Ltd.,Oil & Gas,Energy,Oil & Gas Exploration and Production,Oil & Gas Exploration and Production,139751234.0,20962686.0,0.15
CRE,Critical Elements Lithium Corporation,Mining,Materials,Mining,Industrial Metals,232039672.0,81213886.0,0.35
CRG,Crossroads Gold Corp.,Mining,Materials,Mining,Gold,65549094.0,16387274.0,0.25
CWV,Crown Point Energy Inc.,Oil & Gas,Energy,Oil & Gas Exploration and Production,Oil & Gas Exploration and Production,72903038.0,13487063.0,0.185
CSTR,Cryptostar Corp.,Diversified Industries,Finance,Capital Markets,Cryptocurrency Exchanges & Trading Platforms,465897369.0,2329487.0,0.005
CLCO,Culico Metals Inc.,Mining,Materials,Mining,Industrial Metals,80733519.0,31082405.0,0.385
CVW,CVW Sustainable Royalties Inc.,Mining,Materials,Mining,Industrial Metals,279406915.0,215143325.0,0.77
CYBE,"CyberCatch Holdings, Inc.",Technology,Technology,Software & IT Services,Systems Software,26766269.0,57547479.0,2.15
CYG,Cygnus Metals Limited,Mining,Materials,Mining,Industrial Metals,1227592052.0,224035550.0,0.1825
CYM,Cymat Technologies Ltd.,Diversified Industries,Industrials,Industrial Goods,Metal Fabricated Products,100337335.0,10033734.0,0.1
DTWO,D2 Lithium Corp.,Mining,Materials,Mining,Industrial Metals,36231804.0,1449273.0,0.04
DAR,Darelle Online Solutions Inc.,Diversified Industries,Media,Interactive Multi-Media,Online Content & Information,9387522.0,7979394.0,0.85
DM,Datametrex AI Limited,Technology,Technology,Software & IT Services,IT Services,152586006.0,5340511.0,0.035
DGC,Daura Gold Corp.,Mining,Materials,Mining,Gold,84908375.0,22076178.0,0.26
DTEA,DAVIDsTEA Inc.,Diversified Industries,Consumer Staples,Consumer Products - Foods,"Canned, Frozen & Preserved Foods",30478923.0,30478923.0,1.0
DEC,Decade Resources Ltd.,Mining,Materials,Mining,Industrial Metals,245991736.0,44278513.0,0.18
DB,Decibel Cannabis Company Inc.,Life Sciences,Healthcare,Pharmaceuticals,Pharmaceutical Manufacturers - Cannabis,38469551.0,65398237.0,1.7
WCSB,Decimus Oil Corp.,Oil & Gas,Energy,Oil & Gas Exploration and Production,Oil & Gas Exploration and Production,44614100.0,6692115.0,0.15
DE,Decisive Dividend Corporation,Diversified Industries,Industrials,Industrial Conglomerates,Industrial Conglomerates,21312830.0,173699565.0,8.15
DEFN,Defense Metals Corp.,Mining,Materials,Mining,Industrial Metals,395148050.0,59272208.0,0.15
DEF,Defiance Silver Corp.,Mining,Materials,Mining,Precious Metals,376508803.0,75301761.0,0.2
DFSC,DEFSEC Technologies Inc.,Diversified Industries,Industrials,Aerospace & Defense,Aerospace & Defense,2666632.0,5386597.0,2.02
DHB,Delivra Health Brands Inc.,Life Sciences,Healthcare,Pharmaceuticals,Pharmaceutical Manufacturers - Specialty & Generic,31261781.0,3438796.0,0.11
DELX,DelphX Capital Markets Inc.,Diversified Industries,Finance,Capital Markets,Capital Markets,240060183.0,2400602.0,0.01
DLTA,Delta Resources Limited,Mining,Materials,Mining,Gold,163257986.0,39181917.0,0.24
DAU,Desert Gold Ventures Inc.,Mining,Materials,Mining,Gold,360639099.0,41473497.0,0.115
DME,Desert Mountain Energy Corp.,Oil & Gas,Energy,Oil & Gas Exploration and Production,Oil & Gas Exploration and Production,103703595.0,19703684.0,0.19
DSY,Destiny Media Technologies Inc.,Technology,Technology,Software & IT Services,Application Software,9789320.0,8614602.0,0.88
GSD,Devonian Health Group Inc.,Life Sciences,Healthcare,Biotechnology & Life Sciences,Biotechnology,2780866.0,27280296.0,9.81
DFR,DFR Gold Inc.,Mining,Materials,Mining,Precious Metals,203139700.0,8125588.0,0.04
ADK,Diagnos Inc.,Life Sciences,Healthcare,Healthcare Providers & Services,Healthcare Information Services,121037549.0,56887649.0,0.47
DWS,Diamond Estates Wines & Spirits Inc.,Diversified Industries,Consumer Staples,Beverages - Alcoholic,Distillers & Wineries,59524183.0,8928628.0,0.15
DNO,Dinero Ventures Ltd.,Mining,Materials,Mining,Gold,34386973.0,10316092.0,0.3
DOS,Dios Exploration Inc,Mining,Materials,Mining,Precious Metals,135257066.0,4057712.0,0.03
DCY,Discovery-Corp Enterprises Inc.,Mining,Materials,Mining,Precious Metals,13467096.0,404013.0,0.03
DCOP,District Copper Corp.,Mining,Materials,Mining,Industrial Metals,44627495.0,4685887.0,0.105
DMX,District Metals Corp.,Mining,Materials,Mining,Industrial Metals,190961588.0,108848106.0,0.57
DLC,DLC Holdings Corp.,Diversified Industries,Real Estate,Real Estate,Real Estate Services,29033375.0,1451669.0,0.05
DLP,DLP Resources Inc.,Mining,Materials,Mining,Industrial Metals,177902596.0,67602987.0,0.38
DMGI,DMG Blockchain Solutions Inc.,Diversified Industries,Finance,Capital Markets,Cryptocurrency Exchanges & Trading Platforms,207669860.0,114218424.0,0.55
DMCU,Domestic Metals Corp.,Mining,Materials,Mining,Industrial Metals,71915889.0,14742758.0,0.205
DBG,Doubleview Gold Corp.,Mining,Materials,Mining,Industrial Metals,235422016.0,435530730.0,1.85
DPF,Dr. Phone Fix Canada Corporation,Technology,Technology,Hardware & Equipment,Consumer Electronics,182467753.0,21896131.0,0.12
DRY,Dryden Gold Corp.,Mining,Materials,Mining,Precious Metals,244066950.0,69559081.0,0.285
DYG,Dynasty Gold Corp.,Mining,Materials,Mining,Gold,73950713.0,10722854.0,0.145
ETL,E3 Lithium Ltd.,Mining,Materials,Mining,Industrial Metals,87683064.0,87683064.0,1.0
EPL,Eagle Plains Resources Ltd.,Mining,Materials,Mining,Industrial Metals,115639227.0,21971454.0,0.19
SPOT,EarthLabs Inc.,Technology,Technology,Software & IT Services,IT Services,141032428.0,45835540.0,0.325
EWK,Earthworks Industries Inc.,Diversified Industries,Industrials,Waste Management,Waste Management,148606629.0,5201233.0,0.035
EAM,East Africa Metals Inc.,Mining,Materials,Mining,Industrial Metals,268973569.0,18828150.0,0.07
EW,East West Minerals Ltd.,Oil & Gas,Energy,Oil & Gas Exploration and Production,Oil & Gas Exploration and Production,16570331.0,2982660.0,0.18
ETF,Eastfield Resources Ltd.,Mining,Materials,Mining,Precious Metals,112061585.0,4482464.0,0.04
EVI,Eastport Critical Metals Corp.,Mining,Materials,Mining,Industrial Metals,33490774.0,14735941.0,0.44
EBM,Eastwood Bio-Medical Canada Inc.,Life Sciences,Consumer Staples,Consumer Products - Healthcare,Consumer Healthcare Products,68885969.0,130194482.0,1.89
EOG,Eco (Atlantic) Oil & Gas Ltd.,Oil & Gas,Energy,Oil & Gas Exploration and Production,Oil & Gas Exploration and Production,349709027.0,297252673.0,0.85
EDY,Eddy Smart Home Solutions Ltd.,Technology,Technology,Hardware & Equipment,Scientific & Precision Equipment,6128623.0,9192935.0,1.5
CTRL,Edge Total Intelligence Inc.,Technology,Technology,Software & IT Services,Systems Software,63071986.0,26174875.0,0.415
YFI,Edgewater Wireless Systems Inc.,Technology,Technology,Hardware & Equipment,Communications Equipment,246290410.0,9851617.0,0.04
EDDY,Edison Lithium Corp.,Mining,Materials,Mining,Industrial Metals,30128083.0,2108966.0,0.07
EDM,EDM Resources Inc.,Mining,Materials,Mining,Industrial Metals,80563022.0,61227897.0,0.76
EGLT,EGL Technology Inc.,Diversified Industries,Industrials,Construction,Building Products & Equipment,333400000.0,16670000.0,0.05
EGR,EGR Exploration Ltd.,Mining,Materials,Mining,Gold,41699202.0,1250977.0,0.03
ERA,Elcora Advanced Materials Corp.,Mining,Materials,Mining,Industrial Metals,42029703.0,10507426.0,0.25
ELBM,Electra Battery Materials Corporation,Mining,Materials,Mining,Industrial Metals,106800138.0,86508112.0,0.81
EML,Electric Metals (USA) Limited,Mining,Materials,Mining,Industrial Metals,201883424.0,44414354.0,0.22
ELEC,Electric Royalties Ltd.,Mining,Materials,Mining,Industrial Metals,131166147.0,17051600.0,0.13
ECU,Element 29 Resources Inc.,Mining,Materials,Mining,Copper,188986727.0,338286242.0,1.79
ELM,Element Lifestyle Retirement Inc.,Life Sciences,Healthcare,Healthcare Providers & Services,Hospitals and Care Facilities,70478300.0,704783.0,0.01
SERV,Elevate Service Group Inc.,Diversified Industries,Industrials,Corporate Services,Specialized Business Services,41772369.0,91899212.0,2.2
ELC,Elysee Development Corp.,Diversified Industries,Finance,Asset Management Services,Asset Management Services,28194189.0,16916514.0,0.6
ECOM,Emerge Commerce Ltd.,Diversified Industries,Consumer Discretionary,Retail - Discretionary,Online Retailers,179354579.0,15245140.0,0.085
EMR,Emergent Metals Corp.,Mining,Materials,Mining,Gold,67835392.0,5426832.0,0.08
EMO,Emerita Resources Corp.,Mining,Materials,Mining,Industrial Metals,296623958.0,102335266.0,0.345
EMNT,Eminent Gold Corp.,Mining,Materials,Mining,Industrial Metals,83537936.0,43439727.0,0.52
EMPR,Empress Royalty Corp.,Mining,Materials,Mining,Precious Metals,137051362.0,128828281.0,0.94
ENA,Enablence Technologies Inc.,Technology,Technology,Hardware & Equipment,Communications Equipment,21067195.0,112920166.0,5.36
EU,Encore Energy Corp.,CleanTech,Energy,Other Energy Sources,Uranium,194280971.0,341934509.0,1.76
EDG,Endurance Gold Corporation,Mining,Materials,Mining,Gold,200124642.0,110068554.0,0.55
ENDR,Enduro Metals Corporation,Mining,Materials,Mining,Precious Metals,121100639.0,16954090.0,0.14
ENEV,Enerev5 Metals Inc.,Diversified Industries,Industrials,Industrial Goods,Electrical Equipment,343096841.0,3430969.0,0.01
EAU,Engineer Gold Mines Ltd.,Mining,Materials,Mining,Gold,29309233.0,2637831.0,0.09
EGM,Engold Mines Ltd.,Mining,Materials,Mining,Industrial Metals,43981546.0,4398155.0,0.1
ENW,EnWave Corporation,Diversified Industries,Industrials,Industrial Goods,Specialized Industrial Machinery,118716721.0,27304846.0,0.23
EQ,EQ Inc.,Diversified Industries,Media,Traditional Media,Marketing & Advertising Agencies,69435624.0,66658200.0,0.96
EQTY,Equity Metals Corporation,Mining,Materials,Mining,Precious Metals,243550530.0,63323138.0,0.26
NOVA,EraNova Metals Inc.,Mining,Materials,Mining,Industrial Metals,55771908.0,9760084.0,0.175
ERDA,Erda Resource Opportunities Inc.,Mining,Materials,Mining,Industrial Metals,243246601.0,31622059.0,0.13
EM,Errington Metals Corp.,Mining,Materials,Mining,Industrial Metals,46833044.0,226671933.0,4.84
ESBL,Eshbal Functional Food Inc.,Diversified Industries,Consumer Staples,Consumer Products - Foods,"Canned, Frozen & Preserved Foods",83261203.0,7077203.0,0.085
ESK,Eskay Mining Corp,Mining,Materials,Mining,Industrial Metals,193857123.0,62034280.0,0.32
ESXR,Essex Resources Corp.,Mining,Materials,Mining,Industrial Metals,9675000.0,870750.0,0.09
EMN,Euro Manganese Inc.,Mining,Materials,Mining,Industrial Metals,142954504.0,12865906.0,0.09
EOX,Euromax Resources Ltd.,Mining,Materials,Mining,Industrial Metals,937317523.0,70298815.0,0.075
EVNI,EV Nickel Inc.,Mining,Materials,Mining,Industrial Metals,144063816.0,20889254.0,0.145
EVNT,Eventer Technologies Ltd.,Technology,Technology,Software & IT Services,Application Software,7129576.0,14259152.0,2.0
EVGN,EverGen Infrastructure Corp.,Diversified Industries,Industrials,Waste Management,Waste Management,25880497.0,13716664.0,0.53
EVER,Evergold Corp.,Mining,Materials,Mining,Industrial Metals,23181385.0,12517948.0,0.54
EK,Everkind Wellness Inc.,Diversified Industries,Finance,Diversified Financial Services,Other Diversified Financial Services,101523249.0,87309995.0,0.86
EPF,Everyday People Financial Corp.,Diversified Industries,Finance,Credit Finance,Business Credit Services,130106636.0,56596387.0,0.435
EXCL,Excalibur Metals Corp.,Mining,Materials,Mining,Precious Metals,63637883.0,7000168.0,0.11
EXN,Excellon Resources Inc.,Mining,Materials,Mining,Silver,390651956.0,175793381.0,0.45
EXG,ExGen Resources Inc.,Mining,Materials,Mining,Precious Metals,138199808.0,14510980.0,0.105
FUU,F3 Uranium Corp.,CleanTech,Energy,Other Energy Sources,Uranium,634430097.0,98336666.0,0.155
FFU,F4 Uranium Corp.,CleanTech,Energy,Other Energy Sources,Uranium,82779077.0,9519594.0,0.115
FBF,Fab-Form Industries Ltd.,Diversified Industries,Materials,Construction Materials,Construction Materials,9174507.0,8991017.0,0.98
FAIR,Fairchild Gold Corp.,Mining,Materials,Mining,Gold,229472781.0,11473640.0,0.05
FPC,Falco Resources Ltd.,Mining,Materials,Mining,Industrial Metals,351859599.0,214634356.0,0.61
FLCN,Falcon Energy Materials plc,Mining,Materials,Mining,Industrial Metals,170844144.0,179386352.0,1.05
FG,Falcon Gold Corp.,Mining,Materials,Mining,Gold,59311377.0,1779342.0,0.03
FCLX,FCL-X Fire & Safety Inc.,Mining,Materials,Mining,Industrial Metals,115325295.0,46130118.0,0.4
FHR,Fiddlehead Resources Corp.,Oil & Gas,Energy,Oil & Gas Exploration and Production,Oil & Gas Exploration and Production,71364113.0,7850053.0,0.11
FMN,Fidelity Minerals Corp.,Mining,Materials,Mining,Industrial Metals,47751906.0,14803091.0,0.31
FDI,Findev Inc.,Diversified Industries,Finance,Banking,Thrifts & Mortgage Financing,28647441.0,9023944.0,0.315
FINX,FinEx Metals Ltd.,Mining,Materials,Mining,Gold,73717968.0,6634618.0,0.09
FYL,Finlay Minerals Ltd,Mining,Materials,Mining,Precious Metals,170600985.0,19619114.0,0.115
FTEC,Fintech Select Ltd.,Diversified Industries,Finance,Diversified Financial Services,Payments & Transaction Services,83249515.0,2081238.0,0.025
FFOX,Firefox Gold Corp.,Mining,Materials,Mining,Gold,49969316.0,26983431.0,0.54
FWZ,Fireweed Metals Corp.,Mining,Materials,Mining,Industrial Metals,227053299.0,828744542.0,3.65
FAS,First Andes Silver Ltd.,Mining,Materials,Mining,Precious Metals,86515703.0,7353835.0,0.085
FAN,First Atlantic Nickel & Cobalt Corp.,Mining,Materials,Mining,Industrial Metals,156508502.0,109555952.0,0.7
FCI,First Canadian Graphite Inc.,Mining,Materials,Mining,Industrial Metals,46298226.0,18750782.0,0.405
HELI,First Helium Inc.,Oil & Gas,Energy,Oil & Gas Exploration and Production,Oil & Gas Exploration and Production,265489024.0,7964671.0,0.03
FHYD,First Hydrogen Corp.,Diversified Industries,Consumer Discretionary,Vehicles,Conventional Vehicle Manufacturers,92046384.0,33596931.0,0.365
FTZ,Fitzroy Minerals Inc.,Mining,Materials,Mining,Precious Metals,330728849.0,143867050.0,0.435
FEX,Fjordland Exploration Inc.,Mining,Materials,Mining,Industrial Metals,82935531.0,2073389.0,0.025
FOBI,Fobi AI Inc.,Technology,Technology,Software & IT Services,Application Software,251681977.0,10067280.0,0.04
FMS,Focus Graphite Inc.,Mining,Materials,Mining,Industrial Metals,110641731.0,43150276.0,0.39
FTJ,Fort St. James Nickel Corp.,Mining,Materials,Mining,Industrial Metals,26248262.0,918690.0,0.035
FORT,Fort Technology Inc.,Diversified Industries,Consumer Staples,Consumer Products - Household & Personal,Household & Personal Products,15042582.0,22263022.0,1.48
FOR,Fortune Bay Corp.,Mining,Materials,Mining,Gold,71291155.0,63449128.0,0.89
FWTC,Forward Water Technologies Corp.,Diversified Industries,Utilities,Regulated Utilities,Regulated Water Utilities,49174592.0,1475238.0,0.03
FDR,Founders Metals Inc.,Mining,Materials,Mining,Gold,116187366.0,685505460.0,5.9
FA,Fountain Asset Corp.,Diversified Industries,Finance,Credit Finance,Business Credit Services,64326702.0,3216336.0,0.05
FOXT,Fox Tungsten Ltd.,Mining,Materials,Mining,Industrial Metals,274886500.0,49479570.0,0.18
FP,FP Newspapers Inc.,Diversified Industries,Media,Traditional Media,Publishing,6902592.0,5453048.0,0.79
FPX,FPX Nickel Corp.,Mining,Materials,Mining,Industrial Metals,315928978.0,105836208.0,0.335
FRED,Fredonia Mining Inc.,Mining,Materials,Mining,Precious Metals,64851051.0,50583820.0,0.78
FMAN,Freeman Gold Corp.,Mining,Materials,Mining,Gold,311326484.0,136983653.0,0.44
FRI,Freeport Resources Inc.,Mining,Materials,Mining,Industrial Metals,379745352.0,20885995.0,0.055
FREQ,Frequency Exchange Corp.,Life Sciences,Healthcare,Medical Equipment & Supplies,Surgical & Medical Apparatus,58946121.0,16210184.0,0.275
FRNT,FRNT Financial Inc.,Diversified Industries,Finance,Capital Markets,Capital Markets,42545904.0,1701837.0,0.04
FL,Frontier Lithium Inc.,Mining,Materials,Mining,Industrial Metals,250567041.0,107743828.0,0.43
NHHH,FuelPositive Corporation,Diversified Industries,Industrials,Industrial Goods,Electrical Equipment,550675955.0,35793938.0,0.065
FMM,Full Metal Minerals Ltd.,Mining,Materials,Mining,Industrial Metals,59312456.0,3558748.0,0.06
FUSE,Fuse Battery Metals Inc.,Mining,Materials,Mining,Industrial Metals,37629745.0,1693339.0,0.045
FTUR,Future Fuels Inc.,Mining,Materials,Mining,Industrial Metals,110577432.0,49759845.0,0.45
LITT,Futuregen Industries Corp.,Diversified Industries,Finance,Asset Management Services,Asset Management Services,55614161.0,6673700.0,0.12
GBU,Gabriel Resources Ltd.,Mining,Materials,Mining,Precious Metals,277223441.0,30494579.0,0.11
GGAU,Galactic Gold Corp.,Mining,Materials,Mining,Gold,49382778.0,8888901.0,0.18
GAL,Galantas Gold Corporation,Mining,Materials,Mining,Gold,832276823.0,524334399.0,0.63
GGO,Galleon Gold Corp.,Mining,Materials,Mining,Gold,136127416.0,153823981.0,1.13
GRI,Galore Resources Inc,Mining,Materials,Mining,Industrial Metals,177300669.0,3546014.0,0.02
GWM,Galway Metals Inc.,Mining,Materials,Mining,Gold,135874780.0,89677355.0,0.66
GAMA,Gamma Resources Ltd.,CleanTech,Energy,Other Energy Sources,Uranium,42139281.0,2739054.0,0.065
GGI,Garibaldi Resources Corp.,Mining,Materials,Mining,Industrial Metals,152040555.0,10642839.0,0.07
GSI,Gatekeeper Systems Inc.,Diversified Industries,Industrials,Corporate Services,Security Services,111592621.0,197518940.0,1.77
GKO,Geekco Technologies Corporation,Technology,Technology,Software & IT Services,Application Software,133198606.0,4661952.0,0.035
BEEP,Geiger Energy Corporation,CleanTech,Energy,Other Energy Sources,Uranium,88110455.0,20265405.0,0.23
GEMG,Gemdale Gold Inc.,Mining,Materials,Mining,Gold,21403722.0,34245956.0,1.6
GENX,Genix Pharmaceuticals Corporation,Life Sciences,Healthcare,Pharmaceuticals,Pharmaceutical Manufacturers - Specialty & Generic,61224131.0,1224483.0,0.02
GSP,Gensource Potash Corporation,Mining,Materials,Mining,Industrial Metals,478346601.0,69360258.0,0.145
GMA,Geomega Resources Inc,Mining,Materials,Mining,Industrial Metals,167128348.0,40946446.0,0.245
GTC,Getty Copper Inc.,Mining,Materials,Mining,Industrial Metals,73100841.0,73100841.0,1.0
GFG,GFG Resources Inc.,Mining,Materials,Mining,Gold,304205295.0,71488245.0,0.235
GGL,GGL Resources Corp.,Mining,Materials,Mining,Precious Metals,104357475.0,5217874.0,0.05
GGX,GGX Gold Corp.,Mining,Materials,Mining,Gold,38394380.0,1535776.0,0.04
GIGA,Giga Metals Corporation,Mining,Materials,Mining,Industrial Metals,158079721.0,10275182.0,0.065
GOK,GINSMS Inc.,Diversified Industries,Media,Telecommunications,Telecommunication Services,187118368.0,4677960.0,0.025
EMM,Giyani Metals Corp.,Mining,Materials,Mining,Industrial Metals,333837025.0,21699407.0,0.065
GLAD,Gladiator Metals Corp.,Mining,Materials,Mining,Industrial Metals,110526797.0,315001372.0,2.85
GBML,Global Battery Metals Ltd.,Mining,Materials,Mining,Industrial Metals,14853927.0,3267864.0,0.22
CUCU,Global Copper Corp.,Mining,Materials,Mining,Copper,45322738.0,906455.0,0.02
GEMC,Global Energy Metals Corporation,Mining,Materials,Mining,Industrial Metals,67572127.0,1351443.0,0.02
PWER,Global Power Solutions Corp.,Diversified Industries,Industrials,Construction,Engineering & Construction Services,29866976.0,10005437.0,0.335
GMV,GMV Minerals Inc,Mining,Materials,Mining,Gold,122650346.0,19010804.0,0.155
GG,Golconda Gold Ltd.,Mining,Materials,Mining,Gold,71401362.0,212776059.0,2.98
GLD,Gold Finder Resources Ltd.,Mining,Materials,Mining,Precious Metals,68775201.0,3438761.0,0.05
HART,Gold Hart Copper Corp.,Mining,Materials,Mining,Industrial Metals,252247185.0,51710673.0,0.205
GRZ,Gold Reserve Ltd.,Mining,Materials,Mining,Gold,147869033.0,1001073354.0,6.77
GST,Gold Strategy Inc.,Mining,Materials,Mining,Industrial Metals,2061976.0,3051725.0,1.48
GSR,Gold Strike Resources Corp.,Mining,Materials,Mining,Gold,156046413.0,69440654.0,0.445
YGT,Gold Terra Resource Corp.,Mining,Materials,Mining,Gold,510066184.0,96912575.0,0.19
AUXX,Gold X2 Mining Inc.,Mining,Materials,Mining,Gold,101110094.0,1110188833.0,10.98
GLB,Goldbank Mining Corporation,Mining,Materials,Mining,Gold,192521226.0,64494611.0,0.335
GCN,Goldcliff Resource Corporation,Mining,Materials,Mining,Gold,80847907.0,2425438.0,0.03
GRG,Golden Arrow Resources Corporation,Mining,Materials,Mining,Industrial Metals,169416596.0,17788743.0,0.105
AUX,Golden Cross Resources Inc.,Mining,Materials,Mining,Industrial Metals,100404132.0,17068703.0,0.17
GNG,Golden Goliath Resources Ltd.,Mining,Materials,Mining,Industrial Metals,54370652.0,4349653.0,0.08
GDP,Golden Pursuit Resources Ltd.,Mining,Materials,Mining,Precious Metals,47099943.0,11774986.0,0.25
GLDN,Golden Ridge Resources Ltd.,Mining,Materials,Mining,Precious Metals,58541320.0,4683306.0,0.08
AUEN,Golden Sky Minerals Corp.,Mining,Materials,Mining,Industrial Metals,24305574.0,6684033.0,0.275
GCV,Golden Star Capital Ventures Inc.,Diversified Industries,Finance,Diversified Financial Services,Other Diversified Financial Services,29983002.0,8994901.0,0.3
GERA,Goldera Exploration Ltd.,Mining,Materials,Mining,Gold,72041411.0,13327662.0,0.185
GORO,Goldgroup Mining Inc.,Mining,Materials,Mining,Gold,134893207.0,640742734.0,4.75
GHL,Goldhills Holding Ltd.,Mining,Materials,Mining,Industrial Metals,36472666.0,1823634.0,0.05
INXS,GoldInxs Mining Corp.,Mining,Materials,Mining,Precious Metals,35135026.0,3689178.0,0.105
GQC,GoldQuest Mining Corp.,Mining,Materials,Mining,Industrial Metals,384424396.0,330604981.0,0.86
GSKR,Goldsky Resources Corp.,Mining,Materials,Mining,Precious Metals,264689693.0,921120132.0,3.48
GSTM,Goldstorm Metals Corp.,Mining,Materials,Mining,Gold,142275596.0,24898230.0,0.175
GOT,Goliath Resources Limited,Mining,Materials,Mining,Precious Metals,177889945.0,300634008.0,1.69
GOOD,Good Gamer Entertainment Inc.,Diversified Industries,Media,Interactive Multi-Media,Gaming & Multimedia,5924073.0,1481019.0,0.25
GSS,Gossan Resources Limited,Mining,Materials,Mining,Industrial Metals,67459471.0,1686487.0,0.025
GPM,GPM Metals Inc.,Mining,Materials,Mining,Industrial Metals,160848434.0,12867875.0,0.08
GRSL,GR Silver Mining Ltd.,Mining,Materials,Mining,Precious Metals,509415533.0,203766214.0,0.4
GFTA,Grafta Nanotech Corp.,Diversified Industries,,,,78417106.0,17643849.0,0.225
GGM,Granada Gold Mine Inc.,Mining,Materials,Mining,Gold,227265949.0,7954309.0,0.035
GPG,Grande Portage Resources Ltd.,Mining,Materials,Mining,Gold,198648185.0,73499829.0,0.37
GEL,Graphano Energy Ltd.,Mining,Materials,Mining,Industrial Metals,21688268.0,2060386.0,0.095
GMG,Graphene Manufacturing Group Ltd.,Diversified Industries,Materials,Chemicals,Special Chemicals,126740434.0,309246659.0,2.44
GPH,Graphite One Inc.,Mining,Materials,Mining,Industrial Metals,208967736.0,198519350.0,0.95
GR,Great Atlantic Resources Corp.,Mining,Materials,Mining,Industrial Metals,66377696.0,4978328.0,0.075
GPAC,Great Pacific Gold Corp.,Mining,Materials,Mining,Gold,195998465.0,51939594.0,0.265
GPS,Great Plains Metals Corp.,Mining,Materials,Mining,Gold,76940719.0,8463480.0,0.11
GRF,Green Rise Foods Inc.,Diversified Industries,Consumer Staples,Consumer Products - Foods,Agricultural Food Products,47489066.0,15671392.0,0.33
GCOM,Green Shift Commodities Ltd.,Mining,Materials,Mining,Industrial Metals,137726218.0,10329467.0,0.075
GRB,Greenbriar Sustainable Living Inc.,CleanTech,Energy,Renewable Energy Producers,Diversified Renewable Energy,44479983.0,28022390.0,0.63
VGN,Greencastle Resources Ltd.,Oil & Gas,Energy,Oil & Gas Exploration and Production,Oil & Gas Exploration and Production,53110671.0,1062214.0,0.02
GHRT,Greenheart Gold Inc.,Mining,Materials,Mining,Gold,214351371.0,186485693.0,0.87
GRL,GreenLight Metals Inc.,Mining,Materials,Mining,Industrial Metals,99704126.0,29911238.0,0.3
WOLF,Grey Wolf Health Corp.,Diversified Industries,Consumer Discretionary,Personal Services,Personal Services,34640294.0,59408105.0,1.715
CELL,Grid Battery Metals Inc.,Mining,Materials,Mining,Industrial Metals,193380795.0,3867616.0,0.02
GRDM,Grid Metals Corp.,Mining,Materials,Mining,Industrial Metals,233037067.0,32625190.0,0.14
FIN,Grit Metals Corp.,Mining,Materials,Mining,Industrial Metals,66288815.0,5634550.0,0.085
GZD,Grizzly Discoveries Inc.,Mining,Materials,Mining,Industrial Metals,234021369.0,14041283.0,0.06
GVR,Grosvenor Resource Corporation,Mining,Materials,Mining,Precious Metals,33400696.0,1670035.0,0.05
GRD,Grounded Lithium Corp.,Mining,Materials,Mining,Industrial Metals,80479726.0,4828784.0,0.06
ZNG,Group Eleven Resources Corp.,Mining,Materials,Mining,Industrial Metals,282357711.0,248474786.0,0.88
GSPR,GSP Resource Corp.,Mining,Materials,Mining,Precious Metals,57889520.0,7815086.0,0.135
GT,GT Resources Inc.,Mining,Materials,Mining,Industrial Metals,389117726.0,9727944.0,0.025
GSVR,Guanajuato Silver Company Ltd.,Mining,Materials,Mining,Silver,758811262.0,349053181.0,0.46
GX,Guardian Exploration Inc.,Oil & Gas,Energy,Oil & Gas Exploration and Production,Oil & Gas Exploration and Production,120669054.0,18100359.0,0.15
GUF,Gulf & Pacific Equities Corp.,Diversified Industries,Real Estate,Real Estate,Real Estate Services,21410685.0,11775877.0,0.55
GUN,Gunpoint Exploration Ltd,Mining,Materials,Mining,Precious Metals,59769933.0,49011346.0,0.82
HPM,Halcones Precious Metals Corp.,Mining,Materials,Mining,Gold,228776389.0,11438820.0,0.05
HMT,Halmont Properties Corporation cl A vtg shrs,Diversified Industries,Real Estate,Real Estate,Real Estate Development,83940000.0,85618800.0,1.02
HFC,Hampton Financial Corporation,Diversified Industries,Finance,Capital Markets,Capital Markets,49409892.0,12846572.0,0.26
HAN,Hannan Metals Ltd.,Mining,Materials,Mining,Industrial Metals,145217363.0,103104328.0,0.71
HANS,Hanstone Gold Corp.,Mining,Materials,Mining,Industrial Metals,51693125.0,1033863.0,0.02
HAR,Harfang Exploration Inc.,Mining,Materials,Mining,Industrial Metals,115435717.0,5771786.0,0.05
HVG,Harvest Gold Corp.,Mining,Materials,Mining,Gold,179379791.0,8072091.0,0.045
HAWK,Hawkeye Gold & Diamond Inc.,Mining,Materials,Mining,Precious Metals,15311953.0,459359.0,0.03
HAY,Hayasa Metals Inc.,Mining,Materials,Mining,Gold,72499139.0,5074940.0,0.07
HSTR,Heliostar Metals Ltd.,Mining,Materials,Mining,Gold,279502925.0,662421933.0,2.37
HEVI,Helium Evolution Incorporated,Oil & Gas,Energy,Oil & Gas Exploration and Production,Oil & Gas Exploration and Production,329870463.0,69272798.0,0.21
HHH,Helius Minerals Limited,Mining,Materials,Mining,Industrial Metals,53959601.0,288144270.0,5.34
HME,Hemisphere Energy Corporation,Oil & Gas,Energy,Oil & Gas Exploration and Production,Oil & Gas Exploration and Production,94250109.0,207821491.0,2.205
HEM,Hemostemix Inc.,Life Sciences,Healthcare,Biotechnology & Life Sciences,Biotechnology,211441448.0,15858109.0,0.075
BIG,Hercules Metals Corp.,Mining,Materials,Mining,Silver,325898421.0,469293727.0,1.44
HOH,High Arctic Overseas Holdings Corp.,Oil & Gas,Energy,Oil & Gas Equipment & Services,Oil & Gas Equipment & Services,12416860.0,29303790.0,2.36
HITI,High Tide Inc.,Life Sciences,Healthcare,Healthcare Providers & Services,Drug and Proprietary Stores,87975909.0,314953755.0,3.58
HI,Highland Copper Company Inc.,Mining,Materials,Mining,Copper,739158985.0,136744413.0,0.185
HWY,Highway 50 Gold Corp.,Mining,Materials,Mining,Industrial Metals,44532292.0,23156792.0,0.52
HAM,Highwood Asset Management Ltd.,Oil & Gas,Energy,Oil & Gas Exploration and Production,Oil & Gas Exploration and Production,15198818.0,92712790.0,6.1
ESPN,Hispania Resources Inc.,Mining,Materials,Mining,Industrial Metals,100170779.0,6010247.0,0.06
SHL,Homeland Nickel Inc.,Mining,Materials,Mining,Industrial Metals,227309927.0,86377773.0,0.38
HLU,Homeland Uranium Corp.,CleanTech,Energy,Other Energy Sources,Uranium,113851287.0,14800668.0,0.13
HMR,Homerun Resources Inc.,Mining,Materials,Mining,Gold,77333285.0,44853306.0,0.58
TUF,Honey Badger Silver Inc.,Mining,Materials,Mining,Precious Metals,163752717.0,121995775.0,0.745
HPL,Horizon Petroleum Ltd.,Oil & Gas,Energy,Oil & Gas Exploration and Production,Oil & Gas Exploration and Production,88441623.0,26090279.0,0.295
HCH,Hot Chili Limited,Mining,Materials,Mining,Copper,202901656.0,355077898.0,1.75
HPQ,HPQ Silicon Inc.,Diversified Industries,Materials,Chemicals,Special Chemicals,471775150.0,61330770.0,0.13
HIDE,Hydaway Digital Corp.,Technology,Technology,Software & IT Services,IT Services,37482261.0,5060106.0,0.135
NURS,Hydreight Technologies Inc.,Life Sciences,Healthcare,Healthcare Providers & Services,Healthcare Information Services,53660930.0,193715958.0,3.61
HC,Hypercharge Networks Corp.,Diversified Industries,Consumer Discretionary,Vehicles,Automotive Parts,138565416.0,11085234.0,0.08
IB,IBC Advanced Alloys Corp.,Diversified Industries,Industrials,Industrial Goods,Metal Fabricated Products,115536737.0,19641246.0,0.17
ICGH,IC Group Holdings Inc.,Diversified Industries,Media,Traditional Media,Marketing & Advertising Agencies,41290567.0,19200114.0,0.465
ICRS,Icarus Capital Corp.,Diversified Industries,Media,Traditional Media,Entertainment,8577827.0,257335.0,0.03
ICM,Iconic Minerals Ltd.,Mining,Materials,Mining,Gold,185759051.0,14860725.0,0.08
IDEX,IDEX Metals Corp.,Mining,Materials,Mining,Industrial Metals,77533899.0,53498391.0,0.69
IRI,IEMR Resources Inc,Mining,Materials,Mining,Industrial Metals,94807141.0,948072.0,0.01
ILC,ILC Critical Minerals Ltd.,Mining,Materials,Mining,Industrial Metals,291528254.0,5830566.0,0.02
UVC,Illumisoft Lighting Corp.,Diversified Industries,Industrials,Industrial Goods,Electrical Equipment,46205589.0,51750260.0,1.12
ILI,Imagine Lithium Inc.,Mining,Materials,Mining,Industrial Metals,340628030.0,5109421.0,0.015
IDL,Imaging Dynamics Company Ltd.,Life Sciences,Healthcare,Medical Equipment & Supplies,Surgical & Medical Apparatus,10334550.0,775092.0,0.075
IMR,iMetal Resources Inc.,Mining,Materials,Mining,Gold,41361068.0,8479019.0,0.205
IMPT,Impact Development Group Inc.,Diversified Industries,Real Estate,Real Estate,Real Estate Development,17151168.0,171512.0,0.01
IPT,IMPACT Silver Corp.,Mining,Materials,Mining,Silver,349531098.0,106606985.0,0.305
IEI,Imperial Equities Inc.,Diversified Industries,Real Estate,Real Estate,Real Estate Services,9451242.0,44893400.0,4.75
IGO,Independence Gold Corp.,Mining,Materials,Mining,Gold,263947852.0,56748789.0,0.215
INEO,INEO Tech Corp.,Diversified Industries,Media,Traditional Media,Marketing & Advertising Agencies,52047973.0,5204798.0,0.1
IN,Infield Minerals Corp.,Mining,Materials,Mining,Precious Metals,75211183.0,5640839.0,0.075
INFM,Infinico Metals Corp.,Mining,Materials,Mining,Gold,5634883.0,732535.0,0.13
INFI,Infinitum Copper Corp.,Mining,Materials,Mining,Copper,6128939.0,1164499.0,0.19
IOT,Innovotech Inc.,Life Sciences,Healthcare,Biotechnology & Life Sciences,Life Sciences Equipment & Services,54438232.0,4082868.0,0.075
MINE,Inomin Mines Inc.,Mining,Materials,Mining,Industrial Metals,55601452.0,6672175.0,0.12
ISGI,Insuraguest Technologies Inc.,Technology,Technology,Software & IT Services,Application Software,170533822.0,1705339.0,0.01
ITR,Integra Resources Corp.,Mining,Materials,Mining,Precious Metals,202867270.0,789153681.0,3.89
IRO,Inter-Rock Minerals Inc.,Diversified Industries,Consumer Staples,Consumer Products - Foods,"Canned, Frozen & Preserved Foods",21659311.0,23608649.0,1.09
IBAT,International Battery Metals Ltd.,Mining,Materials,Mining,Industrial Metals,379001682.0,37900169.0,0.1
IFR,International Frontier Resources Corporation,Oil & Gas,Energy,Oil & Gas Exploration and Production,Oil & Gas Exploration and Production,38085397.0,1332989.0,0.035
IMM,International Metals Mining Corp.,Mining,Materials,Mining,Industrial Metals,22491713.0,1574420.0,0.07
IPD,Intl Parkside Products Inc.,Diversified Industries,Materials,Chemicals,Special Chemicals,16508054.0,825403.0,0.05
IZZ,International Prospect Ventures Ltd.,Mining,Materials,Mining,Industrial Metals,72926442.0,4375587.0,0.06
INX,Intouch Insight Ltd.,Technology,Technology,Software & IT Services,Application Software,25583018.0,7419076.0,0.29
INTR,Intrepid Metals Corp.,Mining,Materials,Mining,Industrial Metals,123570509.0,109977754.0,0.89
IVX,Inventronics Limited,Diversified Industries,Industrials,Industrial Goods,Metal Fabricated Products,4871145.0,3117533.0,0.64
IVS,Inventus Mining Corp.,Mining,Materials,Mining,Gold,221040781.0,66312235.0,0.3
IZN,InZinc Mining Ltd.,Mining,Materials,Mining,Industrial Metals,140764584.0,8445876.0,0.06
INIK,Ionik Corporation,Diversified Industries,Media,Traditional Media,Marketing & Advertising Agencies,587071214.0,35224273.0,0.06
IMI,Ironman International Ltd.,Technology,Technology,Hardware & Equipment,Communications Equipment,172685076.0,12087956.0,0.07
IRR,Irruptive Metals Corp.,Mining,Materials,Mining,Gold,114592362.0,160429307.0,1.4
IFOS,Itafos Inc.,Mining,Materials,Agriculture,Agricultural Supplies,186814842.0,465168957.0,2.49
JTWO,J2 Metals Inc.,Mining,Materials,Mining,Precious Metals,44401864.0,6438271.0,0.145
JJJJ,J4 Ventures Resources Corp.,Diversified Industries,Finance,Diversified Financial Services,Other Diversified Financial Services,19740000.0,2862300.0,0.145
JJ,Jackpot Digital Inc.,Diversified Industries,Consumer Discretionary,"Hotels, Lodging & Leisure",Gambling,314523499.0,14153558.0,0.045
JADE,Jade Leader Corp.,Mining,Materials,Mining,Precious Metals,74707293.0,1120610.0,0.015
JG,Japan Gold Corp.,Mining,Materials,Mining,Gold,307441525.0,18446492.0,0.06
JSPX,JasperX Technologies Inc.,Technology,Technology,Software & IT Services,Systems Software,121367980.0,16991518.0,0.14
JDN,Jayden Resources Inc.,Mining,Materials,Mining,Precious Metals,5851791.0,1345912.0,0.23
JTC,Jemtec Inc.,Technology,Technology,Hardware & Equipment,Scientific & Precision Equipment,2794679.0,2822626.0,1.01
JEV,Jericho Energy Ventures Inc.,Oil & Gas,Energy,Oil & Gas Exploration and Production,Oil & Gas Exploration and Production,336444046.0,95886554.0,0.285
JUGR,Juggernaut Exploration Ltd.,Mining,Materials,Mining,Industrial Metals,50127999.0,54138239.0,1.08
JEC,Jura Energy Corporation,Oil & Gas,Energy,Oil & Gas Exploration and Production,Oil & Gas Exploration and Production,69076328.0,6562252.0,0.095
JZR,JZR Gold Inc.,Mining,Materials,Mining,Gold,83248060.0,23309457.0,0.28
KTO,K2 Gold Corporation,Mining,Materials,Mining,Gold,242238851.0,210747801.0,0.87
KDSX,Kadestone Capital Corp.,Diversified Industries,Real Estate,Real Estate,Real Estate Development,46928247.0,10793497.0,0.23
KIRO,Kairos Gold Inc.,Mining,Materials,Mining,Gold,56362919.0,50726628.0,0.9
KALO,Kalo Gold Corp.,Mining,Materials,Mining,Gold,117774639.0,16488450.0,0.14
KNE,Kane Biotech Inc.,Life Sciences,Healthcare,Biotechnology & Life Sciences,Biotechnology,205056565.0,5126415.0,0.025
KAPA,Kapa Gold Inc.,Mining,Materials,Mining,Precious Metals,99042009.0,13370672.0,0.135
KDA,KDA Group Inc.,Life Sciences,Healthcare,Healthcare Providers & Services,Hospitals and Care Facilities,235299280.0,18823943.0,0.08
KEEK,KEEK Social Inc.,Diversified Industries,Media,Interactive Multi-Media,Online Content & Information,6943121.0,7706865.0,1.11
KLD,Kenorland Minerals Ltd.,Mining,Materials,Mining,Industrial Metals,80383870.0,191313611.0,2.38
KGC,Kestrel Gold Inc.,Mining,Materials,Mining,Gold,108721026.0,3805236.0,0.035
KIB,Kiboko Gold Inc.,Mining,Materials,Mining,Gold,17163709.0,3089468.0,0.18
KDOZ,Kidoz Inc.,Diversified Industries,Media,Traditional Media,Marketing & Advertising Agencies,131304499.0,19039153.0,0.145
KCC,Kincora Copper Limited,Mining,Materials,Mining,Copper,48017386.0,48017386.0,1.0
KCP,King Copper Discovery Corp.,Mining,Materials,Mining,Precious Metals,319890669.0,271907069.0,0.85
KFR,Kingfisher Metals Corp.,Mining,Materials,Mining,Precious Metals,156302063.0,179747373.0,1.15
KGS,Kingman Minerals Ltd.,Mining,Materials,Mining,Precious Metals,43687521.0,2184377.0,0.05
KNG,Kingsmen Resources Ltd.,Mining,Materials,Mining,Industrial Metals,34543086.0,39033688.0,1.13
KIP,Kiplin Metals Inc.,Mining,Materials,Mining,Gold,17847949.0,4015789.0,0.225
KLDC,Kirkland Lake Discoveries Corp.,Mining,Materials,Mining,Gold,205629206.0,86364267.0,0.42
KG,Klondike Gold Corp,Mining,Materials,Mining,Gold,278141895.0,47284123.0,0.17
KS,Klondike Silver Corp.,Mining,Materials,Mining,Silver,26888178.0,4033227.0,0.15
KRI,Kobo Resources Inc.,Mining,Materials,Mining,Gold,135325856.0,27065172.0,0.2
KDK,Kodiak Copper Corp.,Mining,Materials,Mining,Copper,111858607.0,87249714.0,0.78
KTRI,Kootenay Resources Inc.,Mining,Materials,Mining,Silver,49250269.0,4186273.0,0.085
KTN,Kootenay Silver Inc.,Mining,Materials,Mining,Silver,103203198.0,133132126.0,1.29
KORE,Kore Mining Ltd.,Mining,Materials,Mining,Gold,82151934.0,14376589.0,0.175
KRY,Koryx Copper S.A.,Mining,Materials,Mining,Industrial Metals,121582882.0,448640835.0,3.69
KOVO,Kovo+ Holdings Inc.,Life Sciences,Healthcare,Healthcare Providers & Services,Healthcare Information Services,179806232.0,899032.0,0.005
PNG,Kraken Robotics Inc.,Technology,Technology,Hardware & Equipment,Scientific & Precision Equipment,371412137.0,1927628992.0,5.19
KBRA,Kubera Gold Corp.,Mining,Materials,Mining,Gold,19183840.0,3069415.0,0.16
KC,Kutcho Copper Corp.,Mining,Materials,Mining,Industrial Metals,184564988.0,60906447.0,0.33
LAB,Labrador Gold Corp.,Mining,Materials,Mining,Gold,170809979.0,11102649.0,0.065
LTX,Labrador Resources Inc.,Oil & Gas,Energy,Oil & Gas Exploration and Production,Oil & Gas Exploration and Production,12336072.0,1850411.0,0.15
LG,Lahontan Gold Corp.,Mining,Materials,Mining,Precious Metals,432181487.0,177194410.0,0.41
LVG,Lake Victoria Gold Ltd.,Mining,Materials,Mining,Gold,202544968.0,62788941.0,0.31
LWR,Lake Winn Resources Corp.,Mining,Materials,Mining,Gold,27358467.0,1915093.0,0.07
LRA,Lara Exploration Ltd.,Mining,Materials,Mining,Industrial Metals,61997362.0,266588657.0,4.3
VAND,Largo Physical Vanadium Corp.,Mining,Materials,Mining,Industrial Metals,16816799.0,13453440.0,0.8
LALI,Latam Lithium Corp.,Mining,Materials,Mining,Industrial Metals,35344009.0,1943921.0,0.055
LXE,Latin Explore Inc.,Mining,Materials,Mining,Copper,43680000.0,7862400.0,0.18
LMS,Latin Metals Inc.,Mining,Materials,Mining,Industrial Metals,138965650.0,36131069.0,0.26
LME,Laurion Mineral Exploration Inc,Mining,Materials,Mining,Gold,282626692.0,42394004.0,0.15
LGC,Lavras Gold Corp.,Mining,Materials,Mining,Gold,62249383.0,231567705.0,3.72
LEM,Leading Edge Materials Corp.,Mining,Materials,Mining,Industrial Metals,258780449.0,65989015.0,0.255
LEGY,Legacy Gold Mines Ltd.,Mining,Materials,Mining,Gold,61111423.0,71500365.0,1.17
LPS,Legend Power Systems Inc.,Diversified Industries,Industrials,Industrial Goods,Electrical Equipment,156394614.0,32060896.0,0.205
LTV,Leonovus Inc.,Technology,Technology,Software & IT Services,Application Software,20900996.0,836040.0,0.04
LVX,Leviathan Metals Corp.,Mining,Materials,Mining,Gold,116257264.0,55803487.0,0.48
LIFT,Li-FT Power Ltd.,Mining,Materials,Mining,Industrial Metals,86741036.0,223791873.0,2.58
SCAN,"Liberty Defense Holdings, Ltd.",Diversified Industries,Industrials,Corporate Services,Security Services,5681983.0,17273229.0,3.04
LIB,LibertyStream Infrastructure Partners Inc.,Mining,Materials,Mining,Industrial Metals,215557285.0,178912547.0,0.83
LFST,Lifeist Wellness Inc.,Life Sciences,Healthcare,Pharmaceuticals,Pharmaceutical Manufacturers - Specialty & Generic,37886402.0,2273185.0,0.06
LTNG,Lightning Resource Corp.,Mining,Materials,Mining,Industrial Metals,29442363.0,15310029.0,0.52
LMG,Lincoln Gold Mining Inc.,Mining,Materials,Mining,Gold,28783010.0,13815845.0,0.48
LIO,Lion One Metals Limited,Mining,Materials,Mining,Gold,429777475.0,75211059.0,0.175
ROAR,Lion Rock Resources Inc.,Mining,Materials,Mining,Industrial Metals,115866766.0,30125360.0,0.26
LBI,Lions Bay Capital Inc.,Diversified Industries,Finance,Asset Management Services,Asset Management Services,39271171.0,12566775.0,0.32
LAF,Lithium Africa Corp.,Mining,Materials,Mining,Industrial Metals,24978317.0,33720728.0,1.35
LITH,Lithium Chile Inc.,Mining,Materials,Mining,Industrial Metals,223330548.0,93798831.0,0.42
LTH,Lithium Ionic Corp.,Mining,Materials,Mining,Industrial Metals,197301209.0,128245786.0,0.65
LBNK,LithiumBank Resources Corp.,Mining,Materials,Mining,Industrial Metals,68067933.0,51050950.0,0.75
LOD,Lode Gold Resources Inc.,Mining,Materials,Mining,Gold,58962261.0,23879716.0,0.405
LSTR,Lodestar Metals Corp.,Mining,Materials,Mining,Industrial Metals,51518248.0,3348687.0,0.065
LGN,Logan Energy Corp.,Oil & Gas,Energy,Oil & Gas Exploration and Production,Oil & Gas Exploration and Production,691244020.0,822580384.0,1.19
LMR,Lomiko Metals Inc.,Mining,Materials,Mining,Industrial Metals,80040395.0,10005050.0,0.125
LA,Los Andes Copper Ltd.,Mining,Materials,Mining,Copper,30398589.0,407341093.0,13.4
LTC,Lotus Creek Exploration Inc.,Oil & Gas,Energy,Oil & Gas Exploration and Production,Oil & Gas Exploration and Production,40000000.0,158800000.0,3.97
LQWD,LQWD Technologies Corp.,Diversified Industries,Finance,Capital Markets,Cryptocurrency Exchanges & Trading Platforms,32332158.0,27159013.0,0.84
LSL,LSL Pharma Group Inc.,Life Sciences,Healthcare,Pharmaceuticals,Pharmaceutical Manufacturers - Specialty & Generic,126729818.0,41820840.0,0.33
LUCA,Luca Mining Corp.,Mining,Materials,Mining,Industrial Metals,275268353.0,306924214.0,1.115
LMN,Lumine Group Inc.,Technology,Technology,Software & IT Services,Application Software,256620388.0,5581493439.0,21.75
LPK,Lupaka Gold Corp.,Mining,Materials,Mining,Gold,24327784.0,7906530.0,0.325
LXM,Lux Metals Corp.,Mining,Materials,Mining,Industrial Metals,77155216.0,16202596.0,0.21
LUXR,Luxor Metals Ltd.,Mining,Materials,Mining,Precious Metals,19248960.0,3464813.0,0.18
LCX,Lycos Energy Inc.,Oil & Gas,Energy,Oil & Gas Exploration and Production,Oil & Gas Exploration and Production,109155212.0,200845591.0,1.84
MT,M3 Metals Corp.,Mining,Materials,Mining,Industrial Metals,10274724.0,2620055.0,0.255
MACK,Mackay Gold & Silver Corp.,Mining,Materials,Mining,Precious Metals,85717473.0,254580895.0,2.97
MDM,Madoro Metals Corp.,Mining,Materials,Mining,Precious Metals,93396716.0,5603803.0,0.06
MGMA,Magma Silver Corp.,Mining,Materials,Mining,Precious Metals,83624180.0,10034902.0,0.12
MTT,Magna Terra Minerals Inc.,Mining,Materials,Mining,Industrial Metals,108357418.0,26005781.0,0.24
MJS,Majestic Gold Corp.,Mining,Materials,Mining,Gold,1421388227.0,163459647.0,0.115
MKO,Mako Mining Corp.,Mining,Materials,Mining,Gold,87605909.0,1232615140.0,14.07
MTH,Mammoth Resources Corp.,Mining,Materials,Mining,Precious Metals,106556933.0,3196708.0,0.03
MN,Manganese X Energy Corp.,Mining,Materials,Mining,Industrial Metals,243793864.0,24379387.0,0.1
MANU,Manhattan Uranium Discovery Corp.,CleanTech,Energy,Other Energy Sources,Uranium,110080518.0,25318520.0,0.23
MGM,Maple Gold Mines Ltd.,Mining,Materials,Mining,Gold,74232575.0,215274468.0,2.9
MAP,Maple Peak Investments Inc.,Diversified Industries,Consumer Discretionary,"Hotels, Lodging & Leisure",Casinos & Resorts,59000000.0,4720000.0,0.08
MAH,Marksmen Energy Inc.,Oil & Gas,Energy,Oil & Gas Exploration and Production,Oil & Gas Exploration and Production,5284961.0,1109842.0,0.21
MTLO,Martello Technologies Group Inc.,Technology,Technology,Software & IT Services,Cloud Infrastructure & Internet Services,583707430.0,5837075.0,0.01
MRVL,Marvel Biosciences Corp.,Life Sciences,Healthcare,Biotechnology & Life Sciences,Biotechnology,63143790.0,9787288.0,0.155
MASS,Masivo Silver Corp.,Mining,Materials,Mining,Precious Metals,77441900.0,4646514.0,0.06
MATA,Matador Technologies Inc.,Diversified Industries,Finance,Capital Markets,Cryptocurrency Exchanges & Trading Platforms,147345697.0,4420371.0,0.03
MAX,MAX Resource Corp.,Mining,Materials,Mining,Precious Metals,55507335.0,11656541.0,0.21
MFG,Mayfair Gold Corp.,Mining,Materials,Mining,Gold,67138496.0,298766308.0,4.45
MCS,McChip Resources Inc.,Oil & Gas,Energy,Oil & Gas Exploration and Production,Oil & Gas Exploration and Production,5960096.0,4470072.0,0.75
MCF,MCF Energy Ltd.,Oil & Gas,Energy,Oil & Gas Exploration and Production,Oil & Gas Exploration and Production,309711804.0,6194237.0,0.02
MPH,Medicure Inc.,Life Sciences,Healthcare,Pharmaceuticals,Pharmaceutical Manufacturers - Specialty & Generic,10436313.0,26925688.0,2.58
MIR,MedMira Inc.,Life Sciences,Healthcare,Biotechnology & Life Sciences,Biotechnology,758307062.0,49289960.0,0.065
MDX,Medx Health Corp,Life Sciences,Healthcare,Medical Equipment & Supplies,Surgical & Medical Apparatus,327932314.0,14756955.0,0.045
MKR,Melkior Resources Inc.,Mining,Materials,Mining,Industrial Metals,52050210.0,6246026.0,0.12
MENE,Mene Inc.,Diversified Industries,Consumer Discretionary,Retail - Discretionary,Luxury Products,150418163.0,21810634.0,0.145
MUSH,Mercanto Holdings Inc.,Life Sciences,Healthcare,Pharmaceuticals,Pharmaceutical Manufacturers - Specialty & Generic,50774683.0,5839089.0,0.115
MERG,Metal Energy Corp.,Mining,Materials,Mining,Industrial Metals,46935204.0,46465852.0,0.99
MLO,Metalero Mining Corp.,Mining,Materials,Mining,Gold,30838500.0,4471583.0,0.145
MTX,Metalex Ventures Ltd,Mining,Materials,Mining,Precious Metals,282670854.0,4240063.0,0.015
MTA,Metalla Royalty & Streaming Ltd.,Mining,Materials,Mining,Precious Metals,93495874.0,1321096700.0,14.13
MMG,Metallic Minerals Corp.,Mining,Materials,Mining,Precious Metals,245454180.0,56454462.0,0.23
MTS,Metallis Resources Inc.,Mining,Materials,Mining,Industrial Metals,101018836.0,15152826.0,0.15
MET,Metalore Resources Limited,Oil & Gas,Energy,Oil & Gas Exploration and Production,Oil & Gas Exploration and Production,1775035.0,4082581.0,2.3
MQM,Metalquest Mining Inc.,Mining,Materials,Mining,Industrial Metals,48947024.0,9055200.0,0.185
MEK,Metals Creek Resources Corp.,Mining,Materials,Mining,Industrial Metals,239346866.0,13164078.0,0.055
DDD,Metavista3D Inc.,Technology,Technology,Software & IT Services,Application Software,113807930.0,41539895.0,0.365
MMET,Miata Metals Corp.,Mining,Materials,Mining,Industrial Metals,105743872.0,84595098.0,0.8
MD,Midland Exploration Inc,Mining,Materials,Mining,Industrial Metals,124802909.0,48049120.0,0.385
MMA,Midnight Sun Mining Corp,Mining,Materials,Mining,Industrial Metals,217574599.0,161005204.0,0.74
MIVO,Miivo AI Inc.,Diversified Industries,Finance,Asset Management Services,Asset Management Services,39347234.0,18099728.0,0.46
MLP,Millennial Potash Corp.,Mining,Materials,Mining,Industrial Metals,123008123.0,337042258.0,2.74
MSC,Millennium Silver Corp.,Mining,Materials,Mining,Precious Metals,436607025.0,8732141.0,0.02
MIM,MiMedia Holdings Inc.,Technology,Technology,Software & IT Services,Systems Software,100953876.0,13124004.0,0.13
MGG,Minaurum Silver Inc.,Mining,Materials,Mining,Silver,516511660.0,196274431.0,0.38
MMM,Minco Capital Corp.,Diversified Industries,Finance,Asset Management Services,Asset Management Services,43175881.0,4965227.0,0.115
MHUB,Minehub Technologies Inc.,Technology,Technology,Software & IT Services,Application Software,104396110.0,73077277.0,0.7
MNLX,Miniluxe Holding Corp.,Diversified Industries,Consumer Discretionary,Personal Services,Personal Services,86669259.0,33367665.0,0.385
MINK,Mink Ventures Corporation,Diversified Industries,Finance,Diversified Financial Services,Other Diversified Financial Services,41672296.0,4167230.0,0.1
MCI,Minnova Corp.,Mining,Materials,Mining,Gold,124648795.0,21813540.0,0.175
MSR,Minsud Resources Corp.,Mining,Materials,Mining,Industrial Metals,169267415.0,94789753.0,0.56
MRZ,Mirasol Resources Ltd.,Mining,Materials,Mining,Precious Metals,88597189.0,29680059.0,0.335
MSG,Mithril Silver and Gold Limited,Mining,Materials,Mining,Precious Metals,187487758.0,48746818.0,0.26
MKA,Mkango Resources Ltd.,Mining,Materials,Mining,Industrial Metals,388153618.0,310522895.0,0.8
MBO,Mobio Technologies Inc.,Technology,Technology,Software & IT Services,Application Software,111717284.0,10613142.0,0.095
MOG,Mogotes Metals Inc.,Mining,Materials,Mining,Industrial Metals,526721246.0,255459805.0,0.485
MOGL,Mogul Mountain Ventures Corporation,Mining,Materials,Mining,Precious Metals,70019284.0,20305593.0,0.29
MRZL,Mont Royal Resources Limited.,Mining,Materials,Mining,Industrial Metals,192493084.0,17324378.0,0.09
MON,Montero Mining and Exploration Ltd.,Mining,Materials,Mining,Industrial Metals,8353833.0,5847684.0,0.7
MMY,Monument Mining Limited,Mining,Materials,Mining,Gold,346295036.0,356683888.0,1.03
MNRG,Monumental Energy Corp.,Mining,Materials,Mining,Industrial Metals,113154533.0,10749681.0,0.095
MOO,Moon River Moly Ltd.,Mining,Materials,Mining,Industrial Metals,37542996.0,25904668.0,0.69
MOX,Morien Resources Corp.,Oil & Gas,Energy,Thermal Coal,Thermal Coal,60180889.0,11735274.0,0.195
MCC,Morocco Strategic Minerals Corporation,Mining,Materials,Mining,Industrial Metals,188000000.0,38540000.0,0.205
MUN,Mundoro Capital Inc.,Mining,Materials,Mining,Industrial Metals,112543021.0,42203633.0,0.375
MUR,Murchison Minerals Ltd.,Mining,Materials,Mining,Industrial Metals,20774745.0,3947202.0,0.19
MMX,Mustang Minerals Limited,Mining,Materials,Mining,Precious Metals,73829025.0,4429742.0,0.06
MGRO,MustGrow Biologics Corp.,Mining,Materials,Agriculture,Agricultural Supplies,70441359.0,29233164.0,0.415
NMI,Namibia Critical Metals Inc.,Mining,Materials,Mining,Industrial Metals,233586779.0,45549422.0,0.195
CTZ,Namsys Inc.,Technology,Technology,Software & IT Services,Application Software,26889432.0,30653953.0,1.14
NSCI,Nanalysis Scientific Corp.,Technology,Technology,Hardware & Equipment,Scientific & Precision Equipment,139337665.0,17417209.0,0.125
NAP,Napoleon Resources Inc.,Mining,Materials,Mining,Gold,15700000.0,1884000.0,0.12
NRC,Nations Royalty Corp.,Mining,Materials,Mining,Industrial Metals,155230637.0,190933684.0,1.23
NAV,NAVCO Pharmaceuticals Inc.,Life Sciences,Healthcare,Pharmaceuticals,Pharmaceutical Manufacturers - Specialty & Generic,57069541.0,285348.0,0.005
NBM,NEO Battery Materials Ltd.,Diversified Industries,Materials,Chemicals,Special Chemicals,154392934.0,29334658.0,0.19
NTX,NeoTerrex Minerals Inc.,Mining,Materials,Mining,Industrial Metals,82851568.0,7042384.0,0.085
NDA,Neptune Digital Assets Corp.,Diversified Industries,Finance,Capital Markets,Cryptocurrency Exchanges & Trading Platforms,128281096.0,83382713.0,0.65
NTE,Network Media Group Inc.,Diversified Industries,Media,Traditional Media,Entertainment,18974704.0,1138483.0,0.06
NPTH,Neupath Health Inc.,Life Sciences,Healthcare,Healthcare Providers & Services,Hospitals and Care Facilities,56986153.0,31342385.0,0.55
NTLX,NeuroThera Labs Inc.,Life Sciences,Healthcare,Biotechnology & Life Sciences,Biotechnology,13724464.0,46114200.0,3.36
NKG,Nevada King Gold Corp.,Mining,Materials,Mining,Industrial Metals,100366913.0,100366913.0,1.0
NVLH,Nevada Lithium Resources Inc.,Mining,Materials,Mining,Industrial Metals,259401541.0,19455116.0,0.075
NEV,Nevada Sunrise Metals Corporation,Mining,Materials,Mining,Industrial Metals,161426658.0,8878467.0,0.055
NAU,Nevgold Corp.,Mining,Materials,Mining,Precious Metals,173378488.0,234060959.0,1.35
NAM,New Age Metals Inc.,Mining,Materials,Mining,Industrial Metals,74775896.0,15702939.0,0.21
NED,New Destiny Mining Corp.,Mining,Materials,Mining,Industrial Metals,23639003.0,590976.0,0.025
ENRG,New Energy Metals Corp.,Mining,Materials,Mining,Industrial Metals,5967224.0,1790168.0,0.3
NSE,New Stratus Energy Inc.,Oil & Gas,Energy,Oil & Gas Exploration and Production,Oil & Gas Exploration and Production,136025833.0,99298859.0,0.73
NTB,New Tymbal Resources Ltd.,Mining,Materials,Mining,Industrial Metals,17941983.0,358840.0,0.02
NZ,New Zealand Energy Corp.,Oil & Gas,Energy,Oil & Gas Exploration and Production,Oil & Gas Exploration and Production,55870186.0,22348075.0,0.4
NCAU,Newcore Gold Ltd.,Mining,Materials,Mining,Gold,312695640.0,95372171.0,0.305
NWX,Newport Exploration Ltd.,Mining,Materials,Mining,Industrial Metals,105579874.0,10030089.0,0.095
NEXE,Nexe Innovations Inc.,Diversified Industries,Consumer Discretionary,Containers & Packaging,Containers & Packaging,97293297.0,12648129.0,0.13
NXG,NexgenRx Inc.,Life Sciences,Healthcare,Healthcare Providers & Services,Healthcare Information Services,71117132.0,44803794.0,0.63
NEXG,NeXGold Mining Corp.,Mining,Materials,Mining,Gold,255942430.0,394151343.0,1.54
NXLV,NexLiving Communities Inc.,Diversified Industries,Real Estate,Real Estate,Real Estate Development,32303816.0,74298777.0,2.3
NEXM,NexMetals Mining Corp.,Mining,Materials,Mining,Industrial Metals,35648164.0,116213015.0,3.26
NXH,Next Hydrogen Solutions Inc.,Diversified Industries,Industrials,Industrial Goods,Specialized Industrial Machinery,69312949.0,34309910.0,0.495
NPV,Next Phase Ventures Ltd.,Mining,Materials,Agriculture,Agricultural Supplies,111979019.0,1119791.0,0.01
NXS,Nexus Gold Corp.,Mining,Materials,Mining,Gold,24005125.0,3480744.0,0.145
NICE,Ni-Co Energy inc.,Mining,Materials,Mining,Industrial Metals,71228583.0,34902006.0,0.49
NICN,NICAN Limited,Mining,Materials,Mining,Industrial Metals,132734902.0,11946142.0,0.09
NKL,Nickel 28 Capital Corp.,Mining,Materials,Mining,Industrial Metals,85839121.0,100431772.0,1.17
NCP,Nickel Creek Platinum Corp.,Mining,Materials,Mining,Industrial Metals,7050820.0,12197919.0,1.73
NNX,Nickel North Exploration Corp.,Mining,Materials,Mining,Industrial Metals,235071862.0,5876797.0,0.025
NIM,Nicola Mining Inc.,Mining,Materials,Mining,Industrial Metals,229525709.0,179030054.0,0.78
NIO,Nio Strategic Metals Inc.,Mining,Materials,Mining,Industrial Metals,143256625.0,19339645.0,0.135
NBY,Niobay Metals Inc.,Mining,Materials,Mining,Industrial Metals,188058682.0,14104402.0,0.075
NOAL,NOA Lithium Brines Inc.,Mining,Materials,Mining,Industrial Metals,284186426.0,56837286.0,0.2
NBLC,Nobel Resources Corp.,Mining,Materials,Mining,Industrial Metals,209398784.0,4187976.0,0.02
NOB,Noble Mineral Exploration Inc.,Mining,Materials,Mining,Industrial Metals,264233467.0,14532841.0,0.055
NOBL,Noble Plains Uranium Corp.,CleanTech,Energy,Other Energy Sources,Uranium,87931808.0,10112158.0,0.115
NRM,Noram Lithium Corp.,Mining,Materials,Mining,Industrial Metals,100127611.0,7008933.0,0.07
NTH,Nord Precious Metals Mining Inc.,Mining,Materials,Mining,Industrial Metals,137629089.0,23396946.0,0.17
NQC,Nordique Critical Metals Inc.,Mining,Materials,Mining,Industrial Metals,546822265.0,32809336.0,0.06
VKG,Norse Gold Corp.,Mining,Materials,Mining,Gold,52422073.0,3669546.0,0.07
NVT,Nortec Minerals Corp.,Mining,Materials,Mining,Industrial Metals,71997985.0,2519930.0,0.035
NAR,North Arrow Minerals Inc.,Mining,Materials,Mining,Precious Metals,45993849.0,11498463.0,0.25
NPR,North Peak Resources Ltd.,Mining,Materials,Mining,Gold,48728642.0,33135477.0,0.68
NSU,North Shore Uranium Ltd.,CleanTech,Energy,Other Energy Sources,Uranium,88908730.0,16892659.0,0.19
NGC,Northern Graphite Corporation,Mining,Materials,Mining,Industrial Metals,166013668.0,17431436.0,0.105
NL,Northern Lion Gold Corp.,Mining,Materials,Mining,Gold,13612600.0,3539276.0,0.26
NRN,Northern Shield Resources Inc.,Mining,Materials,Mining,Industrial Metals,153442268.0,6904903.0,0.045
NCX,NorthIsle Copper and Gold Inc.,Mining,Materials,Mining,Copper,333574651.0,1484407197.0,4.45
NMB,NorthMin Corporation,Mining,Materials,Mining,Industrial Metals,52785000.0,28503901.0,0.54
ROOF,Northstar Clean Technologies Inc.,Diversified Industries,Industrials,Waste Management,Waste Management,166172897.0,28249393.0,0.17
NWST,Northwest Copper Corp.,Mining,Materials,Mining,Industrial Metals,269773540.0,97118475.0,0.36
NLH,Nova Leap Health Corp.,Life Sciences,Healthcare,Healthcare Providers & Services,Hospitals and Care Facilities,87314252.0,49769124.0,0.57
NVI,Novra Technologies Inc.,Technology,Technology,Hardware & Equipment,Communications Equipment,37423237.0,3929440.0,0.105
NOW,NowVertical Group Inc.,Technology,Technology,Software & IT Services,Systems Software,95438135.0,13361339.0,0.14
NCI,NTG Clarity Networks Inc.,Technology,Technology,Software & IT Services,IT Services,48003703.0,20881611.0,0.435
NBVA,Nubeva Technologies Ltd.,Technology,Technology,Software & IT Services,Systems Software,70173783.0,12982150.0,0.185
NGMD,Nugen Medical Devices Inc.,Life Sciences,Healthcare,Medical Equipment & Supplies,Surgical & Medical Apparatus,227035682.0,3405536.0,0.015
NUG,NuLegacy Gold Corporation,Mining,Materials,Mining,Gold,2895097.0,810628.0,0.28
NRX,NurExone Biologic Inc.,Life Sciences,Healthcare,Biotechnology & Life Sciences,Biotechnology,94458421.0,57619637.0,0.61
NMC,Nuvau Minerals Inc.,Mining,Materials,Mining,Industrial Metals,87343174.0,43671587.0,0.5
NVX,NV Gold Corporation,Mining,Materials,Mining,Gold,29506217.0,16228420.0,0.55
NVRO,NVRO Metals Limited,Mining,Materials,Mining,Precious Metals,533524155.0,93366728.0,0.175
OCAL,OCAL Financial Inc.,Diversified Industries,Finance,Credit Finance,Business Credit Services,36667803.0,4033459.0,0.11
FEO,Oceanic Iron Ore Corp,Mining,Materials,Mining,Industrial Metals,261510756.0,209208605.0,0.8
OVT,Oculus Inc.,Technology,Technology,Software & IT Services,Systems Software,91422569.0,3656903.0,0.04
OTC,Ocumetics Technology Corp.,Life Sciences,Healthcare,Medical Equipment & Supplies,Medical  Supplies,142187431.0,71093716.0,0.5
OC,Olive Resource Capital Inc.,Mining,Materials,Mining,Industrial Metals,107207209.0,12328830.0,0.115
OLV,Olivut Resources Ltd.,Mining,Materials,Mining,Precious Metals,82403111.0,4120156.0,0.05
OMG,Omai Gold Mines Corp.,Mining,Materials,Mining,Gold,676370542.0,1832964169.0,2.71
OMM,Omineca Mining and Metals Ltd.,Mining,Materials,Mining,Gold,267710847.0,14724097.0,0.055
OML,Omni-Lite Industries Canada Inc.,Diversified Industries,Industrials,Industrial Goods,Metal Fabricated Products,15477564.0,43337180.0,2.8
OBUL,One Bullion Limited,Mining,Materials,Mining,Gold,19727393.0,8877327.0,0.45
ONAU,OnGold Resources Ltd.,Mining,Materials,Mining,Gold,73963411.0,66567070.0,0.9
OGW,Ongwe Minerals Inc.,Mining,Materials,Mining,Gold,59626823.0,80496212.0,1.35
ONYX,Onyx Gold Corp.,Mining,Materials,Mining,Gold,88373717.0,144932896.0,1.64
OPW,Opawica Explorations Inc.,Mining,Materials,Mining,Gold,56773097.0,7948234.0,0.14
OPHR,Ophir Metals Corp.,Mining,Materials,Mining,Industrial Metals,99886161.0,3496016.0,0.035
OOR,Opus One Gold Corporation,Mining,Materials,Mining,Gold,273000000.0,13650000.0,0.05
ORCL,Oracle Commodity Holding Corp.,Diversified Industries,Finance,Asset Management Services,Asset Management Services,103913540.0,3117407.0,0.03
OCI,Orecap Invest Corp.,Mining,Materials,Mining,Gold,248334796.0,44700264.0,0.18
ORS,Orestone Mining Corp.,Mining,Materials,Mining,Industrial Metals,107334563.0,8586766.0,0.08
OTMC,Oreterra Metals Corp.,Mining,Materials,Mining,Gold,53477542.0,23262731.0,0.435
REX,Orex Minerals Inc.,Mining,Materials,Mining,Precious Metals,70590195.0,15529843.0,0.22
OGO,Organto Foods Inc.,Diversified Industries,Consumer Staples,Retailers - Staples,Food Distributors,149496912.0,73253487.0,0.49
OCO,Oroco Resource Corp,Mining,Materials,Mining,Industrial Metals,325954143.0,153198448.0,0.47
OGN,Orogen Royalties Inc.,Mining,Materials,Mining,Gold,59376592.0,304008152.0,5.12
OMI,Orosur Mining Inc.,Mining,Materials,Mining,Gold,401005074.0,112281421.0,0.28
OSM,Osiris One Metals Ltd.,Mining,Materials,Mining,Industrial Metals,104018637.0,3120560.0,0.03
OGG,Osisko Gold Group Inc.,Mining,Materials,Mining,Gold,305837837.0,1244759997.0,4.07
COO,Ostrom Climate Solutions Inc.,Diversified Industries,Industrials,Corporate Services,Research & Consulting Services,114091113.0,3422734.0,0.03
OAM,OverActive Media Corp.,Diversified Industries,Media,Traditional Media,Entertainment,130229271.0,14325220.0,0.11
PGLD,P2 Gold Inc.,Mining,Materials,Mining,Precious Metals,291417079.0,370099691.0,1.27
PBM,Pacific Bay Minerals Ltd.,Mining,Materials,Mining,Precious Metals,36467585.0,1458704.0,0.04
BKM,Pacific Booker Minerals Inc.,Mining,Materials,Mining,Industrial Metals,19085435.0,53439218.0,2.8
PEMC,Pacific Empire Minerals Corp.,Mining,Materials,Mining,Industrial Metals,303311970.0,19715279.0,0.065
PPM,Pacific Imperial Mines Inc.,Mining,Materials,Mining,Gold,82760374.0,1241406.0,0.015
PEX,Pacific Ridge Exploration Ltd.,Mining,Materials,Mining,Precious Metals,97275424.0,22373348.0,0.23
PA,Palamina Corp.,Mining,Materials,Mining,Gold,93234836.0,13985226.0,0.15
PALI,Palisades Goldcorp Ltd. ,Mining,Materials,Mining,Gold,71202974.0,420097547.0,5.9
PGZ,Pan Global Resources Inc.,Mining,Materials,Mining,Industrial Metals,409626156.0,67588316.0,0.165
PML,Panoro Minerals Ltd.,Mining,Materials,Mining,Copper,309022256.0,582506953.0,1.885
PNTR,Pantera Silver Corp.,Mining,Materials,Mining,Precious Metals,78938222.0,39469111.0,0.5
PDQ,Paradigm Gold Corporation,Mining,Materials,Mining,Industrial Metals,17581543.0,1670247.0,0.095
PALS,Paragon Advanced Labs Inc.,Technology,Technology,Hardware & Equipment,Scientific & Precision Equipment,32736522.0,103447410.0,3.16
PKT,Parkit Enterprise Inc.,Diversified Industries,Real Estate,Real Estate,Real Estate Services,13830291.0,114099901.0,8.25
PVIS,Parvis Invest Inc.,Diversified Industries,Finance,Asset Management Services,Asset Management Services,35115057.0,9481066.0,0.27
PGDC,Patagonia Gold Corp.,Mining,Materials,Mining,Precious Metals,469751486.0,258363318.0,0.55
PAT,Patterson Metals Corp.,CleanTech,Energy,Other Energy Sources,Uranium,1015819.0,2742712.0,2.7
PCU,Pecoy Copper Corp.,Mining,Materials,Mining,Industrial Metals,209488853.0,333087277.0,1.59
PX,Pelangio Exploration Inc.,Mining,Materials,Mining,Industrial Metals,251663045.0,42782718.0,0.17
PTF,Pender Growth Fund Inc.,Diversified Industries,Finance,Asset Management Services,Asset Management Services,6881121.0,103216815.0,15.0
PINK,"Perimeter Medical Imaging AI, Inc.",Life Sciences,Healthcare,Medical Equipment & Supplies,Surgical & Medical Apparatus,153000000.0,45900000.0,0.3
PMI,Perseverance Metals Inc.,Mining,Materials,Mining,Industrial Metals,38609710.0,20077050.0,0.52
PER,Peruvian Metals Corp.,Mining,Materials,Mining,Industrial Metals,147961825.0,23673892.0,0.16
PESO,Pesorama Inc.,Diversified Industries,Consumer Staples,Retailers - Staples,Hypermarkets & Discount Stores,208388665.0,106278220.0,0.51
VRY,Petro-Victory Energy Corp.,Oil & Gas,Energy,Oil & Gas Exploration and Production,Oil & Gas Exploration and Production,32729703.0,16364852.0,0.5
PCQ,Petrolympic Ltd,Oil & Gas,Energy,Oil & Gas Exploration and Production,Oil & Gas Exploration and Production,141889927.0,15607892.0,0.11
PTC,Petrox Resources Corp.,Oil & Gas,Energy,Oil & Gas Exploration and Production,Oil & Gas Exploration and Production,5513226.0,799418.0,0.145
PCLO,Pharmacielo Ltd.,Life Sciences,Healthcare,Pharmaceuticals,Pharmaceutical Manufacturers - Cannabis,211283630.0,12677018.0,0.06
PCRX,PharmaCorp Rx Inc.,Life Sciences,Healthcare,Healthcare Providers & Services,Drug and Proprietary Stores,196980859.0,90611196.0,0.46
PHNM,Phenom Resources Corp.,Mining,Materials,Mining,Gold,136835004.0,49260602.0,0.36
PINN,Pinnacle Silver and Gold Corp.,Mining,Materials,Mining,Gold,152759758.0,16039775.0,0.105
PTE,Pioneering Technology Corp,Diversified Industries,Industrials,Corporate Services,Security Services,56041746.0,840627.0,0.015
YARR,Pirate Gold Corp.,Mining,Materials,Mining,Gold,507081419.0,101416284.0,0.2
PVT,Pivotree Inc.,Technology,Technology,Software & IT Services,IT Services,26311639.0,32100200.0,1.22
PJX,PJX Resources Inc.,Mining,Materials,Mining,Industrial Metals,217351528.0,40210033.0,0.185
PTFY,"Plantify Foods, Inc.",Diversified Industries,Consumer Staples,Consumer Products - Foods,Agricultural Food Products,34133155.0,2901319.0,0.085
PURO,Platauro Metals Corp.,Mining,Materials,Mining,Precious Metals,76872327.0,15374466.0,0.2
PGC,Plato Gold Corp.,Mining,Materials,Mining,Gold,230665717.0,6919972.0,0.03
PLY,Playfair Mining Ltd.,Mining,Materials,Mining,Industrial Metals,88503395.0,5310204.0,0.06
DEAL,Playgon Games Inc.,Technology,Technology,Software & IT Services,Application Software,563649151.0,2818246.0,0.005
PLUR,Plurilock Security Inc.,Technology,Technology,Software & IT Services,Systems Software,112363668.0,16292732.0,0.145
POND,Pond Technologies Holdings Inc.,Diversified Industries,Consumer Staples,Consumer Products - Foods,Agricultural Food Products,85592225.0,855923.0,0.01
POOL,Pool Safe Inc.,Diversified Industries,Consumer Discretionary,"Hotels, Lodging & Leisure",Leisure,17180553.0,2061667.0,0.12
PGP,Power Group Projects Corp.,Mining,Materials,Mining,Industrial Metals,16956057.0,339122.0,0.02
PNPN,Power Metallic Mines Inc.,Mining,Materials,Mining,Industrial Metals,260404489.0,341129881.0,1.31
PWM,Power Metals Corp.,Mining,Materials,Mining,Industrial Metals,174512030.0,90746256.0,0.52
PWRO,Power One Resources Corp.,Mining,Materials,Mining,Industrial Metals,33218592.0,996558.0,0.03
PPX,PPX Mining Corp.,Mining,Materials,Mining,Precious Metals,906360109.0,240185429.0,0.265
PRG,Precipitate Gold Corp.,Mining,Materials,Mining,Gold,193566808.0,33874192.0,0.175
PUR,Premier American Uranium Inc.,CleanTech,Energy,Other Energy Sources,Uranium,95641576.0,58341362.0,0.61
HDRO,Primary Hydrogen Corp.,Mining,Materials,Mining,Industrial Metals,7418711.0,9644325.0,1.3
PTEC,Principal Technologies Inc.,Life Sciences,Healthcare,Healthcare Providers & Services,Healthcare Information Services,60263482.0,20489584.0,0.34
PMX,ProAm Explorations Corporation,Oil & Gas,Energy,Oil & Gas Exploration and Production,Oil & Gas Exploration and Production,22173131.0,3215104.0,0.145
PLAN,Progressive Planet Solutions Inc.,Mining,Materials,Mining,Industrial Metals,110891943.0,38812181.0,0.35
MKT,Prospect Prediction Markets Inc.,Technology,Technology,Software & IT Services,Systems Software,70409557.0,23587202.0,0.335
PSVA,Prospectiva Resources Ltd.,Diversified Industries,,,,25936350.0,16339901.0,0.63
PPP,Prospector Metals Corp.,Mining,Materials,Mining,Gold,159983115.0,148784297.0,0.93
PGX,Prosper Gold Corp.,Mining,Materials,Mining,Industrial Metals,62007385.0,2170259.0,0.035
PEI,Prospera Energy Inc.,Oil & Gas,Energy,Oil & Gas Exploration and Production,Oil & Gas Exploration and Production,608988170.0,18269646.0,0.03
MAPS,ProStar Holdings Inc.,Technology,Technology,Software & IT Services,Application Software,161503100.0,27455528.0,0.17
PHD,Providence Gold Mines Inc.,Mining,Materials,Mining,Gold,70850732.0,2834030.0,0.04
PTX,PTX Metals Inc.,Mining,Materials,Mining,Gold,174140430.0,15672639.0,0.09
PLSR,Pulsar Helium Inc.,Mining,Materials,Mining,Industrial Metals,214240659.0,280655264.0,1.31
PUL,Pulse Oil Corp.,Oil & Gas,Energy,Oil & Gas Exploration and Production,Oil & Gas Exploration and Production,623465656.0,6234657.0,0.01
PUMA,Puma Exploration Inc.,Mining,Materials,Mining,Gold,202015029.0,25251879.0,0.125
PE,Pure Energy Minerals Limited,Mining,Materials,Mining,Industrial Metals,35167983.0,10022876.0,0.285
BRED,Purebread Brands Inc.,Diversified Industries,Consumer Discretionary,Restaurants & Bars,Restaurants & Bars,43768149.0,5252178.0,0.12
PTU,Purepoint Uranium Group Inc.,CleanTech,Energy,Other Energy Sources,Uranium,79376109.0,28972280.0,0.365
QGR,Q-Gold Resources Ltd.,Mining,Materials,Mining,Precious Metals,194055890.0,42692296.0,0.22
QTWO,Q2 Metals Corp.,Mining,Materials,Mining,Industrial Metals,215655744.0,614618871.0,2.85
QMC,QMC Quantum Minerals Corp,Mining,Materials,Mining,Industrial Metals,104080824.0,3642829.0,0.035
QRO,Quadro Resources Ltd.,Mining,Materials,Mining,Gold,35725862.0,1607664.0,0.045
LEAP,Quantum Critical Metals Corp.,Mining,Materials,Mining,Industrial Metals,119897875.0,7793362.0,0.065
QNC,Quantum Emotion Corp.,Technology,Technology,Semiconductors and Equipment,Semiconductors,219419670.0,520024618.0,2.37
QZM,Quartz Mountain Resources Ltd.,Mining,Materials,Mining,Industrial Metals,74563883.0,32062470.0,0.43
QPT,Quest Pharmatech Inc.,Life Sciences,Healthcare,Biotechnology & Life Sciences,Biotechnology,169129247.0,3382585.0,0.02
QST,Questor Technology Inc.,Diversified Industries,Industrials,Industrial Goods,Waste & Pollution Control,27773123.0,9442862.0,0.34
QURI,Quri-Mayu Developments Ltd.,Mining,Materials,Mining,Industrial Metals,84502065.0,4647614.0,0.055
QYOU,Qyou Media Inc.,Diversified Industries,Media,Traditional Media,Entertainment,51903674.0,16090139.0,0.31
RAK,Rackla Metals Inc.,Mining,Materials,Mining,Gold,182449947.0,45612487.0,0.25
RDS,Radisson Mining Resources Inc.,Mining,Materials,Mining,Gold,457687123.0,565243597.0,1.235
RDU,Radius Gold Inc.,Mining,Materials,Mining,Gold,115754251.0,19678223.0,0.17
RMO,Rainy Mountain Royalty Corp.,Mining,Materials,Mining,Industrial Metals,26250178.0,2100015.0,0.08
RKV,Rakovina Therapeutics Inc.,Life Sciences,Healthcare,Biotechnology & Life Sciences,Biotechnology,24413627.0,5370998.0,0.22
RAMP,Ramp Metals Inc.,Mining,Materials,Mining,Gold,45789305.0,13049952.0,0.285
RNCH,Ranchero Gold Corp.,Mining,Materials,Mining,Gold,70628988.0,2472015.0,0.035
RTH,Rathdowney Resources Ltd.,Mining,Materials,Mining,Industrial Metals,254427450.0,10177098.0,0.04
RE,RE Royalties Ltd.,CleanTech,Energy,Renewable Energy Producers,Diversified Renewable Energy,43521967.0,16755958.0,0.385
XBOT,Realbotix Corp.,Technology,Technology,Hardware & Equipment,Computer Hardware & Peripheral Equipment,219938433.0,62682454.0,0.285
RGI,Reco International Group Inc.,Diversified Industries,Industrials,Construction,Engineering & Construction Services,49635635.0,496357.0,0.01
RECO,Reconnaissance Energy Africa Ltd.,Oil & Gas,Energy,Oil & Gas Exploration and Production,Oil & Gas Exploration and Production,386030450.0,250919793.0,0.65
REC,Record Resources Inc.,Oil & Gas,Energy,Oil & Gas Exploration and Production,Oil & Gas Exploration and Production,152896518.0,9173792.0,0.06
AMY,RecycLiCo Battery Materials Inc.,Mining,Materials,Mining,Industrial Metals,258994127.0,14244677.0,0.055
RFX,Reeflex Solutions Inc.,Oil & Gas,Energy,Oil & Gas Equipment & Services,Oil & Gas Equipment & Services,46901500.0,9380300.0,0.2
REE,ReeXploration Inc.,Mining,Materials,Mining,Industrial Metals,135229107.0,4733019.0,0.035
GIII,ReGen III Corp.,Oil & Gas,Energy,Oil & Gas Refining & Marketing,Oil & Gas Refining & Marketing,154722685.0,27850084.0,0.18
RSMX,Regency Silver Corp.,Mining,Materials,Mining,Silver,138026099.0,14492741.0,0.105
RPP,Regent Pacific Properties Inc,Diversified Industries,Real Estate,Real Estate,Real Estate Services,40039000.0,1201170.0,0.03
REG,Regulus Resources Inc.,Mining,Materials,Mining,Industrial Metals,125683393.0,637214803.0,5.07
RET,Reitmans (Canada) Limited,Diversified Industries,Consumer Discretionary,Retail - Discretionary,Apparel Retail & Accessories,13440000.0,30912000.0,2.3
RET.A,Reitmans (Canada) Limited Cl A,Diversified Industries,Consumer Discretionary,Retail - Discretionary,Apparel Retail & Accessories,13440000.0,30912000.0,2.3
MYID,Reklaim Ltd.,Technology,Technology,Software & IT Services,Application Software,130535809.0,28065199.0,0.215
REKO,Reko International Group Inc,Diversified Industries,Industrials,Industrial Machinery,Industrial Automation & Robotics,5484313.0,24679409.0,4.5
RGC,Relevant Gold Corp.,Mining,Materials,Mining,Gold,147140107.0,52234738.0,0.355
RAGE,Renegade Gold Inc.,Mining,Materials,Mining,Gold,42080288.0,14728101.0,0.35
RW,RenoWorks Software Inc,Technology,Technology,Software & IT Services,Application Software,40934634.0,9414966.0,0.23
RSS,Resaas Services Inc.,Technology,Technology,Software & IT Services,Application Software,84037002.0,40337761.0,0.48
RSM,Resouro Strategic Metals Inc.,Mining,Materials,Mining,Gold,108010049.0,25922412.0,0.24
REH,Responsible Energy Corporation,Diversified Industries,Industrials,Industrial Goods,Waste & Pollution Control,59706495.0,68662470.0,1.15
REVX,Rev Exploration Corp.,Mining,Materials,Mining,Gold,60360966.0,102613643.0,1.7
RVG,Revival Gold Inc.,Mining,Materials,Mining,Gold,319440099.0,293884892.0,0.92
OWN,Rex Resources Corp.,Mining,Materials,Mining,Industrial Metals,18173095.0,1362983.0,0.075
RMD,Richmond Minerals Inc.,Mining,Materials,Mining,Precious Metals,36213387.0,3259205.0,0.09
RDG,Ridgeline Minerals Corp.,Mining,Materials,Mining,Gold,144204267.0,35330046.0,0.245
RMI,Ridgestone Mining Inc.,Mining,Materials,Mining,Industrial Metals,15551235.0,1866149.0,0.12
RLYG,Riley Gold Corp.,Mining,Materials,Mining,Precious Metals,48860281.0,37622417.0,0.77
RYO,Rio Silver Inc.,Mining,Materials,Mining,Industrial Metals,60257201.0,22596451.0,0.375
RRRL,River Road Resources Ltd.,Mining,Materials,Mining,Industrial Metals,11483334.0,1722501.0,0.15
RRI,Riverside Resources Inc.,Mining,Materials,Mining,Precious Metals,93723464.0,40301090.0,0.43
RIWI,RIWI Corp.,Technology,Technology,Software & IT Services,Application Software,26726648.0,3608098.0,0.135
ROB,Robinson Energy Limited,Oil & Gas,Energy,Oil & Gas Exploration and Production,Oil & Gas Exploration and Production,1733375.0,6933500.0,4.0
RCT,Rochester Resources Ltd.,Mining,Materials,Mining,Gold,48044125.0,10569708.0,0.22
RCK,Rock Tech Lithium Inc.,Mining,Materials,Mining,Industrial Metals,120117631.0,79277637.0,0.66
RK,Rockhaven Resources Ltd,Mining,Materials,Mining,Precious Metals,292803137.0,54168581.0,0.185
RUM,Rocky Mountain Liquor Inc.,Diversified Industries,Consumer Discretionary,Retail - Discretionary,Specialty Retailers,47827775.0,3347945.0,0.07
ROK,ROK Resources Inc.,Oil & Gas,Energy,Oil & Gas Exploration and Production,Oil & Gas Exploration and Production,218830480.0,88626345.0,0.405
RKR,Rokmaster Resources Corp.,Mining,Materials,Mining,Industrial Metals,199340478.0,7973620.0,0.04
RME,Roland Mineral Enterprises Corp.,Mining,Materials,Mining,Industrial Metals,159314162.0,37438829.0,0.235
ROS,Roscan Gold Corporation,Mining,Materials,Mining,Gold,438514705.0,92088089.0,0.21
RTE,Route 109 Resources Inc.,Mining,Materials,Mining,Gold,16759889.0,1340792.0,0.08
ROI,Route1 Inc.,Technology,Technology,Software & IT Services,Application Software,46873821.0,5624859.0,0.12
RYR,Royal Road Minerals Limited,Mining,Materials,Mining,Gold,331243324.0,66248665.0,0.2
RPX,RPX Gold Inc.,Mining,Materials,Mining,Gold,445990025.0,80278205.0,0.18
RTM,RT Minerals Corp.,Mining,Materials,Mining,Industrial Metals,11463175.0,401212.0,0.035
ROMJ,Rubicon Organics Inc.,Life Sciences,Healthcare,Pharmaceuticals,Pharmaceutical Manufacturers - Cannabis,67578916.0,33113669.0,0.49
RMB,Rumbu Holdings Ltd.,Diversified Industries,Consumer Discretionary,Personal Services,Personal Services,12782500.0,8819925.0,0.69
RML,Rusoro Mining Ltd,Mining,Materials,Mining,Gold,635174423.0,749505820.0,1.18
RZL,RZOLV Technologies Inc.,Diversified Industries,Materials,Chemicals,Special Chemicals,62270870.0,19926679.0,0.32
SBIO,Sabio Holdings Inc.,Diversified Industries,Media,Interactive Multi-Media,Online Content & Information,50989645.0,6118758.0,0.12
SAE,Sable Resources Ltd.,Mining,Materials,Mining,Precious Metals,32023156.0,16331810.0,0.51
SF,Safi Silver Corp.,Mining,Materials,Mining,Silver,55889081.0,17046170.0,0.305
SAGA,Saga Metals Corp.,Mining,Materials,Mining,Industrial Metals,107947758.0,52354663.0,0.485
SAGE,Sage Potash Corp.,Mining,Materials,Mining,Industrial Metals,171238633.0,24829602.0,0.145
FISH,Sailfish Royalty Corp.,Mining,Materials,Mining,Gold,78261195.0,441393140.0,5.64
SRL,Salazar Resources Limited,Mining,Materials,Mining,Industrial Metals,265083597.0,98080931.0,0.37
SCAI,SalesCloser Technologies Ltd.,Technology,Technology,Software & IT Services,Application Software,36187549.0,27140662.0,0.75
SME,Sama Resources Inc.,Mining,Materials,Mining,Industrial Metals,220068440.0,35210951.0,0.16
SLG,San Lorenzo Gold Corp.,Mining,Materials,Mining,Industrial Metals,108665347.0,655252043.0,6.03
SFR,Sandfire Resources America Inc.,Mining,Materials,Mining,Industrial Metals,1023352794.0,225137615.0,0.22
SCZ,Santacruz Silver Mining Ltd.,Mining,Materials,Mining,Industrial Metals,92490699.0,1290245252.0,13.95
SWA,Sarama Resources Ltd.,Mining,Materials,Mining,Gold,503591948.0,17625719.0,0.035
SATO,SATO Technologies Corp.,Diversified Industries,Finance,Capital Markets,Cryptocurrency Exchanges & Trading Platforms,90050785.0,8554825.0,0.095
SCD,Scandium Canada Ltd.,Mining,Materials,Mining,Industrial Metals,508594836.0,94090045.0,0.185
SCY,Scandium International Mining Corp.,Mining,Materials,Mining,Industrial Metals,358660813.0,59179035.0,0.165
SGLD,Scorpio Gold Corporation,Mining,Materials,Mining,Gold,346164194.0,119426647.0,0.345
SCOT,Scottie Resources Corp.,Mining,Materials,Mining,Precious Metals,77182008.0,231546024.0,3.0
SMY,Search Minerals Inc.,Mining,Materials,Mining,Industrial Metals,48165288.0,11078017.0,0.23
SCLT,Searchlight Resources Inc.,Mining,Materials,Mining,Industrial Metals,43111888.0,4526749.0,0.105
ID,Secure Blockchain Development Corp.,Technology,Technology,Software & IT Services,Application Software,32590480.0,6518096.0,0.2
SEGN,Seegnal Inc.,Life Sciences,Healthcare,Healthcare Providers & Services,Healthcare Information Services,46805531.0,13105549.0,0.28
SGZ,Sego Resources Inc,Mining,Materials,Mining,Industrial Metals,235216316.0,9408653.0,0.04
SCMI,Selkirk Copper Mines Inc.,Mining,Materials,Mining,Industrial Metals,132483571.0,239132846.0,1.805
SEND,Sendero Resources Corp.,Mining,Materials,Mining,Industrial Metals,26549623.0,21505195.0,0.81
SEVA,Seva Mining Corp.,Mining,Materials,Mining,Gold,171955285.0,75660326.0,0.44
SHRX,Sharp Therapeutics Corp.,Life Sciences,Healthcare,Biotechnology & Life Sciences,Biotechnology,31575700.0,28733887.0,0.91
SHRP,Sherpa II Holdings Corp.,Diversified Industries,Finance,Diversified Financial Services,Other Diversified Financial Services,27578585.0,1930501.0,0.07
SIEN,Sienna Resources Inc.,Mining,Materials,Mining,Industrial Metals,45895390.0,3901109.0,0.085
SM,Sierra Madre Gold and Silver Ltd.,Mining,Materials,Mining,Gold,258783969.0,403702992.0,1.56
SGML,Sigma Lithium Corporation,Mining,Materials,Mining,Industrial Metals,112568313.0,1673890815.0,14.87
SGU,Signature Resources Ltd.,Mining,Materials,Mining,Gold,260046127.0,9101615.0,0.035
SBMI,Silver Bullet Mines Corp.,Mining,Materials,Mining,Precious Metals,148907895.0,20847106.0,0.14
SVG,Silver Grail Resources Ltd.,Mining,Materials,Mining,Precious Metals,43676622.0,7206643.0,0.165
SNAG,Silver North Resources Ltd.,Mining,Materials,Mining,Precious Metals,107995873.0,29158886.0,0.27
SVE,Silver One Resources Inc.,Mining,Materials,Mining,Silver,352647340.0,179850144.0,0.51
SPD,Silver Predator Corp.,Mining,Materials,Mining,Silver,35390745.0,3008214.0,0.085
SNG,Silver Range Resources Ltd.,Mining,Materials,Mining,Precious Metals,99055129.0,12381892.0,0.125
SSE,Silver Spruce Resources Inc.,Mining,Materials,Mining,Industrial Metals,35681607.0,3032937.0,0.085
SVRS,Silver Storm Mining Ltd.,Mining,Materials,Mining,Silver,870355074.0,448232864.0,0.515
SILV,Silver Valley Metals Corp.,Mining,Materials,Mining,Industrial Metals,35957438.0,5213829.0,0.145
VIPR,Silver Viper Minerals Corp.,Mining,Materials,Mining,Precious Metals,120000000.0,58200000.0,0.485
SWLF,Silver Wolf Exploration Ltd.,Mining,Materials,Mining,Precious Metals,62177286.0,6839502.0,0.11
AGX,Silver X Mining Corp.,Mining,Materials,Mining,Industrial Metals,286736745.0,266665173.0,0.93
AGA,Silver47 Exploration Corp.,Mining,Materials,Mining,Precious Metals,209458355.0,163377517.0,0.78
SICO,Silverco Mining Ltd.,Mining,Materials,Mining,Copper,54799406.0,558953942.0,10.2
HASH,Simply Solventless Concentrates Ltd.,Life Sciences,Healthcare,Pharmaceuticals,Pharmaceutical Manufacturers - Specialty & Generic,115502799.0,6352654.0,0.055
SEI,Sintana Energy Inc.,Oil & Gas,Energy,Oil & Gas Exploration and Production,Oil & Gas Exploration and Production,559127494.0,223650998.0,0.4
SOI,Sirios Resources Inc.,Mining,Materials,Mining,Gold,671818910.0,137722877.0,0.205
SIG,Sitka Gold Corp.,Mining,Materials,Mining,Gold,423329680.0,448729461.0,1.06
SKEL,Skeleton Coast Uranium Corp.,Mining,Materials,Mining,Industrial Metals,47640184.0,6431425.0,0.135
SKRR,SKRR Exploration Inc.,Mining,Materials,Mining,Industrial Metals,17250207.0,4312552.0,0.25
SKYG,Sky Gold Corp.,Mining,Materials,Mining,Industrial Metals,97172191.0,2915166.0,0.03
SYH,Skyharbour Resources Ltd.,Mining,Materials,Mining,Industrial Metals,221148210.0,108362623.0,0.49
SXL,SLAM Exploration Ltd,Mining,Materials,Mining,Gold,159312530.0,9558752.0,0.06
SSX,Sleeping Giant Capital Corp.,Diversified Industries,Finance,Diversified Financial Services,Other Diversified Financial Services,12795999.0,1087660.0,0.085
SMWE,Smartwell Technology Corp.,Technology,Technology,Software & IT Services,Application Software,117477500.0,15859463.0,0.135
SMRV,Smooth Rock Ventures Corp.,Mining,Materials,Mining,Industrial Metals,19609087.0,3333545.0,0.17
SPN,Snipp Interactive Inc.,Diversified Industries,Media,Traditional Media,Marketing & Advertising Agencies,287113829.0,11484554.0,0.04
SGC,Solstice Gold Corp.,Mining,Materials,Mining,Gold,262482143.0,28873036.0,0.11
SOMA,Soma Gold Corp.,Mining,Materials,Mining,Gold,151889683.0,107841675.0,0.71
SNV,Sonoro Energy Ltd.,Oil & Gas,Energy,Oil & Gas Exploration and Production,Oil & Gas Exploration and Production,240392602.0,5408834.0,0.0225
SGO,Sonoro Gold Corp.,Mining,Materials,Mining,Precious Metals,432141555.0,90749727.0,0.21
SRR,Source Rock Royalties Ltd.,Oil & Gas,Energy,Oil & Gas Storage/Transport,Oil & Gas Storage/Transport,45231645.0,46588595.0,1.03
SAO,South Atlantic Gold Inc.,Mining,Materials,Mining,Industrial Metals,209073166.0,14635122.0,0.07
SPMC,South Pacific Metals Corp.,Mining,Materials,Mining,Gold,69709355.0,63435514.0,0.91
STS,South Star Battery Metals Corp.,Mining,Materials,Mining,Industrial Metals,141900511.0,34765626.0,0.245
SMP,Southern Empire Resources Corp.,Mining,Materials,Mining,Gold,101000000.0,6060000.0,0.06
SOU,Southern Energy Corp.,Oil & Gas,Energy,Oil & Gas Exploration and Production,Oil & Gas Exploration and Production,339071672.0,23735018.0,0.07
SSV,Southern Silver Exploration Corp,Mining,Materials,Mining,Precious Metals,414758258.0,269592868.0,0.65
SGQ,SouthGobi Resources Ltd.,Oil & Gas,Energy,Thermal Coal,Thermal Coal,370549288.0,148219716.0,0.4
SML,Southstone Minerals Limited,Mining,Materials,Mining,Precious Metals,32041888.0,1602095.0,0.05
SQG,Spackman Equities Group Inc.,Diversified Industries,Finance,Asset Management Services,Asset Management Services,293756362.0,35250764.0,0.12
SPA,Spanish Mountain Gold Ltd,Mining,Materials,Mining,Gold,527302713.0,187192464.0,0.355
SPRQ,Sparq Systems Inc.,CleanTech,Energy,Renewable Energy Producers,Solar Energy,116735112.0,116735112.0,1.0
SPAR,Spartacus Metals Inc.,Mining,Materials,Mining,Industrial Metals,7934297.0,1110802.0,0.14
W,Spartan Metals Corp.,Mining,Materials,Mining,Industrial Metals,54145343.0,29238486.0,0.54
SRI,Sparton Resources Inc.,Mining,Materials,Mining,Industrial Metals,181727252.0,2725909.0,0.015
SPC,SPC Nickel Corp.,Mining,Materials,Mining,Industrial Metals,447323825.0,38022526.0,0.085
SSA,Spectra Products Inc.,Diversified Industries,Consumer Discretionary,Vehicles,Automotive Parts,13055565.0,2480558.0,0.19
SRQ,SRQ Resources Inc.,Mining,Materials,Mining,Industrial Metals,46095650.0,3687652.0,0.08
LORD,St. James Gold Corp.,Mining,Materials,Mining,Gold,39535628.0,2767494.0,0.07
SRC,Stakeholder Gold Corp.,Mining,Materials,Mining,Gold,25922662.0,44068526.0,1.7
STUD,Stallion Uranium Corp.,CleanTech,Energy,Other Energy Sources,Uranium,150132530.0,21769217.0,0.145
SDI,Stampede Drilling Inc.,Oil & Gas,Energy,Oil & Gas Drilling,Oil & Gas Drilling,199941595.0,45986567.0,0.23
STMP,Stamper Oil & Gas Corp.,Oil & Gas,Energy,Oil & Gas Exploration and Production,Oil & Gas Exploration and Production,120192051.0,8413444.0,0.07
SLI,Standard Lithium Ltd.,Mining,Materials,Mining,Industrial Metals,246411248.0,850118806.0,3.45
STND,Standard Uranium Ltd.,CleanTech,Energy,Other Energy Sources,Uranium,159475607.0,11960671.0,0.075
ZIGY,Stardust Metal Corp.,Mining,Materials,Mining,Gold,45230783.0,82320026.0,1.82
SUN,Stardust Solar Energy Inc.,CleanTech,Energy,Renewable Energy Producers,Solar Energy,110793557.0,5539678.0,0.05
STE,Starr Peak Mining Ltd.,Mining,Materials,Mining,Industrial Metals,60125752.0,21645271.0,0.36
SPX,Stellar AfricaGold Inc.,Mining,Materials,Mining,Gold,64970784.0,7146787.0,0.11
SAG,Sterling Metals Corp.,Mining,Materials,Mining,Industrial Metals,46251162.0,57813953.0,1.25
PGE,Stillwater Critical Minerals Corp.,Mining,Materials,Mining,Industrial Metals,312391379.0,142138078.0,0.455
STW,Stockworks Gold Inc.,Mining,Materials,Mining,Gold,21015493.0,1996472.0,0.095
STRM,Storm Exploration Inc.,Mining,Materials,Mining,Precious Metals,28563944.0,14567612.0,0.51
SGE,Strategem Capital Corporation,Diversified Industries,Finance,Asset Management Services,Asset Management Services,9114028.0,6835521.0,0.75
SMD,Strategic Metals Ltd.,Mining,Materials,Mining,Industrial Metals,111055967.0,38314309.0,0.345
SR,Strategic Resources Inc.,Mining,Materials,Mining,Industrial Metals,59027995.0,19479239.0,0.33
SKP,Strikepoint Gold Inc.,Mining,Materials,Mining,Precious Metals,62392382.0,10294744.0,0.165
SKK,Strikewell Energy Corp,Oil & Gas,Energy,Oil & Gas Exploration and Production,Oil & Gas Exploration and Production,8626862.0,992090.0,0.115
SDR,Stroud Resources Ltd.,Oil & Gas,Energy,Oil & Gas Exploration and Production,Oil & Gas Exploration and Production,63623199.0,11452176.0,0.18
STUV,Stuve Gold Corp.,Mining,Materials,Mining,Industrial Metals,41766159.0,21718403.0,0.52
SUGR,Sucro Limited,Diversified Industries,Consumer Staples,Consumer Products - Foods,Sugar & Confectioners,11107999.0,100305231.0,9.03
SUM,Summit Royalties Ltd.,Mining,Materials,Mining,Precious Metals,103615699.0,152315078.0,1.47
PEAK,Sun Peak Metals Corp.,Mining,Materials,Mining,Precious Metals,164442196.0,71532356.0,0.435
SMN,Sun Summit Minerals Corp.,Mining,Materials,Mining,Industrial Metals,320560093.0,46481214.0,0.145
SPZ,SuperBuzz Inc.,Technology,Technology,Software & IT Services,Application Software,20146128.0,503654.0,0.025
SUI,Superior Mining International Corporation,Mining,Materials,Mining,Industrial Metals,78373048.0,2351192.0,0.03
NILI,Surge Battery Metals Inc.,Mining,Materials,Mining,Industrial Metals,314176537.0,317318303.0,1.01
SURG,Surge Copper Corp.,Mining,Materials,Mining,Industrial Metals,388064483.0,273585461.0,0.705
SRGE,Surge Digital Inc.,Diversified Industries,Finance,Capital Markets,Cryptocurrency Exchanges & Trading Platforms,50825831.0,19313816.0,0.38
SYG,Sylla Gold Corp.,Mining,Materials,Mining,Gold,107297832.0,4828403.0,0.045
ESAF,Syntholene Energy Corp.,CleanTech,Energy,Renewable Energy Producers,Diversified Renewable Energy,82638274.0,31402545.0,0.38
TWO,T2 Metals Corp.,Mining,Materials,Mining,Copper,62788808.0,23231859.0,0.37
TAO,TAG Oil Ltd.,Oil & Gas,Energy,Oil & Gas Exploration and Production,Oil & Gas Exploration and Production,341756692.0,32466886.0,0.095
TAJ,Tajiri Resources Corp.,Mining,Materials,Mining,Gold,264882638.0,50327702.0,0.19
TRO,Taranis Resources Inc.,Mining,Materials,Mining,Industrial Metals,104452053.0,12534247.0,0.12
TDG,TDG Gold Corp.,Mining,Materials,Mining,Industrial Metals,280986512.0,137683391.0,0.49
TECT,Tectonic Metals Inc.,Mining,Materials,Mining,Gold,134734053.0,316625025.0,2.35
TELO,Telo Genomics Corp.,Life Sciences,Healthcare,Medical Diagnostics & Screening,Diagnostics & Screening,100430472.0,4017219.0,0.04
TNX,TenX Protocols Inc.,Diversified Industries,Finance,Capital Markets,Cryptocurrency Exchanges & Trading Platforms,63577562.0,6993532.0,0.11
TRR,Terra Rossa Gold Ltd.,Mining,Materials,Mining,Gold,73742203.0,25441061.0,0.345
TES,Tesoro Minerals Corp.,Mining,Materials,Mining,Gold,41444326.0,4558876.0,0.11
TPL,Tethys Petroleum Limited,Oil & Gas,Energy,Oil & Gas Exploration and Production,Oil & Gas Exploration and Production,114857248.0,142422988.0,1.24
TUO,Teuton Resources Corp,Mining,Materials,Mining,Precious Metals,59871881.0,101782198.0,1.7
TGX,TGX Energy & Resources Inc.,Mining,Materials,Mining,Precious Metals,12392450.0,6320150.0,0.51
FRSH,The Fresh Factory B.C. Ltd.,Diversified Industries,Consumer Staples,Consumer Products - Foods,"Canned, Frozen & Preserved Foods",10480577.0,9432520.0,0.9
FTRC,The FUTR Corporation,Technology,Technology,Software & IT Services,Systems Software,152422120.0,21339097.0,0.14
WED,The Westaim Corporation,Diversified Industries,Finance,Asset Management Services,Asset Management Services,33551508.0,637814168.0,19.01
WI,The Western Investment Company of Canada Limited,Diversified Industries,Finance,Asset Management Services,Asset Management Services,167062008.0,178756349.0,1.07
TLT,Theralase Technologies Inc.,Life Sciences,Healthcare,Medical Equipment & Supplies,Surgical & Medical Apparatus,257058334.0,48841084.0,0.19
THRM,Therma Bright Inc.,Life Sciences,Healthcare,Medical Equipment & Supplies,Surgical & Medical Apparatus,61246628.0,2756099.0,0.045
TMG,Thermal Energy International Inc.,Diversified Industries,Industrials,Industrial Goods,Waste & Pollution Control,173114305.0,26832718.0,0.155
TAU,Thesis Gold & Silver Inc.,Mining,Materials,Mining,Precious Metals,279569682.0,1009246553.0,3.61
TTI,"Thiogenesis Therapeutics, Corp.",Life Sciences,Healthcare,Biotechnology & Life Sciences,Biotechnology,69979656.0,36389422.0,0.52
TRCG,Thistle Resources Inc.,Mining,Materials,Mining,Industrial Metals,60658093.0,13648071.0,0.225
THX,Thor Explorations Ltd,Mining,Materials,Mining,Gold,666573136.0,919870928.0,1.38
TCCM,Three Crowns Critical Metals Inc.,Mining,Materials,Mining,Industrial Metals,6581489.0,3027485.0,0.46
YAY,THS Maple Holdings Ltd.,Diversified Industries,Consumer Staples,Consumer Products - Foods,"Canned, Frozen & Preserved Foods",60999100.0,7624888.0,0.125
TGOL,Thunder Gold Corp.,Mining,Materials,Mining,Industrial Metals,319162121.0,56651277.0,0.1775
THM,"Thunder Mountain Gold, Inc.",Mining,Materials,Mining,Precious Metals,83255579.0,101571807.0,1.22
BIRD,Thunderbird Minerals Corp.,Mining,Materials,Mining,Precious Metals,54318036.0,9777247.0,0.18
AWE,Thunderstruck Resources Ltd.,Mining,Materials,Mining,Industrial Metals,71071206.0,10660681.0,0.15
TSLV,Tier One Silver Inc.,Mining,Materials,Mining,Precious Metals,258732856.0,20698629.0,0.08
TNGD,Tiernan Gold Corp.,Mining,Materials,Mining,Gold,48215944.0,384281074.0,7.97
TIGR,Tiger Gold Corp.,Mining,Materials,Mining,Gold,105676498.0,94052084.0,0.89
TK,Tinka Resources Limited,Mining,Materials,Mining,Industrial Metals,133772553.0,65548551.0,0.49
TORC,Tinone Resources Inc.,Mining,Materials,Mining,Industrial Metals,21890585.0,1094530.0,0.05
TTS,Tintina Mines Ltd.,Mining,Materials,Mining,Industrial Metals,149644251.0,404039478.0,2.7
TLA,Titan Logix Corp.,Diversified Industries,Industrials,Industrial Goods,Specialized Industrial Machinery,26794724.0,13933257.0,0.52
TITI,Titiminas Silver Inc.,Mining,Materials,Mining,Silver,37340773.0,31739658.0,0.85
TNR,TNR Gold Corp.,Mining,Materials,Mining,Industrial Metals,243981780.0,70754717.0,0.29
LOT,TomaGold Corporation,Mining,Materials,Mining,Gold,312299193.0,10930472.0,0.035
TBLL,Tombill Mines Limited,Mining,Materials,Mining,Gold,292453997.0,16084970.0,0.055
TGC,TooGood Gold Corp.,Mining,Materials,Mining,Gold,87554678.0,8755468.0,0.1
TOI,Topicus.com Inc.,Technology,Technology,Software & IT Services,Systems Software,83528873.0,7975336795.0,95.48
TORQ,Torq Resources Inc.,Mining,Materials,Mining,Industrial Metals,185897146.0,11153829.0,0.06
TMET,Torr Metals Inc.,Mining,Materials,Mining,Industrial Metals,84024953.0,11343369.0,0.135
TORR,Torrent Capital Ltd.,Diversified Industries,Finance,Asset Management Services,Asset Management Services,38090224.0,23615939.0,0.62
TT,Total Metals Corp.,Mining,Materials,Mining,Gold,59315766.0,12159733.0,0.205
TTZ,Total Telcom Inc.,Technology,Technology,Hardware & Equipment,Communications Equipment,26563015.0,14609659.0,0.55
TOTC,Totec Resources Ltd.,Mining,Materials,Mining,Industrial Metals,38645525.0,23187315.0,0.6
TWR,Tower Resources Ltd.,Mining,Materials,Mining,Industrial Metals,183282352.0,27492353.0,0.15
TBK,Trailbreaker Resources Ltd.,Mining,Materials,Mining,Gold,53339834.0,25603121.0,0.48
TTG,Trans Canada Gold Corp.,Oil & Gas,Energy,Oil & Gas Exploration and Production,Oil & Gas Exploration and Production,58729839.0,12333267.0,0.21
TCO,Transatlantic Mining Corp.,Mining,Materials,Mining,Industrial Metals,86639916.0,4331996.0,0.05
XTM,Transition Metals Corp.,Mining,Materials,Mining,Industrial Metals,87466826.0,5248010.0,0.06
OCEN,Transoceanic Investments Inc.,Mining,Materials,Mining,Industrial Metals,169292585.0,10157556.0,0.06
TRS,Tres-Or Resources Ltd.,Mining,Materials,Mining,Precious Metals,25233863.0,1387863.0,0.055
TRBE,Tribe Property Technologies Inc.,Diversified Industries,Real Estate,Real Estate,Real Estate Services,50020740.0,10004148.0,0.2
TRBC,Tribeca Resources Corporation,Mining,Materials,Mining,Copper,97437779.0,22897879.0,0.235
ROCK,Trident Resources Corp.,Mining,Materials,Mining,Industrial Metals,39889873.0,182296720.0,4.57
TG,Trifecta Gold Ltd.,Mining,Materials,Mining,Gold,56451721.0,9879052.0,0.175
TOM,Trinity One Metals Ltd.,Mining,Materials,Mining,Copper,67234879.0,12774628.0,0.19
TSG,TriStar Gold Inc.,Mining,Materials,Mining,Gold,397541940.0,83483808.0,0.21
TIG,Triumph Gold Corp.,Mining,Materials,Mining,Industrial Metals,72128762.0,54096572.0,0.75
TR,Troubadour Resources Inc.,Mining,Materials,Mining,Industrial Metals,7006857.0,840823.0,0.12
TRU,TRU Precious Metals Corp.,Mining,Materials,Mining,Gold,164421818.0,6576873.0,0.04
TBIX,Trustbix Inc.,Technology,Technology,Software & IT Services,Application Software,139209330.0,696047.0,0.005
TSD,Tsodilo Resources Limited,Mining,Materials,Mining,Precious Metals,66678963.0,5334318.0,0.08
TUD,Tudor Gold Corp.,Mining,Materials,Mining,Gold,412304158.0,408181117.0,0.99
TUK,Tuktu Resources Ltd.,Oil & Gas,Energy,Oil & Gas Exploration and Production,Oil & Gas Exploration and Production,265563548.0,5311271.0,0.02
TTGI,Turnium Technology Group Inc.,Technology,Technology,Software & IT Services,Systems Software,213105657.0,8524227.0,0.04
TVI,Tvi Pacific Inc.,Mining,Materials,Mining,Industrial Metals,728587039.0,32786417.0,0.045
MILE,Twenty Mile Metals Inc.,Mining,Materials,Mining,Industrial Metals,10200000.0,1224000.0,0.12
UTWO,U92 Energy Corp.,CleanTech,Energy,Other Energy Sources,Uranium,44891418.0,17507654.0,0.39
UCU,Ucore Rare Metals Inc.,Mining,Materials,Mining,Industrial Metals,117117586.0,302163372.0,2.58
UGD,Unigold Inc.,Mining,Materials,Mining,Gold,339303817.0,81432917.0,0.24
USS,Uniserve Communications Corporation,Diversified Industries,Media,Telecommunications,Telecommunication Services,42086517.0,31564888.0,0.75
UIG,Urban Infrastructure Group Inc.,Diversified Industries,Industrials,Construction,Engineering & Construction Services,104512917.0,3135388.0,0.03
UFC,Urbanfund Corp.,Diversified Industries,Real Estate,Real Estate,Diversified Real Estate Activities,53960669.0,46945783.0,0.87
URZ,URZ3 Energy Corp.,CleanTech,Energy,Other Energy Sources,Uranium,52327795.0,10727198.0,0.205
USCU,US Copper Corp.,Mining,Materials,Mining,Copper,160327961.0,21644275.0,0.135
USHA,Usha Resources Ltd.,Mining,Materials,Mining,Industrial Metals,92231586.0,4150422.0,0.045
VTEN,V Ten Metals Corp.,Mining,Materials,Mining,Industrial Metals,25609138.0,20999494.0,0.82
VZZ,Val-d'Or Mining Corporation,Mining,Materials,Mining,Industrial Metals,108390738.0,26555731.0,0.245
VMXX,Valhalla Metals Inc.,Mining,Materials,Mining,Industrial Metals,151140901.0,114867085.0,0.76
OZ,Valkea Resources Corp.,Mining,Materials,Mining,Gold,85990967.0,28377020.0,0.33
VO,Valore Metals Corp.,CleanTech,Energy,Other Energy Sources,Uranium,254954066.0,17846785.0,0.07
VRB,Vanadiumcorp Resource Inc.,Mining,Materials,Mining,Industrial Metals,26414878.0,2113191.0,0.08
VCV,Vatic Ventures Corp,Mining,Materials,Mining,Industrial Metals,41351394.0,3101355.0,0.075
KNOX,Vault Strategic Mining Corp.,Mining,Materials,Mining,Precious Metals,15428495.0,3857124.0,0.25
VXL,Vaxil Bio Ltd.,Life Sciences,Healthcare,Biotechnology & Life Sciences,Biotechnology,3984021.0,637444.0,0.16
PAIN,Vector Science and Therapeutics Corp.,Life Sciences,Healthcare,Biotechnology & Life Sciences,Biotechnology,156364180.0,323673853.0,2.07
VLC,Velocity Minerals Ltd.,Mining,Materials,Mining,Gold,204632857.0,38880243.0,0.19
VLX,Velox Energy Materials Inc.,Mining,Materials,Mining,Industrial Metals,178592544.0,4464814.0,0.025
VTT,Vendetta Mining Corp,Mining,Materials,Mining,Industrial Metals,362689057.0,5440336.0,0.015
VENT,Ventra Metals Corp.,Mining,Materials,Mining,Industrial Metals,16172328.0,2911020.0,0.18
VPT,VentriPoint Diagnostics Ltd.,Life Sciences,Healthcare,Medical Equipment & Supplies,Surgical & Medical Apparatus,192777941.0,19277795.0,0.1
V,Verdera Energy Corp.,CleanTech,Energy,Other Energy Sources,Uranium,75757993.0,29166828.0,0.385
VTX,Vertex Resource Group Ltd.,Diversified Industries,Industrials,Waste Management,Waste Management,112026890.0,19044572.0,0.17
VERT,Vertical Exploration Inc.,Mining,Materials,Mining,Industrial Metals,152904053.0,3822602.0,0.025
VLD,Vinland Lithium Inc.,Mining,Materials,Mining,Industrial Metals,10055252.0,4424311.0,0.44
VIO,Vior Gold Corporation Inc.,Mining,Materials,Mining,Gold,416229979.0,41622998.0,0.1
VQS,VIQ Solutions Inc.,Technology,Technology,Software & IT Services,Application Software,70462155.0,8807770.0,0.125
VML,Viscount Mining Corp.,Mining,Materials,Mining,Precious Metals,134898623.0,65425833.0,0.485
VGD,Visible Gold Mines Inc.,Mining,Materials,Mining,Gold,38655164.0,6378103.0,0.165
VLI,Vision Lithium Inc.,Mining,Materials,Mining,Industrial Metals,293019151.0,4395288.0,0.015
VCG,Visionary Copper and Gold Mines Inc.,Mining,Materials,Mining,Industrial Metals,23788839.0,37110589.0,1.56
VIZ,Visionary Metals Corp.,Mining,Materials,Mining,Precious Metals,68301176.0,14343247.0,0.21
VIS,Visionstate Corp.,Technology,Technology,Software & IT Services,IT Services,258326335.0,5166527.0,0.02
VUX,Vital Energy Inc.,Oil & Gas,Energy,Oil & Gas Exploration and Production,Oil & Gas Exploration and Production,82699971.0,9923997.0,0.12
VITA,Vitalist Inc.,Technology,Technology,Hardware & Equipment,Consumer Electronics,66763533.0,38722850.0,0.58
VPI,Vitality Products Inc.,Life Sciences,Consumer Staples,Consumer Products - Healthcare,Consumer Healthcare Products,41411285.0,828226.0,0.02
VCI,Vitreous Glass Inc,Diversified Industries,Industrials,Waste Management,Waste Management,6356050.0,44174548.0,6.95
VAU,Viva Gold Corp.,Mining,Materials,Mining,Gold,172107102.0,38724098.0,0.225
VCU,Vizsla Copper Corp.,Mining,Materials,Mining,Copper,90129468.0,141503265.0,1.57
VROY,Vizsla Royalties Corp.,Mining,Materials,Mining,Precious Metals,71158498.0,307404712.0,4.32
VG,Volcanic Gold Mines Inc.,Mining,Materials,Mining,Gold,59419542.0,6239052.0,0.105
VCT,Volt Carbon Technologies Inc.,Mining,Materials,Mining,Industrial Metals,303702222.0,18222134.0,0.06
VMS,Vortex Metals Inc.,Mining,Materials,Mining,Precious Metals,135359168.0,5414367.0,0.04
VM,Voyageur Pharmaceuticals Ltd.,Life Sciences,Healthcare,Pharmaceuticals,Pharmaceutical Manufacturers - Specialty & Generic,226342352.0,37346489.0,0.165
VRR,VR Resources Ltd.,Mining,Materials,Mining,Industrial Metals,39785279.0,16908744.0,0.425
VUL,Vulcan Minerals Inc,Mining,Materials,Mining,Industrial Metals,129902398.0,53259984.0,0.41
VVTM,VVT Med Inc.,Life Sciences,Healthcare,Medical Equipment & Supplies,Surgical & Medical Apparatus,72687346.0,13810596.0,0.19
WRR,Walker River Resources Corp.,Mining,Materials,Mining,Gold,62782862.0,19462688.0,0.31
WWT,Water Ways Technologies Inc.,Diversified Industries,Industrials,Industrial Machinery,Agricultural & Heavy Equipment,14878533.0,371964.0,0.025
WAVE,Waverley Pharma Inc.,Life Sciences,Healthcare,Biotechnology & Life Sciences,Biotechnology,54000000.0,810000.0,0.015
WML,Wealth Minerals Ltd,Mining,Materials,Mining,Industrial Metals,381938191.0,30555056.0,0.08
WCE,Wescan Energy Corp.,Oil & Gas,Energy,Oil & Gas Exploration and Production,Oil & Gas Exploration and Production,45147958.0,5869235.0,0.13
WGF,Wescan Goldfields Inc.,Mining,Materials,Mining,Gold,77118557.0,13110155.0,0.17
WHY,West High Yield (W.H.Y.) Resources Ltd,Mining,Materials,Mining,Industrial Metals,124961789.0,37488537.0,0.3
WPG,West Point Gold Corp.,Mining,Materials,Mining,Precious Metals,137475762.0,204838886.0,1.49
WRLG,West Red Lake Gold Mines Ltd.,Mining,Materials,Mining,Gold,413947977.0,360134740.0,0.87
WVM,West Vault Mining Inc.,Mining,Materials,Mining,Gold,58075566.0,112085843.0,1.93
WBE,WestBond Enterprises Corporation,Diversified Industries,Materials,Forestry,Paper Products,35625800.0,9262708.0,0.26
WEB,Westbridge Renewable Energy Corp.,Diversified Industries,Utilities,Independent Power Producers,Independent Power Producers,26297463.0,28664235.0,1.09
WEX,Western Exploration Inc.,Mining,Materials,Mining,Precious Metals,62427269.0,36832089.0,0.59
WGLD,Western Gold Exploration Ltd.,Mining,Materials,Mining,Gold,42481573.0,5097789.0,0.12
WMS,Western Metallica Resources Corp.,Mining,Materials,Mining,Gold,2812060.0,351508.0,0.125
WP,Western Pacific Trust Company,Diversified Industries,Finance,Asset Management Services,Asset Management Services,26293558.0,3812566.0,0.145
WGT,Westgate Energy Inc.,Oil & Gas,Energy,Oil & Gas Exploration and Production,Oil & Gas Exploration and Production,79315702.0,20622083.0,0.26
WHN,Westhaven Gold Corp.,Mining,Materials,Mining,Gold,261489718.0,100673542.0,0.385
WGO,White Gold Corp.,Mining,Materials,Mining,Gold,223007988.0,508458213.0,2.28
WMK,Whitemud Resources Inc,Mining,Materials,Mining,Industrial Metals,34026300.0,4933814.0,0.145
YTY,Wi2Wi Corporation,Technology,Technology,Hardware & Equipment,Communications Equipment,198233013.0,17840972.0,0.09
WSK,Wildsky Resources Inc.,Mining,Materials,Mining,Gold,56243141.0,7874040.0,0.14
WIL,Wilton Resources Inc,Oil & Gas,Energy,Oil & Gas Exploration and Production,Oil & Gas Exploration and Production,81770679.0,19624963.0,0.24
WEC,Winchester Equity Corporation,Diversified Industries,Finance,Asset Management Services,Asset Management Services,112463854.0,1686958.0,0.015
WINS,Winshear Metals Corp.,Mining,Materials,Mining,Gold,69451965.0,6945197.0,0.1
WISH,Wishpond Technologies Ltd.,Technology,Technology,Software & IT Services,Application Software,54976149.0,7696661.0,0.14
WLF,Wolfden Resources Corporation,Mining,Materials,Mining,Industrial Metals,189817648.0,13287236.0,0.07
WCU,World Copper Ltd.,Mining,Materials,Mining,Copper,13151545.0,2367279.0,0.18
XGC,Xali Gold Corp.,Mining,Materials,Mining,Precious Metals,169316474.0,38096207.0,0.225
GIG,XAU Resources Inc.,Mining,Materials,Mining,Gold,16761500.0,8380750.0,0.5
XIM,Ximen Mining Corp.,Mining,Materials,Mining,Gold,70466465.0,5284985.0,0.075
XPLR,Xplore Resources Corp.,Mining,Materials,Mining,Industrial Metals,52601505.0,1315038.0,0.025
XXIX,XXIX Metal Corp.,Mining,Materials,Mining,Copper,419033481.0,77521194.0,0.185
XL,XXL Energy Corp,Oil & Gas,Energy,Oil & Gas Exploration and Production,Oil & Gas Exploration and Production,7252943.0,1015413.0,0.14
YOO,Yangaroo Inc.,Diversified Industries,Media,Interactive Multi-Media,Online Content & Information,63576462.0,6357647.0,0.1
YNV,Ynvisible Interactive Inc.,Technology,Technology,Hardware & Equipment,Electronic Parts & Equipment Manufacture,164506317.0,12337974.0,0.075
YEG,Yorkton Equity Group Inc.,Diversified Industries,Real Estate,Real Estate,Diversified Real Estate Activities,112628074.0,11825948.0,0.105
ZAC,Zacatecas Silver Corp.,Mining,Materials,Mining,Silver,218898476.0,14228401.0,0.065
ZBNI,ZEB Nickel Corp.,Mining,Materials,Mining,Industrial Metals,55653930.0,4452315.0,0.08
ZDC,Zedcor Inc.,Diversified Industries,Industrials,Corporate Services,Security Services,112789397.0,554923834.0,4.92
ZEN,Zentek Ltd.,Life Sciences,Healthcare,Medical Equipment & Supplies,Medical  Supplies,126619532.0,98763235.0,0.78
ZFR,Zephyr Minerals Ltd.,Mining,Materials,Mining,Gold,92836985.0,4641850.0,0.05
ZCT,Zero Candida Technologies Inc.,Life Sciences,Healthcare,Medical Equipment & Supplies,Surgical & Medical Apparatus,19627856.0,2944179.0,0.15
ZC,Zimtu Capital Corp.,Diversified Industries,Finance,Asset Management Services,Asset Management Services,17119873.0,7532745.0,0.44
ZNX,Zincx Resources Corp.,Mining,Materials,Mining,Industrial Metals,187896141.0,44155594.0,0.235
ZAU,Zodiac Gold Inc.,Mining,Materials,Mining,Gold,184530826.0,60895173.0,0.33
ZONE,Zonetail Inc.,Technology,Technology,Software & IT Services,Application Software,327565907.0,3275660.0,0.01
ZON,Zonte Metals Inc.,Mining,Materials,Mining,Gold,85104105.0,11063534.0,0.13
ZMA,ZoomAway Technologies Inc.,Diversified Industries,Consumer Discretionary,"Hotels, Lodging & Leisure",Travel & Tourism,19331032.0,1353173.0,0.07
ZOMD,Zoomd Technologies Ltd.,Technology,Technology,Software & IT Services,Application Software,101153059.0,44507346.0,0.44
